Seq_1	otu001046	87.251	251	30	2	1	250	544	793	1.79e-77	285
Seq_2	otu004214	92.885	253	18	0	1	253	540	792	1.73e-102	368
Seq_3	otu004214	92.490	253	19	0	1	253	540	792	8.04e-101	363
Seq_4	otu004214	93.281	253	17	0	1	253	540	792	3.71e-104	374
Seq_5	otu004214	92.885	253	18	0	1	253	540	792	1.73e-102	368
Seq_6	otu004214	92.490	253	19	0	1	253	540	792	8.04e-101	363
Seq_7	otu004214	93.676	253	16	0	1	253	540	792	7.98e-106	379
Seq_8	otu004214	92.885	253	18	0	1	253	540	792	1.73e-102	368
Seq_9	otu004214	92.095	253	20	0	1	253	540	792	3.74e-99	357
Seq_10	otu004214	89.328	253	27	0	1	253	540	792	1.77e-87	318
Seq_11	otu004214	88.538	253	29	0	1	253	540	792	3.82e-84	307
Seq_12	otu004214	89.328	253	27	0	1	253	540	792	1.77e-87	318
Seq_13	otu004214	88.538	253	29	0	1	253	540	792	3.82e-84	307
Seq_14	otu004214	99.209	253	2	0	1	253	540	792	3.59e-129	457
Seq_15	otu004214	96.443	253	9	0	1	253	540	792	1.69e-117	418
Seq_16	otu004214	94.862	253	13	0	1	253	540	792	7.93e-111	396
Seq_17	otu004214	95.257	253	12	0	1	253	540	792	1.70e-112	401
Seq_18	otu004214	94.466	253	14	0	1	253	540	792	3.69e-109	390
Seq_19	otu004214	96.838	253	8	0	1	253	540	792	3.64e-119	424
Seq_20	otu004214	96.838	253	8	0	1	253	540	792	3.64e-119	424
Seq_21	otu004214	94.466	253	14	0	1	253	540	792	3.69e-109	390
Seq_22	otu004214	94.071	253	15	0	1	253	540	792	1.72e-107	385
Seq_23	otu004214	92.490	253	19	0	1	253	540	792	8.04e-101	363
Seq_24	otu004214	92.490	253	19	0	1	253	540	792	8.04e-101	363
Seq_25	otu004214	92.095	253	20	0	1	253	540	792	3.74e-99	357
Seq_26	otu004214	92.490	253	19	0	1	253	540	792	8.04e-101	363
Seq_27	otu004214	94.862	253	13	0	1	253	540	792	7.93e-111	396
Seq_28	otu004214	95.652	253	11	0	1	253	540	792	3.66e-114	407
Seq_29	otu004214	96.047	253	10	0	1	253	540	792	7.87e-116	412
Seq_30	otu004214	95.652	253	11	0	1	253	540	792	3.66e-114	407
Seq_31	otu004214	92.520	254	17	2	1	253	540	792	8.04e-101	363
Seq_32	otu004214	92.126	254	18	2	1	253	540	792	3.74e-99	357
Seq_33	otu004214	93.281	253	17	0	1	253	540	792	3.71e-104	374
Seq_34	otu004214	94.862	253	13	0	1	253	540	792	7.93e-111	396
Seq_35	otu004214	94.071	253	15	0	1	253	540	792	1.72e-107	385
Seq_36	otu004214	93.676	253	16	0	1	253	540	792	7.98e-106	379
Seq_37	otu001771	92.885	253	18	0	1	253	541	793	1.73e-102	368
Seq_38	otu003807	92.549	255	15	4	1	253	536	788	8.04e-101	363
Seq_39	otu003807	92.157	255	16	4	1	253	536	788	3.74e-99	357
Seq_40	otu003807	91.373	255	18	4	1	253	536	788	8.10e-96	346
Seq_41	otu003807	92.157	255	16	4	1	253	536	788	3.74e-99	357
Seq_42	otu001771	91.700	253	21	0	1	253	541	793	1.74e-97	351
Seq_43	otu000002	92.095	253	20	0	1	253	542	794	3.74e-99	357
Seq_44	otu001771	91.700	253	21	0	1	253	541	793	1.74e-97	351
Seq_45	otu001966	91.765	255	17	4	1	253	528	780	1.74e-97	351
Seq_46	otu001966	91.373	255	18	4	1	253	528	780	8.10e-96	346
Seq_47	otu001966	91.765	255	17	4	1	253	528	780	1.74e-97	351
Seq_48	otu003807	91.373	255	18	4	1	253	536	788	8.10e-96	346
Seq_49	otu003807	91.765	255	17	4	1	253	536	788	1.74e-97	351
Seq_50	otu003807	91.765	255	17	4	1	253	536	788	1.74e-97	351
Seq_51	otu003807	90.980	255	19	4	1	253	536	788	3.77e-94	340
Seq_52	otu001966	91.765	255	17	4	1	253	528	780	1.74e-97	351
Seq_53	otu001966	92.157	255	16	4	1	253	528	780	3.74e-99	357
Seq_54	otu001966	92.157	255	16	4	1	253	528	780	3.74e-99	357
Seq_55	otu001966	92.549	255	15	4	1	253	528	780	8.04e-101	363
Seq_56	otu001966	92.941	255	14	4	1	253	528	780	1.73e-102	368
Seq_57	otu001771	92.913	254	16	2	1	253	541	793	1.73e-102	368
Seq_58	otu001771	92.913	254	16	2	1	253	541	793	1.73e-102	368
Seq_59	otu001771	93.701	254	14	2	1	253	541	793	7.98e-106	379
Seq_60	otu001771	93.307	254	15	2	1	253	541	793	3.71e-104	374
Seq_61	otu003807	92.095	253	20	0	1	253	536	788	3.74e-99	357
Seq_62	otu000064	92.490	253	19	0	1	253	538	790	8.04e-101	363
Seq_63	otu000064	92.490	253	19	0	1	253	538	790	8.04e-101	363
Seq_64	otu002727	92.520	254	17	2	1	253	538	790	8.04e-101	363
Seq_65	otu002727	92.520	254	17	2	1	253	538	790	8.04e-101	363
Seq_66	otu000064	92.520	254	17	2	1	253	538	790	8.04e-101	363
Seq_67	otu000064	92.126	254	18	2	1	253	538	790	3.74e-99	357
Seq_68	otu000064	92.126	254	18	2	1	253	538	790	3.74e-99	357
Seq_69	otu001771	91.765	255	17	4	1	253	541	793	1.74e-97	351
Seq_70	otu001771	92.157	255	16	4	1	253	541	793	3.74e-99	357
Seq_71	otu000799	90.588	255	20	4	1	253	542	794	1.75e-92	335
Seq_72	otu002323	92.490	253	19	0	1	253	538	790	8.04e-101	363
Seq_73	otu003807	93.281	253	17	0	1	253	536	788	3.71e-104	374
Seq_74	otu002727	94.071	253	15	0	1	253	538	790	1.72e-107	385
Seq_75	otu002727	93.676	253	16	0	1	253	538	790	7.98e-106	379
Seq_76	otu000799	93.676	253	16	0	1	253	542	794	7.98e-106	379
Seq_77	otu002727	93.676	253	16	0	1	253	538	790	7.98e-106	379
Seq_78	otu002727	99.605	253	1	0	1	253	538	790	7.71e-131	462
Seq_79	otu000064	100.000	253	0	0	1	253	538	790	1.66e-132	468
Seq_80	otu000064	99.605	253	1	0	1	253	538	790	7.71e-131	462
Seq_81	otu002727	98.419	253	4	0	1	253	538	790	7.76e-126	446
Seq_82	otu002727	98.024	253	5	0	1	253	538	790	3.61e-124	440
Seq_83	otu002323	90.514	253	24	0	1	253	538	790	1.75e-92	335
Seq_84	otu002727	90.945	254	21	2	1	253	538	790	3.77e-94	340
Seq_85	otu002727	90.909	253	23	0	1	253	538	790	3.77e-94	340
Seq_86	otu003483	98.814	253	3	0	1	253	538	790	1.67e-127	451
Seq_87	otu003483	98.419	253	4	0	1	253	538	790	7.76e-126	446
Seq_88	otu003483	98.419	253	4	0	1	253	538	790	7.76e-126	446
Seq_89	otu003483	98.024	253	5	0	1	253	538	790	3.61e-124	440
Seq_90	otu003877	98.419	253	4	0	1	253	536	788	7.76e-126	446
Seq_91	otu000064	91.700	253	21	0	1	253	538	790	1.74e-97	351
Seq_92	otu000064	91.304	253	22	0	1	253	538	790	8.10e-96	346
Seq_93	otu000841	93.676	253	16	0	1	253	537	789	7.98e-106	379
Seq_94	otu000064	92.857	252	18	0	2	253	539	790	6.22e-102	366
Seq_95	otu001771	94.094	254	11	4	2	253	542	793	6.17e-107	383
Seq_96	otu001771	93.307	254	13	4	2	253	542	793	1.34e-103	372
Seq_97	otu001771	93.701	254	12	4	2	253	542	793	2.87e-105	377
Seq_98	otu001771	93.701	254	12	4	2	253	542	793	2.87e-105	377
Seq_99	otu001771	93.701	254	12	4	2	253	542	793	2.87e-105	377
Seq_100	otu004214	88.583	254	27	2	1	253	540	792	3.82e-84	307
Seq_101	otu004214	87.747	253	31	0	1	253	540	792	8.27e-81	296
Seq_102	otu004214	91.700	253	21	0	1	253	540	792	1.74e-97	351
Seq_103	otu004214	90.119	253	25	0	1	253	540	792	8.15e-91	329
Seq_104	otu004214	89.723	253	26	0	1	253	540	792	3.79e-89	324
Seq_105	otu004214	90.945	254	21	2	1	253	540	792	3.77e-94	340
Seq_106	otu004214	90.119	253	25	0	1	253	540	792	8.15e-91	329
Seq_107	otu004214	90.514	253	24	0	1	253	540	792	1.75e-92	335
Seq_108	otu004214	86.275	255	31	4	1	253	540	792	3.88e-74	274
Seq_109	otu000836	88.142	253	30	0	1	253	540	792	1.78e-82	302
Seq_110	otu000907	88.538	253	29	0	1	253	544	796	3.82e-84	307
Seq_111	otu000907	89.328	253	27	0	1	253	544	796	1.77e-87	318
Seq_112	otu002255	87.352	253	32	0	1	253	542	794	3.85e-79	291
Seq_113	otu002255	86.561	253	34	0	1	253	542	794	8.33e-76	279
Seq_114	otu000167	89.844	256	20	6	1	253	546	798	3.79e-89	324
Seq_115	otu004379	90.157	254	23	2	1	253	541	793	8.15e-91	329
Seq_116	otu000167	89.453	256	21	6	1	253	546	798	1.77e-87	318
Seq_117	otu003637	87.795	254	29	2	1	253	484	736	8.27e-81	296
Seq_118	otu002913	88.976	254	26	2	1	253	544	796	8.21e-86	313
Seq_119	otu001235	89.723	253	26	0	1	253	543	795	3.79e-89	324
Seq_120	otu000167	90.551	254	22	2	1	253	546	798	1.75e-92	335
Seq_121	otu000167	89.804	255	22	4	1	253	546	798	3.79e-89	324
Seq_122	otu001014	89.370	254	25	2	1	253	544	796	1.77e-87	318
Seq_123	otu001014	89.370	254	25	2	1	253	544	796	1.77e-87	318
Seq_124	otu001014	89.764	254	24	2	1	253	544	796	3.79e-89	324
Seq_125	otu002140	87.451	255	28	4	1	253	525	777	3.85e-79	291
Seq_126	otu001010	88.235	255	26	4	1	253	474	726	1.78e-82	302
Seq_127	otu002449	88.400	250	25	4	6	253	494	741	2.30e-81	298
Seq_128	otu002449	89.919	248	25	0	6	253	494	741	4.91e-88	320
Seq_129	otu002449	88.710	248	28	0	6	253	494	741	4.94e-83	303
Seq_130	otu002449	88.710	248	28	0	6	253	494	741	4.94e-83	303
Seq_131	otu002449	89.516	248	26	0	6	253	494	741	2.28e-86	315
Seq_132	otu001032	86.454	251	32	2	1	250	486	735	3.88e-74	274
Seq_133	otu000442	87.843	255	27	4	1	253	538	790	8.27e-81	296
Seq_134	otu001014	86.957	253	33	0	1	253	544	796	1.79e-77	285
Seq_135	otu003962	81.250	256	42	6	1	253	540	792	1.85e-52	202
Seq_136	otu000756	82.000	250	35	10	6	250	494	738	5.16e-53	204
Seq_137	otu000421	81.600	250	44	2	2	250	514	762	1.43e-53	206
Seq_138	otu003140	83.267	251	38	4	2	250	548	796	3.06e-60	228
Seq_139	otu003140	83.665	251	37	4	2	250	548	796	6.58e-62	233
Seq_140	otu001706	81.200	250	45	2	2	250	549	797	6.67e-52	200
Seq_141	otu004491	85.317	252	33	4	1	250	534	783	3.90e-69	257
Seq_142	otu002492	85.490	255	31	6	2	253	504	755	3.02e-70	261
Seq_143	otu004491	85.039	254	30	6	1	250	534	783	1.82e-67	252
Seq_144	otu001706	86.831	243	26	5	11	250	558	797	6.48e-72	267
Seq_145	otu002911	87.137	241	29	2	11	250	557	796	1.39e-73	272
Seq_146	otu002539	87.295	244	23	8	11	250	552	791	1.39e-73	272
Seq_147	otu001706	87.190	242	27	4	11	250	558	797	1.39e-73	272
Seq_148	otu001706	88.430	242	24	4	11	250	558	797	1.38e-78	289
Seq_149	otu001706	88.843	242	23	4	11	250	558	797	2.97e-80	294
Seq_150	otu001706	89.212	241	24	2	11	250	558	797	6.39e-82	300
Seq_151	otu001706	89.300	243	20	5	11	250	558	797	6.39e-82	300
Seq_152	otu001706	88.889	243	21	5	11	250	558	797	2.97e-80	294
Seq_153	otu001706	88.477	243	22	5	11	250	558	797	1.38e-78	289
Seq_154	otu001706	89.712	243	19	5	11	250	558	797	1.37e-83	305
Seq_155	otu004481	88.525	244	27	1	1	243	540	783	2.97e-80	294
Seq_156	otu003765	85.039	254	34	4	2	253	554	805	1.40e-68	255
Seq_157	otu000798	82.677	254	43	1	1	253	536	789	3.96e-59	224
Seq_158	otu001596	88.627	255	23	6	2	253	515	766	1.37e-83	305
Seq_159	otu001596	88.142	253	28	2	2	253	515	766	6.39e-82	300
Seq_160	otu001596	87.352	253	30	2	2	253	515	766	1.38e-78	289
Seq_161	otu003184	87.302	252	32	0	2	253	501	752	1.38e-78	289
Seq_162	otu001596	85.317	252	37	0	2	253	515	766	3.02e-70	261
Seq_163	otu001596	86.220	254	31	4	2	253	515	766	1.39e-73	272
Seq_164	otu001596	88.538	253	27	2	2	253	515	766	1.37e-83	305
Seq_165	otu001596	88.142	253	28	2	2	253	515	766	6.39e-82	300
Seq_166	otu001596	87.008	254	29	4	2	253	515	766	6.44e-77	283
Seq_167	otu001596	90.873	252	23	0	2	253	515	766	1.35e-93	339
Seq_168	otu001596	90.476	252	24	0	2	253	515	766	6.30e-92	333
Seq_169	otu003184	90.873	252	23	0	2	253	501	752	1.35e-93	339
Seq_170	otu001596	91.667	252	21	0	2	253	515	766	6.26e-97	350
Seq_171	otu001596	90.551	254	20	4	2	253	515	766	6.30e-92	333
Seq_172	otu001596	90.476	252	24	0	2	253	515	766	6.30e-92	333
Seq_173	otu001596	88.976	254	24	4	2	253	515	766	2.95e-85	311
Seq_174	otu001596	87.795	254	28	3	2	254	515	766	2.99e-80	294
Seq_175	otu001596	89.286	252	27	0	2	253	515	766	6.35e-87	316
Seq_176	otu001596	91.270	252	22	0	2	253	515	766	2.91e-95	344
Seq_177	otu001596	89.328	253	25	2	2	253	515	766	6.35e-87	316
Seq_178	otu001596	90.119	253	23	2	2	253	515	766	2.93e-90	327
Seq_179	otu001596	88.538	253	27	2	2	253	515	766	1.37e-83	305
Seq_180	otu001596	87.352	253	30	2	2	253	515	766	1.38e-78	289
Seq_181	otu001596	86.111	252	35	0	2	253	515	766	1.39e-73	272
Seq_182	otu001596	86.905	252	33	0	2	253	515	766	6.44e-77	283
Seq_183	otu001596	85.714	252	36	0	2	253	515	766	6.48e-72	267
Seq_184	otu001596	86.905	252	33	0	2	253	515	766	6.44e-77	283
Seq_185	otu001596	87.747	253	29	2	2	253	515	766	2.97e-80	294
Seq_186	otu002183	83.333	252	42	0	2	253	506	757	6.58e-62	233
Seq_187	otu001596	92.460	252	19	0	2	253	515	766	2.89e-100	361
Seq_188	otu001596	89.328	253	25	2	2	253	515	766	6.35e-87	316
Seq_189	otu001596	91.667	252	21	0	2	253	515	766	6.26e-97	350
Seq_190	otu001596	90.873	252	23	0	2	253	515	766	1.35e-93	339
Seq_191	otu001596	91.667	252	21	0	2	253	515	766	6.26e-97	350
Seq_192	otu001596	91.270	252	22	0	2	253	515	766	2.91e-95	344
Seq_193	otu001596	91.270	252	22	0	2	253	515	766	2.91e-95	344
Seq_194	otu001596	91.270	252	22	0	2	253	515	766	2.91e-95	344
Seq_195	otu001596	91.270	252	22	0	2	253	515	766	2.91e-95	344
Seq_196	otu001596	91.700	253	19	2	2	253	515	766	6.26e-97	350
Seq_197	otu001596	90.476	252	24	0	2	253	515	766	6.30e-92	333
Seq_198	otu001596	90.476	252	24	0	2	253	515	766	6.30e-92	333
Seq_199	otu001596	90.873	252	23	0	2	253	515	766	1.35e-93	339
Seq_200	otu001596	89.683	252	26	0	2	253	515	766	1.36e-88	322
Seq_201	otu003184	86.614	254	30	4	2	253	501	752	3.00e-75	278
Seq_202	otu001596	89.286	252	27	0	2	253	515	766	6.35e-87	316
Seq_203	otu001596	90.945	254	19	4	2	253	515	766	1.35e-93	339
Seq_204	otu001596	89.683	252	26	0	2	253	515	766	1.36e-88	322
Seq_205	otu001596	90.909	253	21	2	2	253	515	766	1.35e-93	339
Seq_206	otu001596	94.048	252	15	0	2	253	515	766	6.17e-107	383
Seq_207	otu001596	92.857	252	18	0	2	253	515	766	6.22e-102	366
Seq_208	otu001596	90.476	252	24	0	2	253	515	766	6.30e-92	333
Seq_209	otu001596	88.889	252	28	0	2	253	515	766	2.95e-85	311
Seq_210	otu001596	89.683	252	26	0	2	253	515	766	1.36e-88	322
Seq_211	otu003184	86.220	254	31	4	2	253	501	752	1.39e-73	272
Seq_212	otu000421	80.159	252	44	5	2	250	514	762	6.72e-47	183
Seq_213	otu001596	90.476	252	24	0	2	253	515	766	6.30e-92	333
Seq_214	otu001596	87.302	252	32	0	2	253	515	766	1.38e-78	289
Seq_215	otu001596	90.514	253	22	2	2	253	515	766	6.30e-92	333
Seq_216	otu001596	83.613	238	39	0	16	253	529	766	3.96e-59	224
Seq_217	otu004480	79.600	250	49	2	2	250	492	740	3.13e-45	178
Seq_218	otu002492	87.698	252	31	0	2	253	504	755	2.97e-80	294
Seq_219	otu002242	84.921	252	34	4	1	250	549	798	1.82e-67	252
Seq_220	otu000838	87.251	251	30	2	1	250	539	788	1.79e-77	285
Seq_221	otu000838	88.048	251	28	2	1	250	539	788	8.27e-81	296
Seq_222	otu002242	86.853	251	31	2	1	250	549	798	8.33e-76	279
Seq_223	otu002242	86.853	251	31	2	1	250	549	798	8.33e-76	279
Seq_224	otu002242	86.454	251	32	2	1	250	549	798	3.88e-74	274
Seq_225	otu000838	86.000	250	35	0	1	250	539	788	1.80e-72	268
Seq_226	otu003120	86.957	253	25	8	2	250	524	772	3.00e-75	278
Seq_227	otu003120	86.166	253	27	8	2	250	524	772	6.48e-72	267
Seq_228	otu002551	89.328	253	27	0	1	253	502	754	1.77e-87	318
Seq_229	otu002551	90.514	253	24	0	1	253	502	754	1.75e-92	335
Seq_230	otu002551	89.328	253	27	0	1	253	502	754	1.77e-87	318
Seq_231	otu002551	91.339	254	20	2	1	253	502	754	8.10e-96	346
Seq_232	otu002551	91.732	254	19	2	1	253	502	754	1.74e-97	351
Seq_233	otu002551	90.551	254	22	2	1	253	502	754	1.75e-92	335
Seq_234	otu002551	90.157	254	23	2	1	253	502	754	8.15e-91	329
Seq_235	otu002551	88.933	253	28	0	1	253	502	754	8.21e-86	313
Seq_236	otu002551	87.008	254	31	2	1	253	502	754	1.79e-77	285
Seq_237	otu002551	89.764	254	24	2	1	253	502	754	3.79e-89	324
Seq_238	otu002551	92.490	253	19	0	1	253	502	754	8.04e-101	363
Seq_239	otu002551	91.700	253	21	0	1	253	502	754	1.74e-97	351
Seq_240	otu002551	90.119	253	25	0	1	253	502	754	8.15e-91	329
Seq_241	otu002551	91.700	253	21	0	1	253	502	754	1.74e-97	351
Seq_242	otu002551	90.157	254	23	2	1	253	502	754	8.15e-91	329
Seq_243	otu002551	89.558	249	26	0	2	250	503	751	6.35e-87	316
Seq_244	otu002183	86.066	244	34	0	2	245	506	749	8.39e-71	263
Seq_245	otu002183	86.531	245	31	2	2	245	506	749	1.80e-72	268
Seq_246	otu002183	86.905	252	33	0	2	253	506	757	6.44e-77	283
Seq_247	otu003184	83.730	252	37	4	1	250	500	749	1.83e-62	235
Seq_248	otu001596	86.508	252	34	0	2	253	515	766	3.00e-75	278
Seq_249	otu003184	83.465	254	38	4	2	253	501	752	6.58e-62	233
Seq_250	otu003140	82.143	252	39	6	2	250	548	796	3.08e-55	211
Seq_251	otu002923	78.899	218	40	6	11	225	492	706	1.14e-34	143
Seq_252	otu001596	86.111	252	35	0	2	253	515	766	1.39e-73	272
Seq_253	otu001487	76.587	252	53	6	2	250	524	772	6.86e-32	134
Seq_254	otu002473	81.275	251	43	4	2	250	525	773	6.67e-52	200
Seq_255	otu002473	82.072	251	41	4	2	250	525	773	3.08e-55	211
Seq_256	otu001596	83.267	251	38	4	2	250	515	763	3.06e-60	228
Seq_257	otu001596	84.000	250	38	2	2	250	515	763	1.41e-63	239
Seq_258	otu001596	83.665	251	37	4	2	250	515	763	6.58e-62	233
Seq_259	otu001596	83.730	252	41	0	2	253	515	766	1.41e-63	239
Seq_260	otu001596	83.594	256	35	6	2	254	515	766	6.61e-62	233
Seq_261	otu001596	84.375	256	32	8	2	253	515	766	3.04e-65	244
Seq_262	otu002810	79.600	250	49	2	2	250	525	773	3.13e-45	178
Seq_263	otu000838	85.938	256	24	12	1	250	539	788	8.39e-71	263
Seq_264	otu001706	84.585	253	31	8	2	250	549	797	3.04e-65	244
Seq_265	otu003412	84.064	251	38	2	1	250	541	790	3.93e-64	241
Seq_266	otu003412	84.064	251	38	2	1	250	541	790	3.93e-64	241
Seq_267	otu003412	84.064	251	38	2	1	250	541	790	3.93e-64	241
Seq_268	otu003739	83.730	252	37	4	1	250	543	792	1.83e-62	235
Seq_269	otu004480	86.166	253	35	0	1	253	491	743	3.88e-74	274
Seq_270	otu001945	84.646	254	37	2	1	253	495	747	1.82e-67	252
Seq_271	otu004480	85.771	253	36	0	1	253	491	743	1.80e-72	268
Seq_272	otu004480	86.957	253	33	0	1	253	491	743	1.79e-77	285
Seq_273	otu001945	86.561	253	34	0	1	253	495	747	8.33e-76	279
Seq_274	otu001945	86.166	253	35	0	1	253	495	747	3.88e-74	274
Seq_275	otu004480	86.957	253	33	0	1	253	491	743	1.79e-77	285
Seq_276	otu001945	87.747	253	31	0	1	253	495	747	8.27e-81	296
Seq_277	otu001945	88.538	253	29	0	1	253	495	747	3.82e-84	307
Seq_278	otu001945	88.538	253	29	0	1	253	495	747	3.82e-84	307
Seq_279	otu004480	86.561	253	34	0	1	253	491	743	8.33e-76	279
Seq_280	otu004480	86.166	253	35	0	1	253	491	743	3.88e-74	274
Seq_281	otu004480	86.166	253	35	0	1	253	491	743	3.88e-74	274
Seq_282	otu004480	90.909	253	23	0	1	253	491	743	3.77e-94	340
Seq_283	otu002165	88.095	252	30	0	1	252	496	747	6.39e-82	300
Seq_284	otu002165	88.492	252	29	0	1	252	496	747	1.37e-83	305
Seq_285	otu004480	90.514	253	24	0	1	253	491	743	1.75e-92	335
Seq_286	otu001945	88.672	256	23	3	1	253	495	747	3.82e-84	307
Seq_287	otu004480	88.538	253	29	0	1	253	491	743	3.82e-84	307
Seq_288	otu004480	88.142	253	30	0	1	253	491	743	1.78e-82	302
Seq_289	otu003120	87.402	254	28	4	2	253	524	775	1.38e-78	289
Seq_290	otu003120	87.402	254	28	4	2	253	524	775	1.38e-78	289
Seq_291	otu004480	85.827	254	34	2	1	253	491	743	1.80e-72	268
Seq_292	otu004480	88.933	253	28	0	1	253	491	743	8.21e-86	313
Seq_293	otu004480	87.352	253	32	0	1	253	491	743	3.85e-79	291
Seq_294	otu004480	88.538	253	29	0	1	253	491	743	3.82e-84	307
Seq_295	otu004480	87.747	253	31	0	1	253	491	743	8.27e-81	296
Seq_296	otu001945	87.402	254	30	2	1	253	495	747	3.85e-79	291
Seq_297	otu004480	83.794	253	41	0	1	253	491	743	3.93e-64	241
Seq_298	otu004480	83.004	253	43	0	1	253	491	743	8.51e-61	230
Seq_299	otu004480	85.375	253	35	2	2	253	492	743	3.02e-70	261
Seq_300	otu004480	84.585	253	37	2	2	253	492	743	6.53e-67	250
Seq_301	otu004480	84.190	253	38	2	2	253	492	743	3.04e-65	244
Seq_302	otu004480	87.008	254	31	2	1	253	491	743	1.79e-77	285
Seq_303	otu004480	86.220	254	33	2	1	253	491	743	3.88e-74	274
Seq_304	otu003140	81.890	254	42	4	2	253	548	799	3.08e-55	211
Seq_305	otu001596	83.333	234	39	0	1	234	514	747	6.62e-57	217
Seq_306	otu001596	84.058	207	33	0	1	207	514	720	6.67e-52	200
Seq_307	otu001596	83.333	234	39	0	1	234	514	747	6.62e-57	217
Seq_308	otu004480	86.561	253	34	0	1	253	491	743	8.33e-76	279
Seq_309	otu004480	81.423	253	47	0	1	253	491	743	3.99e-54	207
Seq_310	otu003104	81.008	258	37	12	2	253	584	835	3.10e-50	195
Seq_311	otu004292	89.328	253	27	0	1	253	496	748	1.77e-87	318
Seq_312	otu004480	89.328	253	27	0	1	253	491	743	1.77e-87	318
Seq_313	otu004292	88.095	252	30	0	1	252	496	747	6.39e-82	300
Seq_314	otu004292	87.698	252	31	0	1	252	496	747	2.97e-80	294
Seq_315	otu004480	88.933	253	28	0	1	253	491	743	8.21e-86	313
Seq_316	otu004292	87.747	253	29	2	1	252	496	747	2.97e-80	294
Seq_317	otu004480	86.111	252	35	0	2	253	492	743	1.39e-73	272
Seq_318	otu001945	86.561	253	34	0	1	253	495	747	8.33e-76	279
Seq_319	otu001945	86.166	253	35	0	1	253	495	747	3.88e-74	274
Seq_320	otu001945	87.698	252	31	0	2	253	496	747	2.97e-80	294
Seq_321	otu001945	87.302	252	32	0	2	253	496	747	1.38e-78	289
Seq_322	otu001945	86.957	253	31	2	2	253	496	747	6.44e-77	283
Seq_323	otu001945	86.957	253	31	2	2	253	496	747	6.44e-77	283
Seq_324	otu001945	86.905	252	33	0	2	253	496	747	6.44e-77	283
Seq_325	otu004480	86.561	253	32	2	2	253	492	743	3.00e-75	278
Seq_326	otu004480	86.561	253	32	2	2	253	492	743	3.00e-75	278
Seq_327	otu004480	86.166	253	33	2	2	253	492	743	1.39e-73	272
Seq_328	otu004480	86.561	253	32	2	2	253	492	743	3.00e-75	278
Seq_329	otu004480	85.771	253	34	2	2	253	492	743	6.48e-72	267
Seq_330	otu004480	86.166	253	35	0	1	253	491	743	3.88e-74	274
Seq_331	otu004480	84.524	252	39	0	2	253	492	743	6.53e-67	250
Seq_332	otu004480	84.585	253	37	2	2	253	492	743	6.53e-67	250
Seq_333	otu004480	84.585	253	39	0	1	253	491	743	1.82e-67	252
Seq_334	otu004480	87.008	254	31	2	1	253	491	743	1.79e-77	285
Seq_335	otu004480	87.109	256	27	5	1	253	491	743	1.79e-77	285
Seq_336	otu004480	87.008	254	31	2	1	253	491	743	1.79e-77	285
Seq_337	otu001945	85.039	254	36	2	1	253	495	747	3.90e-69	257
Seq_338	otu001945	84.646	254	37	2	1	253	495	747	1.82e-67	252
Seq_339	otu003140	83.004	253	33	10	2	249	548	795	5.12e-58	220
Seq_340	otu003140	83.071	254	31	12	2	249	548	795	5.12e-58	220
Seq_341	otu001596	86.905	252	33	0	2	253	515	766	6.44e-77	283
Seq_342	otu001596	86.957	253	31	2	2	253	515	766	6.44e-77	283
Seq_343	otu001706	84.615	247	32	6	10	253	557	800	3.93e-64	241
Seq_344	otu004164	82.937	252	39	4	1	250	530	779	3.96e-59	224
Seq_345	otu001481	100.000	253	0	0	1	253	500	752	1.66e-132	468
Seq_346	otu001481	87.891	256	23	8	2	253	501	752	2.97e-80	294
Seq_347	otu000606	82.869	251	39	4	2	250	512	760	1.42e-58	222
Seq_348	otu001481	84.314	255	34	5	2	253	501	752	3.04e-65	244
Seq_349	otu001481	85.098	255	32	5	2	253	501	752	1.40e-68	255
Seq_350	otu001481	89.683	252	26	0	2	253	501	752	1.36e-88	322
Seq_351	otu001481	89.764	254	22	4	2	253	501	752	1.36e-88	322
Seq_352	otu001481	89.370	254	23	4	2	253	501	752	6.35e-87	316
Seq_353	otu001481	87.059	255	27	6	2	253	501	752	6.44e-77	283
Seq_354	otu004304	88.627	255	23	4	2	253	482	733	1.37e-83	305
Seq_355	otu004304	89.804	255	22	4	1	253	481	733	3.79e-89	324
Seq_356	otu002923	88.095	252	30	0	2	253	483	734	6.39e-82	300
Seq_357	otu004304	87.008	254	31	2	1	253	481	733	1.79e-77	285
Seq_358	otu004304	87.402	254	30	2	1	253	481	733	3.85e-79	291
Seq_359	otu004304	87.008	254	31	2	1	253	481	733	1.79e-77	285
Seq_360	otu004304	85.714	252	36	0	2	253	482	733	6.48e-72	267
Seq_361	otu004304	85.714	252	36	0	2	253	482	733	6.48e-72	267
Seq_362	otu003119	84.190	253	40	0	1	253	482	734	8.45e-66	246
Seq_363	otu004304	82.677	254	42	2	1	253	481	733	3.96e-59	224
Seq_364	otu004304	83.004	253	43	0	1	253	481	733	8.51e-61	230
Seq_365	otu004304	83.004	253	43	0	1	253	481	733	8.51e-61	230
Seq_366	otu003765	83.399	253	34	8	2	250	554	802	3.06e-60	228
Seq_367	otu002800	81.855	248	41	4	1	246	536	781	1.43e-53	206
Seq_368	otu004446	83.468	248	37	4	1	246	544	789	3.06e-60	228
Seq_369	otu000472	83.065	248	41	1	2	248	492	739	3.96e-59	224
Seq_370	otu000887	91.304	253	22	0	1	253	499	751	8.10e-96	346
Seq_371	otu002382	100.000	253	0	0	1	253	517	769	1.66e-132	468
Seq_372	otu002382	99.605	253	1	0	1	253	517	769	7.71e-131	462
Seq_373	otu002382	99.605	253	1	0	1	253	517	769	7.71e-131	462
Seq_374	otu001554	94.071	253	15	0	1	253	503	755	1.72e-107	385
Seq_375	otu004206	94.862	253	13	0	1	253	514	766	7.93e-111	396
Seq_376	otu004206	100.000	253	0	0	1	253	514	766	1.66e-132	468
Seq_377	otu002373	97.619	252	6	0	2	253	504	755	6.04e-122	433
Seq_378	otu004314	100.000	253	0	0	1	253	505	757	1.66e-132	468
Seq_379	otu004314	97.628	253	6	0	1	253	505	757	1.68e-122	435
Seq_380	otu004314	98.814	253	3	0	1	253	505	757	1.67e-127	451
Seq_381	otu004012	94.862	253	13	0	1	253	504	756	7.93e-111	396
Seq_382	otu004012	94.882	254	11	2	1	253	504	756	7.93e-111	396
Seq_383	otu004468	97.647	255	2	4	1	253	505	757	1.68e-122	435
Seq_384	otu003965	96.457	254	7	2	1	253	503	755	1.69e-117	418
Seq_385	otu003965	98.814	253	3	0	1	253	503	755	1.67e-127	451
Seq_386	otu003965	97.233	253	7	0	1	253	503	755	7.82e-121	429
Seq_387	otu003965	97.628	253	6	0	1	253	503	755	1.68e-122	435
Seq_388	otu003965	97.233	253	7	0	1	253	503	755	7.82e-121	429
Seq_389	otu003965	99.605	253	1	0	1	253	503	755	7.71e-131	462
Seq_390	otu003965	98.024	253	5	0	1	253	503	755	3.61e-124	440
Seq_391	otu003965	98.419	253	4	0	1	253	503	755	7.76e-126	446
Seq_392	otu003206	98.024	253	5	0	1	253	515	767	3.61e-124	440
Seq_393	otu003206	97.628	253	6	0	1	253	515	767	1.68e-122	435
Seq_394	otu004468	97.628	253	6	0	1	253	505	757	1.68e-122	435
Seq_395	otu003206	100.000	253	0	0	1	253	515	767	1.66e-132	468
Seq_396	otu003206	99.209	253	2	0	1	253	515	767	3.59e-129	457
Seq_397	otu003733	98.419	253	4	0	1	253	503	755	7.76e-126	446
Seq_398	otu002037	95.257	253	12	0	1	253	505	757	1.70e-112	401
Seq_399	otu001860	99.209	253	2	0	1	253	507	759	3.59e-129	457
Seq_400	otu000649	95.652	253	11	0	1	253	506	758	3.66e-114	407
Seq_401	otu002499	96.047	253	10	0	1	253	502	754	7.87e-116	412
Seq_402	otu002499	97.628	253	6	0	1	253	502	754	1.68e-122	435
Seq_403	otu002499	96.443	253	9	0	1	253	502	754	1.69e-117	418
Seq_404	otu002499	96.443	253	9	0	1	253	502	754	1.69e-117	418
Seq_405	otu002499	96.443	253	9	0	1	253	502	754	1.69e-117	418
Seq_406	otu000240	100.000	253	0	0	1	253	509	761	1.66e-132	468
Seq_407	otu002037	99.605	253	1	0	1	253	505	757	7.71e-131	462
Seq_408	otu001861	96.443	253	9	0	1	253	494	746	1.69e-117	418
Seq_409	otu001766	99.605	253	1	0	1	253	496	748	7.71e-131	462
Seq_410	otu001861	99.605	253	1	0	1	253	494	746	7.71e-131	462
Seq_411	otu001524	91.270	252	22	0	2	253	502	753	2.91e-95	344
Seq_412	otu001524	90.873	252	23	0	2	253	502	753	1.35e-93	339
Seq_413	otu001524	90.476	252	24	0	2	253	502	753	6.30e-92	333
Seq_414	otu001900	94.466	253	14	0	1	253	503	755	3.69e-109	390
Seq_415	otu000015	94.071	253	15	0	1	253	504	756	1.72e-107	385
Seq_416	otu001839	94.862	253	13	0	1	253	508	760	7.93e-111	396
Seq_417	otu001839	94.071	253	15	0	1	253	508	760	1.72e-107	385
Seq_418	otu001839	92.885	253	18	0	1	253	508	760	1.73e-102	368
Seq_419	otu001839	93.281	253	17	0	1	253	508	760	3.71e-104	374
Seq_420	otu001839	94.071	253	15	0	1	253	508	760	1.72e-107	385
Seq_421	otu000015	95.652	253	11	0	1	253	504	756	3.66e-114	407
Seq_422	otu003221	98.814	253	3	0	1	253	504	756	1.67e-127	451
Seq_423	otu001439	97.628	253	6	0	1	253	505	757	1.68e-122	435
Seq_424	otu003221	100.000	253	0	0	1	253	504	756	1.66e-132	468
Seq_425	otu003221	99.605	253	1	0	1	253	504	756	7.71e-131	462
Seq_426	otu004524	98.024	253	5	0	2	254	506	758	3.63e-124	440
Seq_427	otu004524	98.024	253	5	0	2	254	506	758	3.63e-124	440
Seq_428	otu004429	96.047	253	10	0	1	253	504	756	7.87e-116	412
Seq_429	otu001792	98.819	254	3	0	1	254	510	763	4.66e-128	453
Seq_430	otu000177	98.425	254	4	0	1	254	512	765	2.17e-126	448
Seq_431	otu004120	96.443	253	9	0	1	253	507	759	1.69e-117	418
Seq_432	otu004120	100.000	253	0	0	1	253	507	759	1.66e-132	468
Seq_433	otu004430	100.000	253	0	0	1	253	504	756	1.66e-132	468
Seq_434	otu002166	100.000	253	0	0	1	253	503	755	1.66e-132	468
Seq_435	otu002542	100.000	253	0	0	1	253	506	758	1.66e-132	468
Seq_436	otu004445	96.047	253	10	0	1	253	508	760	7.87e-116	412
Seq_437	otu002609	99.605	253	1	0	1	253	505	757	7.71e-131	462
Seq_438	otu002609	100.000	253	0	0	1	253	505	757	1.66e-132	468
Seq_439	otu002749	99.605	253	1	0	1	253	503	755	7.71e-131	462
Seq_440	otu004175	100.000	253	0	0	1	253	505	757	1.66e-132	468
Seq_441	otu000747	100.000	253	0	0	1	253	503	755	1.66e-132	468
Seq_442	otu004091	100.000	253	0	0	1	253	503	755	1.66e-132	468
Seq_443	otu000425	100.000	253	0	0	1	253	506	758	1.66e-132	468
Seq_444	otu002393	97.628	253	6	0	1	253	517	769	1.68e-122	435
Seq_445	otu003650	98.425	254	2	2	1	253	505	757	7.76e-126	446
Seq_446	otu002263	99.605	253	1	0	1	253	505	757	7.71e-131	462
Seq_447	otu001839	98.419	253	4	0	1	253	508	760	7.76e-126	446
Seq_448	otu001839	95.257	253	12	0	1	253	508	760	1.70e-112	401
Seq_449	otu004132	98.024	253	5	0	1	253	505	757	3.61e-124	440
Seq_450	otu003953	98.024	253	5	0	1	253	500	752	3.61e-124	440
Seq_451	otu004132	98.024	253	5	0	1	253	505	757	3.61e-124	440
Seq_452	otu003861	96.838	253	8	0	1	253	503	755	3.64e-119	424
Seq_453	otu003231	100.000	253	0	0	1	253	502	754	1.66e-132	468
Seq_454	otu002129	100.000	253	0	0	1	253	504	756	1.66e-132	468
Seq_455	otu003231	96.838	253	8	0	1	253	502	754	3.64e-119	424
Seq_456	otu003231	96.443	253	9	0	1	253	502	754	1.69e-117	418
Seq_457	otu004009	97.255	255	4	2	1	254	503	755	7.85e-121	429
Seq_458	otu003611	99.605	253	1	0	1	253	503	755	7.71e-131	462
Seq_459	otu001981	99.209	253	2	0	1	253	502	754	3.59e-129	457
Seq_460	otu003861	98.419	253	4	0	1	253	503	755	7.76e-126	446
Seq_461	otu003861	98.814	253	3	0	1	253	503	755	1.67e-127	451
Seq_462	otu001981	100.000	253	0	0	1	253	502	754	1.66e-132	468
Seq_463	otu001524	100.000	253	0	0	1	253	501	753	1.66e-132	468
Seq_464	otu000101	96.047	253	10	0	1	253	502	754	7.87e-116	412
Seq_465	otu000101	100.000	253	0	0	1	253	502	754	1.66e-132	468
Seq_466	otu003414	99.605	253	1	0	1	253	503	755	7.71e-131	462
Seq_467	otu003953	96.443	253	9	0	1	253	500	752	1.69e-117	418
Seq_468	otu000229	96.443	253	9	0	1	253	509	761	1.69e-117	418
Seq_469	otu004466	98.814	253	3	0	1	253	504	756	1.67e-127	451
Seq_470	otu003830	99.605	253	1	0	1	253	503	755	7.71e-131	462
Seq_471	otu003647	100.000	253	0	0	1	253	503	755	1.66e-132	468
Seq_472	otu004448	100.000	253	0	0	1	253	505	757	1.66e-132	468
Seq_473	otu004550	96.047	253	10	0	1	253	511	763	7.87e-116	412
Seq_474	otu001554	94.862	253	13	0	1	253	503	755	7.93e-111	396
Seq_475	otu004387	99.605	253	1	0	1	253	541	793	7.71e-131	462
Seq_476	otu002967	100.000	253	0	0	1	253	509	761	1.66e-132	468
Seq_477	otu003311	98.419	253	4	0	1	253	511	763	7.76e-126	446
Seq_478	otu003311	98.814	253	3	0	1	253	511	763	1.67e-127	451
Seq_479	otu003311	99.605	253	1	0	1	253	511	763	7.71e-131	462
Seq_480	otu002043	96.838	253	8	0	1	253	502	754	3.64e-119	424
Seq_481	otu002043	99.605	253	1	0	1	253	502	754	7.71e-131	462
Seq_482	otu004297	95.652	253	11	0	1	253	510	762	3.66e-114	407
Seq_483	otu002075	96.443	253	9	0	1	253	514	766	1.69e-117	418
Seq_484	otu002075	96.443	253	9	0	1	253	514	766	1.69e-117	418
Seq_485	otu002728	95.652	253	11	0	1	253	511	763	3.66e-114	407
Seq_486	otu002075	96.443	253	9	0	1	253	514	766	1.69e-117	418
Seq_487	otu002728	96.443	253	9	0	1	253	511	763	1.69e-117	418
Seq_488	otu002075	96.443	253	9	0	1	253	514	766	1.69e-117	418
Seq_489	otu000822	100.000	253	0	0	1	253	508	760	1.66e-132	468
Seq_490	otu003838	100.000	253	0	0	1	253	520	772	1.66e-132	468
Seq_491	otu000395	100.000	253	0	0	1	253	513	765	1.66e-132	468
Seq_492	otu003559	98.419	253	4	0	1	253	512	764	7.76e-126	446
Seq_493	otu002075	100.000	253	0	0	1	253	514	766	1.66e-132	468
Seq_494	otu004462	98.024	253	5	0	1	253	509	761	3.61e-124	440
Seq_495	otu003383	99.209	253	2	0	1	253	508	760	3.59e-129	457
Seq_496	otu000738	100.000	253	0	0	1	253	510	762	1.66e-132	468
Seq_497	otu000639	99.209	253	2	0	1	253	509	761	3.59e-129	457
Seq_498	otu001034	96.838	253	8	0	1	253	507	759	3.64e-119	424
Seq_499	otu001302	98.024	253	5	0	1	253	512	764	3.61e-124	440
Seq_500	otu000826	100.000	253	0	0	1	253	512	764	1.66e-132	468
Seq_501	otu000364	100.000	253	0	0	1	253	510	762	1.66e-132	468
Seq_502	otu004462	99.605	253	1	0	1	253	509	761	7.71e-131	462
Seq_503	otu004462	99.209	253	2	0	1	253	509	761	3.59e-129	457
Seq_504	otu003539	100.000	253	0	0	1	253	509	761	1.66e-132	468
Seq_505	otu004462	98.814	253	3	0	1	253	509	761	1.67e-127	451
Seq_506	otu000846	100.000	253	0	0	1	253	511	763	1.66e-132	468
Seq_507	otu002890	99.209	253	2	0	1	253	511	763	3.59e-129	457
Seq_508	otu001519	99.605	253	1	0	1	253	508	760	7.71e-131	462
Seq_509	otu004462	99.209	253	2	0	1	253	509	761	3.59e-129	457
Seq_510	otu002027	98.024	253	5	0	1	253	509	761	3.61e-124	440
Seq_511	otu003786	98.419	253	4	0	1	253	509	761	7.76e-126	446
Seq_512	otu003750	98.419	253	4	0	1	253	510	762	7.76e-126	446
Seq_513	otu003786	99.209	253	2	0	1	253	509	761	3.59e-129	457
Seq_514	otu003786	100.000	253	0	0	1	253	509	761	1.66e-132	468
Seq_515	otu003786	99.209	253	2	0	1	253	509	761	3.59e-129	457
Seq_516	otu003091	96.838	253	8	0	1	253	510	762	3.64e-119	424
Seq_517	otu004462	96.047	253	10	0	1	253	509	761	7.87e-116	412
Seq_518	otu004462	97.233	253	7	0	1	253	509	761	7.82e-121	429
Seq_519	otu003786	95.652	253	11	0	1	253	509	761	3.66e-114	407
Seq_520	otu004462	96.047	253	10	0	1	253	509	761	7.87e-116	412
Seq_521	otu004462	94.466	253	14	0	1	253	509	761	3.69e-109	390
Seq_522	otu003091	100.000	253	0	0	1	253	510	762	1.66e-132	468
Seq_523	otu002121	100.000	253	0	0	1	253	512	764	1.66e-132	468
Seq_524	otu004382	99.209	253	2	0	1	253	507	759	3.59e-129	457
Seq_525	otu002230	99.605	253	1	0	1	253	510	762	7.71e-131	462
Seq_526	otu002230	99.209	253	2	0	1	253	510	762	3.59e-129	457
Seq_527	otu003179	96.443	253	9	0	1	253	501	753	1.69e-117	418
Seq_528	otu003179	96.443	253	9	0	1	253	501	753	1.69e-117	418
Seq_529	otu003179	95.652	253	11	0	1	253	501	753	3.66e-114	407
Seq_530	otu004455	97.628	253	6	0	1	253	518	770	1.68e-122	435
Seq_531	otu004455	98.814	253	3	0	1	253	518	770	1.67e-127	451
Seq_532	otu004455	99.209	253	2	0	1	253	518	770	3.59e-129	457
Seq_533	otu004455	100.000	253	0	0	1	253	518	770	1.66e-132	468
Seq_534	otu003179	94.466	253	14	0	1	253	501	753	3.69e-109	390
Seq_535	otu003179	94.862	253	13	0	1	253	501	753	7.93e-111	396
Seq_536	otu003179	95.257	253	12	0	1	253	501	753	1.70e-112	401
Seq_537	otu004455	94.466	253	14	0	1	253	518	770	3.69e-109	390
Seq_538	otu002382	92.490	253	19	0	1	253	517	769	8.04e-101	363
Seq_539	otu001713	82.031	256	40	6	1	253	496	748	8.57e-56	213
Seq_540	otu003140	84.252	254	36	3	2	253	548	799	3.04e-65	244
Seq_541	otu003140	84.646	254	35	3	2	253	548	799	6.53e-67	250
Seq_542	otu003140	82.213	253	43	2	2	253	548	799	6.62e-57	217
Seq_543	otu002936	91.732	254	19	2	1	253	495	747	1.74e-97	351
Seq_544	otu002936	91.339	254	20	2	1	253	495	747	8.10e-96	346
Seq_545	otu002936	90.945	254	21	2	1	253	495	747	3.77e-94	340
Seq_546	otu002936	89.328	253	27	0	1	253	495	747	1.77e-87	318
Seq_547	otu003765	83.267	251	38	4	2	250	554	802	3.06e-60	228
Seq_548	otu001706	85.714	252	30	6	2	250	549	797	3.02e-70	261
Seq_549	otu003765	83.665	251	37	4	2	250	554	802	6.58e-62	233
Seq_550	otu003765	84.064	251	36	4	2	250	554	802	1.41e-63	239
Seq_551	otu000015	83.858	254	33	6	1	250	504	753	1.83e-62	235
Seq_552	otu001839	82.869	251	39	4	2	250	509	757	1.42e-58	222
Seq_553	otu004282	84.436	257	24	15	2	250	505	753	1.41e-63	239
Seq_554	otu004282	84.825	257	23	15	2	250	505	753	3.04e-65	244
Seq_555	otu004455	80.876	251	44	4	2	250	519	767	3.10e-50	195
Seq_556	otu003765	84.064	251	36	4	2	250	554	802	1.41e-63	239
Seq_557	otu003765	83.665	251	37	4	2	250	554	802	6.58e-62	233
Seq_558	otu001050	83.529	255	36	4	2	253	518	769	6.58e-62	233
Seq_559	otu001050	82.745	255	38	4	2	253	518	769	1.42e-58	222
Seq_560	otu002747	83.203	256	35	7	2	253	555	806	3.06e-60	228
Seq_561	otu002539	84.252	254	30	7	2	250	543	791	1.41e-63	239
Seq_562	otu002440	83.922	255	29	11	2	250	538	786	6.58e-62	233
Seq_563	otu003765	83.333	252	36	6	2	250	554	802	3.06e-60	228
Seq_564	otu003765	84.064	251	36	4	2	250	554	802	1.41e-63	239
Seq_565	otu003446	83.529	255	36	6	2	253	517	768	6.58e-62	233
Seq_566	otu001050	86.122	245	30	4	11	253	527	769	3.02e-70	261
Seq_567	otu001050	85.830	247	27	5	11	253	527	769	1.40e-68	255
Seq_568	otu003765	81.569	255	35	11	2	250	554	802	6.67e-52	200
Seq_569	otu001706	87.008	254	23	8	2	250	549	797	3.00e-75	278
Seq_570	otu003765	85.433	254	27	9	2	250	554	802	1.40e-68	255
Seq_571	otu004303	86.905	252	27	5	2	250	684	932	3.00e-75	278
Seq_572	otu003765	87.251	251	28	4	2	250	554	802	6.44e-77	283
Seq_573	otu003430	82.213	253	45	0	1	253	497	749	1.84e-57	219
Seq_574	otu001609	85.317	252	37	0	2	253	506	757	3.02e-70	261
Seq_575	otu001609	83.333	252	42	0	2	253	506	757	6.58e-62	233
Seq_576	otu000885	83.004	253	43	0	1	253	486	738	8.51e-61	230
Seq_577	otu003140	84.980	253	36	2	2	253	548	799	1.40e-68	255
Seq_578	otu003140	85.433	254	33	4	2	253	548	799	3.02e-70	261
Seq_579	otu000885	84.252	254	38	2	1	253	486	738	8.45e-66	246
Seq_580	otu003140	84.127	252	40	0	2	253	548	799	3.04e-65	244
Seq_581	otu001609	84.980	253	36	2	2	253	506	757	1.40e-68	255
Seq_582	otu002539	86.000	250	35	0	1	250	542	791	1.80e-72	268
Seq_583	otu001136	88.933	253	28	0	2	254	505	757	8.25e-86	313
Seq_584	otu001136	88.538	253	29	0	2	254	505	757	3.84e-84	307
Seq_585	otu002972	87.747	253	30	1	2	254	507	758	2.99e-80	294
Seq_586	otu001136	89.328	253	27	0	2	254	505	757	1.77e-87	318
Seq_587	otu001136	88.933	253	28	0	2	254	505	757	8.25e-86	313
Seq_588	otu001136	88.142	253	30	0	2	254	505	757	1.79e-82	302
Seq_589	otu001136	86.957	253	33	0	2	254	505	757	1.80e-77	285
Seq_590	otu001136	90.909	253	23	0	2	254	505	757	3.78e-94	340
Seq_591	otu001136	90.551	254	23	1	1	253	504	757	1.75e-92	335
Seq_592	otu001136	89.328	253	27	0	2	254	505	757	1.77e-87	318
Seq_593	otu000472	90.514	253	24	0	2	254	492	744	1.76e-92	335
Seq_594	otu000472	89.723	253	26	0	2	254	492	744	3.81e-89	324
Seq_595	otu000472	93.281	253	17	0	2	254	492	744	3.73e-104	374
Seq_596	otu000472	90.514	253	23	1	2	253	492	744	6.30e-92	333
Seq_597	otu001136	90.119	253	25	0	2	254	505	757	8.19e-91	329
Seq_598	otu000472	90.119	253	25	0	2	254	492	744	8.19e-91	329
Seq_599	otu001136	90.157	254	25	0	1	254	504	757	2.28e-91	331
Seq_600	otu001136	90.945	254	23	0	1	254	504	757	1.05e-94	342
Seq_601	otu000472	90.909	253	23	0	2	254	492	744	3.78e-94	340
Seq_602	otu000472	89.723	253	26	0	2	254	492	744	3.81e-89	324
Seq_603	otu001900	89.764	254	25	1	1	254	503	755	3.81e-89	324
Seq_604	otu001136	92.126	254	20	0	1	254	504	757	1.04e-99	359
Seq_605	otu003734	81.349	252	43	4	1	250	487	736	1.85e-52	202
Seq_606	otu004111	81.275	251	45	2	1	250	528	777	1.85e-52	202
Seq_607	otu003734	80.952	252	44	4	1	250	487	736	8.63e-51	196
Seq_608	otu003734	81.673	251	44	2	1	250	487	736	3.99e-54	207
Seq_609	otu002806	89.723	253	26	0	1	253	534	786	3.79e-89	324
Seq_610	otu001498	84.766	256	33	6	1	253	533	785	1.82e-67	252
Seq_611	otu001804	84.646	254	37	2	1	253	531	783	1.82e-67	252
Seq_612	otu002806	85.827	254	32	4	2	253	535	786	6.48e-72	267
Seq_613	otu002806	91.797	256	15	5	1	253	534	786	1.74e-97	351
Seq_614	otu002806	92.520	254	17	2	1	253	534	786	8.04e-101	363
Seq_615	otu002806	91.732	254	19	2	1	253	534	786	1.74e-97	351
Seq_616	otu002806	92.549	255	15	4	1	253	534	786	8.04e-101	363
Seq_617	otu002806	93.333	255	13	4	1	253	534	786	3.71e-104	374
Seq_618	otu002806	96.443	253	9	0	1	253	534	786	1.69e-117	418
Seq_619	otu002806	96.047	253	10	0	1	253	534	786	7.87e-116	412
Seq_620	otu002806	92.549	255	15	4	1	253	534	786	8.04e-101	363
Seq_621	otu002806	93.281	253	17	0	1	253	534	786	3.71e-104	374
Seq_622	otu002806	91.700	253	21	0	1	253	534	786	1.74e-97	351
Seq_623	otu002806	90.909	253	23	0	1	253	534	786	3.77e-94	340
Seq_624	otu002806	92.095	253	20	0	1	253	534	786	3.74e-99	357
Seq_625	otu002806	94.118	255	11	4	1	253	534	786	1.72e-107	385
Seq_626	otu002806	90.514	253	24	0	1	253	534	786	1.75e-92	335
Seq_627	otu002806	90.551	254	22	2	1	253	534	786	1.75e-92	335
Seq_628	otu002806	91.339	254	20	2	1	253	534	786	8.10e-96	346
Seq_629	otu002806	90.551	254	22	2	1	253	534	786	1.75e-92	335
Seq_630	otu002806	93.281	253	17	0	1	253	534	786	3.71e-104	374
Seq_631	otu002806	93.701	254	14	2	1	253	534	786	7.98e-106	379
Seq_632	otu002806	90.514	253	24	0	1	253	534	786	1.75e-92	335
Seq_633	otu002806	90.909	253	23	0	1	253	534	786	3.77e-94	340
Seq_634	otu002806	88.281	256	24	6	1	253	534	786	1.78e-82	302
Seq_635	otu002806	88.672	256	23	6	1	253	534	786	3.82e-84	307
Seq_636	otu002806	88.672	256	23	5	1	253	534	786	3.82e-84	307
Seq_637	otu002806	88.281	256	24	5	1	253	534	786	1.78e-82	302
Seq_638	otu002806	87.891	256	25	5	1	253	534	786	8.27e-81	296
Seq_639	otu000733	88.142	253	30	0	1	253	502	754	1.78e-82	302
Seq_640	otu004466	88.142	253	30	0	1	253	504	756	1.78e-82	302
Seq_641	otu002806	87.891	256	25	6	1	253	534	786	8.27e-81	296
Seq_642	otu004571	86.957	253	33	0	1	253	505	757	1.79e-77	285
Seq_643	otu002806	88.672	256	23	6	1	253	534	786	3.82e-84	307
Seq_644	otu004446	85.603	257	29	8	1	253	544	796	8.39e-71	263
Seq_645	otu004446	86.381	257	27	8	1	253	544	796	3.88e-74	274
Seq_646	otu002151	86.328	256	29	6	1	253	503	755	3.88e-74	274
Seq_647	otu000575	86.561	253	32	2	2	253	503	754	3.00e-75	278
Seq_648	otu002151	87.109	256	27	6	1	253	503	755	1.79e-77	285
Seq_649	otu003505	86.667	255	30	4	1	253	506	758	8.33e-76	279
Seq_650	otu004317	85.882	255	32	4	1	253	540	792	1.80e-72	268
Seq_651	otu002584	87.008	254	31	2	1	253	496	748	1.79e-77	285
Seq_652	otu001900	86.957	253	33	0	1	253	503	755	1.79e-77	285
Seq_653	otu001900	86.561	253	34	0	1	253	503	755	8.33e-76	279
Seq_654	otu001900	87.352	253	32	0	1	253	503	755	3.85e-79	291
Seq_655	otu001900	87.352	253	32	0	1	253	503	755	3.85e-79	291
Seq_656	otu002584	86.220	254	33	2	1	253	496	748	3.88e-74	274
Seq_657	otu000907	86.561	253	34	0	1	253	544	796	8.33e-76	279
Seq_658	otu004273	87.008	254	31	2	1	253	536	788	1.79e-77	285
Seq_659	otu002584	86.614	254	32	2	1	253	496	748	8.33e-76	279
Seq_660	otu004448	87.352	253	32	0	1	253	505	757	3.85e-79	291
Seq_661	otu004448	85.375	253	37	0	1	253	505	757	8.39e-71	263
Seq_662	otu004448	86.957	253	33	0	1	253	505	757	1.79e-77	285
Seq_663	otu004448	87.352	253	32	0	1	253	505	757	3.85e-79	291
Seq_664	otu001900	86.561	253	34	0	1	253	503	755	8.33e-76	279
Seq_665	otu001900	86.957	253	33	0	1	253	503	755	1.79e-77	285
Seq_666	otu004446	86.275	255	31	2	1	253	544	796	3.88e-74	274
Seq_667	otu002806	87.843	255	27	4	1	253	534	786	8.27e-81	296
Seq_668	otu002806	87.938	257	23	5	1	253	534	786	8.27e-81	296
Seq_669	otu001804	87.352	253	32	0	1	253	531	783	3.85e-79	291
Seq_670	otu001136	88.583	254	29	0	1	254	504	757	1.07e-84	309
Seq_671	otu003505	89.804	255	23	3	1	254	506	758	3.81e-89	324
Seq_672	otu003351	92.126	254	18	2	1	253	509	761	3.74e-99	357
Seq_673	otu003351	92.490	253	19	0	1	253	509	761	8.04e-101	363
Seq_674	otu003351	91.700	253	21	0	1	253	509	761	1.74e-97	351
Seq_675	otu003351	92.095	253	20	0	1	253	509	761	3.74e-99	357
Seq_676	otu000614	92.885	253	18	0	1	253	509	761	1.73e-102	368
Seq_677	otu003351	92.095	253	20	0	1	253	509	761	3.74e-99	357
Seq_678	otu000614	91.732	254	19	2	1	253	509	761	1.74e-97	351
Seq_679	otu003351	92.549	255	15	4	1	253	509	761	8.04e-101	363
Seq_680	otu000614	90.551	254	22	2	1	253	509	761	1.75e-92	335
Seq_681	otu000614	91.700	253	21	0	1	253	509	761	1.74e-97	351
Seq_682	otu000614	98.419	253	4	0	1	253	509	761	7.76e-126	446
Seq_683	otu000614	99.209	253	2	0	1	253	509	761	3.59e-129	457
Seq_684	otu000614	98.419	253	4	0	1	253	509	761	7.76e-126	446
Seq_685	otu003351	97.628	253	6	0	1	253	509	761	1.68e-122	435
Seq_686	otu003351	98.814	253	3	0	1	253	509	761	1.67e-127	451
Seq_687	otu003351	98.419	253	4	0	1	253	509	761	7.76e-126	446
Seq_688	otu000614	92.095	253	20	0	1	253	509	761	3.74e-99	357
Seq_689	otu000614	91.732	254	19	2	1	253	509	761	1.74e-97	351
Seq_690	otu000614	91.700	253	21	0	1	253	509	761	1.74e-97	351
Seq_691	otu000614	94.466	253	14	0	1	253	509	761	3.69e-109	390
Seq_692	otu000614	91.339	254	20	2	1	253	509	761	8.10e-96	346
Seq_693	otu003351	90.551	254	22	2	1	253	509	761	1.75e-92	335
Seq_694	otu003351	90.157	254	23	2	1	253	509	761	8.15e-91	329
Seq_695	otu003351	87.008	254	31	2	1	253	509	761	1.79e-77	285
Seq_696	otu003351	87.891	256	25	6	1	253	509	761	8.27e-81	296
Seq_697	otu003351	86.719	256	28	6	1	253	509	761	8.33e-76	279
Seq_698	otu003351	86.328	256	29	6	1	253	509	761	3.88e-74	274
Seq_699	otu002666	83.794	253	40	1	2	254	473	724	1.42e-63	239
Seq_700	otu002666	83.399	253	41	1	2	254	473	724	6.61e-62	233
Seq_701	otu003189	84.553	246	36	2	6	250	560	804	1.09e-64	243
Seq_702	otu003242	80.952	210	36	4	6	214	540	746	9.47e-41	163
Seq_703	otu003351	85.514	214	24	6	2	212	510	719	7.22e-57	217
Seq_704	otu000332	84.762	210	30	2	2	210	543	751	1.19e-54	209
Seq_705	otu000332	85.238	210	29	2	2	210	543	751	2.57e-56	215
Seq_706	otu004282	83.529	255	37	4	2	254	505	756	6.61e-62	233
Seq_707	otu003189	83.730	252	36	3	2	251	556	804	6.61e-62	233
Seq_708	otu001384	84.314	255	37	3	1	254	472	724	8.48e-66	246
Seq_709	otu003849	81.569	255	42	5	2	254	522	773	1.44e-53	206
Seq_710	otu002625	81.818	253	45	1	2	254	518	769	3.09e-55	211
Seq_711	otu002625	81.818	253	45	1	2	254	518	769	3.09e-55	211
Seq_712	otu004446	83.529	255	37	5	2	254	545	796	6.61e-62	233
Seq_713	otu000332	82.353	255	35	10	1	250	542	791	8.57e-56	213
Seq_714	otu004214	82.869	251	33	10	8	253	547	792	6.62e-57	217
Seq_715	otu004214	84.000	250	32	8	8	253	547	792	6.58e-62	233
Seq_716	otu004214	83.936	249	34	6	8	253	547	792	6.58e-62	233
Seq_717	otu004214	83.534	249	35	6	8	253	547	792	3.06e-60	228
Seq_718	otu004214	84.337	249	33	6	8	253	547	792	1.41e-63	239
Seq_719	otu004214	83.936	249	34	6	8	253	547	792	6.58e-62	233
Seq_720	otu004214	83.534	249	35	6	8	253	547	792	3.06e-60	228
Seq_721	otu000332	83.333	252	38	4	1	250	542	791	8.51e-61	230
Seq_722	otu004214	86.531	245	33	0	6	250	545	789	5.01e-73	270
Seq_723	otu001505	86.166	253	35	0	1	253	505	757	3.88e-74	274
Seq_724	otu003952	87.352	253	32	0	1	253	531	783	3.85e-79	291
Seq_725	otu003146	88.933	253	28	0	1	253	501	753	8.21e-86	313
Seq_726	otu000167	84.314	255	36	4	1	253	546	798	8.45e-66	246
Seq_727	otu001032	83.658	257	34	8	1	253	486	738	1.83e-62	235
Seq_728	otu004236	82.946	258	34	10	1	253	472	724	3.96e-59	224
Seq_729	otu001706	82.000	250	43	2	2	250	549	797	3.08e-55	211
Seq_730	otu001706	87.952	249	30	0	2	250	549	797	2.97e-80	294
Seq_731	otu001706	88.353	249	29	0	2	250	549	797	6.39e-82	300
Seq_732	otu001706	88.755	249	28	0	2	250	549	797	1.37e-83	305
Seq_733	otu001706	87.952	249	30	0	2	250	549	797	2.97e-80	294
Seq_734	otu003441	80.237	253	42	8	1	249	484	732	6.72e-47	183
Seq_735	otu004214	86.561	253	34	0	1	253	540	792	8.33e-76	279
Seq_736	otu004214	85.375	253	37	0	1	253	540	792	8.39e-71	263
Seq_737	otu004214	86.614	254	32	2	1	253	540	792	8.33e-76	279
Seq_738	otu003963	86.220	254	33	2	1	253	499	751	3.88e-74	274
Seq_739	otu004214	86.275	255	31	4	1	253	540	792	3.88e-74	274
Seq_740	otu004214	85.490	255	33	4	1	253	540	792	8.39e-71	263
Seq_741	otu003014	82.422	256	39	5	1	253	485	737	1.84e-57	219
Seq_742	otu004113	77.075	253	57	1	1	253	621	872	3.17e-35	145
Seq_743	otu000212	80.237	253	44	6	1	250	529	778	1.87e-47	185
Seq_744	otu002088	83.203	256	37	6	1	253	534	786	8.51e-61	230
Seq_745	otu003573	84.400	250	34	5	6	253	627	873	3.93e-64	241
Seq_746	otu002539	83.871	248	39	1	6	253	548	794	1.83e-62	235
Seq_747	otu002539	83.468	248	40	1	6	253	548	794	8.51e-61	230
Seq_748	otu001609	83.133	249	35	7	6	251	510	754	5.14e-58	220
Seq_749	otu002457	80.859	256	43	6	1	253	523	775	8.63e-51	196
Seq_750	otu002457	80.934	257	41	8	1	253	523	775	8.63e-51	196
Seq_751	otu004008	77.016	248	57	0	6	253	533	780	1.14e-34	143
Seq_752	otu002071	79.134	254	43	10	2	250	505	753	6.77e-42	167
Seq_753	otu001771	81.746	252	46	0	2	253	542	793	3.08e-55	211
Seq_754	otu001771	81.349	252	47	0	2	253	542	793	1.43e-53	206
Seq_755	otu000064	81.395	258	36	11	2	253	539	790	6.67e-52	200
Seq_756	otu003664	90.079	252	25	0	2	253	539	790	2.93e-90	327
Seq_757	otu004214	81.641	256	39	8	2	253	541	792	1.43e-53	206
Seq_758	otu004214	82.677	254	40	4	2	253	541	792	1.42e-58	222
Seq_759	otu004214	81.890	254	42	4	2	253	541	792	3.08e-55	211
Seq_760	otu002440	81.780	236	41	2	16	250	552	786	8.63e-51	196
Seq_761	otu001092	85.259	251	30	7	6	253	477	723	1.82e-67	252
Seq_762	otu003002	80.632	253	38	11	6	253	531	777	1.87e-47	185
Seq_763	otu001638	84.884	258	29	10	1	253	474	726	1.82e-67	252
Seq_764	otu001638	83.268	257	35	7	1	253	474	726	8.51e-61	230
Seq_765	otu000606	84.064	251	28	11	6	250	516	760	2.37e-61	231
Seq_766	otu004214	83.984	256	33	8	2	253	541	792	1.41e-63	239
Seq_767	otu002798	87.200	250	30	2	2	250	517	765	6.44e-77	283
Seq_768	otu002798	89.200	250	25	2	2	250	517	765	2.95e-85	311
Seq_769	otu001514	88.800	250	26	2	2	250	514	762	1.37e-83	305
Seq_770	otu001514	88.800	250	26	2	2	250	514	762	1.37e-83	305
Seq_771	otu004214	86.345	249	25	9	6	250	546	789	8.39e-71	263
Seq_772	otu004214	84.615	247	33	5	6	250	546	789	3.93e-64	241
Seq_773	otu003637	86.290	248	33	1	6	253	490	736	1.80e-72	268
Seq_774	otu000885	83.137	255	39	4	1	253	486	738	8.51e-61	230
Seq_775	otu002088	84.524	252	33	5	2	250	535	783	3.04e-65	244
Seq_776	otu000095	85.317	252	31	6	2	250	545	793	1.40e-68	255
Seq_777	otu000095	85.600	250	34	2	2	250	545	793	3.02e-70	261
Seq_778	otu000095	85.200	250	35	2	2	250	545	793	1.40e-68	255
Seq_779	otu004214	86.000	250	30	5	6	253	546	792	8.39e-71	263
Seq_780	otu000095	85.375	253	29	8	2	250	545	793	1.40e-68	255
Seq_781	otu004267	84.861	251	37	1	1	251	517	766	1.82e-67	252
Seq_782	otu004267	85.657	251	35	1	1	251	517	766	8.42e-71	263
Seq_783	otu004214	85.214	257	31	7	1	254	540	792	3.92e-69	257
Seq_784	otu002625	84.127	252	37	3	1	251	517	766	3.95e-64	241
Seq_785	otu000128	84.375	256	35	5	1	254	552	804	8.48e-66	246
Seq_786	otu003330	77.075	253	49	8	6	254	562	809	5.33e-33	137
Seq_787	otu000940	84.064	251	39	1	1	251	487	736	3.95e-64	241
Seq_788	otu000263	81.818	253	40	6	1	250	485	734	3.99e-54	207
Seq_789	otu002531	80.632	253	47	2	2	253	478	729	3.10e-50	195
Seq_790	otu002088	87.451	255	28	4	1	253	534	786	3.85e-79	291
Seq_791	otu003319	86.056	251	28	7	6	253	529	775	8.39e-71	263
Seq_792	otu004446	85.771	253	34	2	2	253	545	796	6.48e-72	267
Seq_793	otu004446	85.375	253	35	2	2	253	545	796	3.02e-70	261
Seq_794	otu003319	86.694	248	32	1	6	253	529	775	3.88e-74	274
Seq_795	otu002625	86.000	250	30	5	6	253	523	769	8.39e-71	263
Seq_796	otu002625	86.000	250	30	5	6	253	523	769	8.39e-71	263
Seq_797	otu002830	84.524	252	39	0	2	253	541	792	6.53e-67	250
Seq_798	otu000907	86.561	253	32	2	2	253	545	796	3.00e-75	278
Seq_799	otu002625	86.747	249	30	3	6	253	523	769	3.88e-74	274
Seq_800	otu002625	86.400	250	29	5	6	253	523	769	1.80e-72	268
Seq_801	otu004446	86.508	252	34	0	2	253	545	796	3.00e-75	278
Seq_802	otu003762	85.375	253	35	2	2	253	531	782	3.02e-70	261
Seq_803	otu004446	88.095	252	30	0	2	253	545	796	6.39e-82	300
Seq_804	otu002625	87.550	249	28	3	6	253	523	769	1.79e-77	285
Seq_805	otu000907	87.352	253	30	2	2	253	545	796	1.38e-78	289
Seq_806	otu000907	87.352	253	30	2	2	253	545	796	1.38e-78	289
Seq_807	otu002625	84.825	257	29	9	2	253	518	769	6.53e-67	250
Seq_808	otu000907	85.771	253	34	2	2	253	545	796	6.48e-72	267
Seq_809	otu000907	85.375	253	35	2	2	253	545	796	3.02e-70	261
Seq_810	otu000907	86.561	253	32	2	2	253	545	796	3.00e-75	278
Seq_811	otu000907	86.166	253	33	2	2	253	545	796	1.39e-73	272
Seq_812	otu000907	86.561	253	32	2	2	253	545	796	3.00e-75	278
Seq_813	otu000907	86.166	253	33	2	2	253	545	796	1.39e-73	272
Seq_814	otu002625	87.008	254	29	4	2	253	518	769	6.44e-77	283
Seq_815	otu000286	87.500	248	21	10	11	253	531	773	3.00e-75	278
Seq_816	otu004098	86.475	244	31	2	11	253	652	894	6.48e-72	267
Seq_817	otu002663	82.305	243	37	6	14	253	483	722	1.43e-53	206
Seq_818	otu003637	83.200	250	38	3	5	253	490	736	1.10e-59	226
Seq_819	otu003319	86.905	252	24	9	6	253	529	775	3.88e-74	274
Seq_820	otu004214	84.274	248	32	7	6	250	546	789	1.83e-62	235
Seq_821	otu004214	84.274	248	32	7	6	250	546	789	1.83e-62	235
Seq_822	otu000907	87.008	254	31	2	1	253	544	796	1.79e-77	285
Seq_823	otu003734	85.882	255	30	6	2	253	488	739	6.48e-72	267
Seq_824	otu002449	87.209	258	23	9	1	253	489	741	1.79e-77	285
Seq_825	otu002449	87.549	257	24	7	1	253	489	741	3.85e-79	291
Seq_826	otu002449	87.160	257	25	7	1	253	489	741	1.79e-77	285
Seq_827	otu001174	87.200	250	32	0	1	250	530	779	1.79e-77	285
Seq_828	otu003812	86.000	250	35	0	1	250	107	356	1.80e-72	268
Seq_829	otu001174	87.200	250	32	0	1	250	530	779	1.79e-77	285
Seq_830	otu003637	86.454	251	32	2	1	250	484	733	3.88e-74	274
Seq_831	otu001174	87.083	240	31	0	11	250	540	779	1.39e-73	272
Seq_832	otu001294	86.000	250	35	0	1	250	517	766	1.80e-72	268
Seq_833	otu001294	86.800	250	33	0	1	250	517	766	8.33e-76	279
Seq_834	otu001294	86.400	250	34	0	1	250	517	766	3.88e-74	274
Seq_835	otu003812	86.056	251	33	2	1	250	107	356	1.80e-72	268
Seq_836	otu000167	85.317	252	33	4	1	250	546	795	3.90e-69	257
Seq_837	otu003812	86.454	251	32	2	1	250	107	356	3.88e-74	274
Seq_838	otu001706	85.200	250	37	0	1	250	548	797	3.90e-69	257
Seq_839	otu001420	86.400	250	30	4	3	250	516	763	5.01e-73	270
Seq_840	otu001706	86.345	249	34	0	2	250	549	797	1.39e-73	272
Seq_841	otu004214	85.600	250	32	4	6	253	545	792	1.09e-69	259
Seq_842	otu002913	86.400	250	34	0	1	250	544	793	3.88e-74	274
Seq_843	otu002546	83.004	253	37	6	1	250	532	781	3.96e-59	224
Seq_844	otu004398	83.071	254	36	7	1	250	542	792	3.96e-59	224
Seq_845	otu004446	86.220	254	33	2	1	253	544	796	3.88e-74	274
Seq_846	otu004246	86.220	254	33	2	1	253	538	790	3.88e-74	274
Seq_847	otu004446	87.843	255	27	4	1	253	544	796	8.27e-81	296
Seq_848	otu002913	82.677	254	42	2	1	253	544	796	3.96e-59	224
Seq_849	otu003554	88.538	253	29	0	1	253	549	801	3.82e-84	307
Seq_850	otu003554	88.142	253	30	0	1	253	549	801	1.78e-82	302
Seq_851	otu002831	86.719	256	28	6	1	253	505	757	8.33e-76	279
Seq_852	otu003527	84.400	250	34	5	6	253	582	828	3.93e-64	241
Seq_853	otu003760	84.362	243	38	0	11	253	511	753	1.41e-63	239
Seq_854	otu001239	87.008	254	30	3	1	253	508	759	6.44e-77	283
Seq_855	otu004172	86.220	254	32	3	1	253	509	760	1.39e-73	272
Seq_856	otu000907	86.400	250	29	5	7	253	549	796	1.80e-72	268
Seq_857	otu001804	86.166	253	35	0	1	253	531	783	3.88e-74	274
Seq_858	otu002962	87.747	253	31	0	1	253	504	756	8.27e-81	296
Seq_859	otu001804	84.921	252	38	0	2	253	532	783	1.40e-68	255
Seq_860	otu002672	84.921	252	38	0	2	253	551	802	1.40e-68	255
Seq_861	otu000015	83.333	252	42	0	2	253	505	756	6.58e-62	233
Seq_862	otu001804	85.714	252	36	0	2	253	532	783	6.48e-72	267
Seq_863	otu001804	85.714	252	36	0	2	253	532	783	6.48e-72	267
Seq_864	otu003637	85.827	254	35	1	1	254	484	736	1.81e-72	268
Seq_865	otu003812	86.667	255	31	2	1	254	107	359	8.37e-76	279
Seq_866	otu003812	86.275	255	32	3	1	254	107	359	3.89e-74	274
Seq_867	otu002672	86.667	255	29	5	2	254	551	802	3.01e-75	278
Seq_868	otu003812	86.275	255	32	2	1	254	107	359	3.89e-74	274
Seq_869	otu000756	89.474	247	22	4	6	250	494	738	1.06e-84	309
Seq_870	otu000756	89.024	246	25	2	6	250	494	738	4.94e-83	303
Seq_871	otu000756	89.474	247	22	4	6	250	494	738	1.06e-84	309
Seq_872	otu001209	87.069	232	28	2	23	253	566	796	3.02e-70	261
Seq_873	otu001209	87.500	232	27	2	23	253	566	796	6.48e-72	267
Seq_874	otu002858	85.039	254	36	2	1	253	525	777	3.90e-69	257
Seq_875	otu004214	84.064	251	38	2	1	250	540	789	3.93e-64	241
Seq_876	otu004035	86.147	231	32	0	23	253	554	784	6.53e-67	250
Seq_877	otu003902	85.532	235	34	0	16	250	543	777	8.45e-66	246
Seq_878	otu003902	85.957	235	33	0	16	250	543	777	1.82e-67	252
Seq_879	otu003902	86.585	246	31	2	6	250	533	777	5.01e-73	270
Seq_880	otu004098	86.640	247	29	3	6	250	647	891	5.01e-73	270
Seq_881	otu004098	86.992	246	30	2	6	250	647	891	1.08e-74	276
Seq_882	otu003140	87.449	247	27	4	6	250	552	796	2.32e-76	281
Seq_883	otu002798	86.076	237	33	0	14	250	529	765	1.40e-68	255
Seq_884	otu002798	86.611	239	28	4	14	250	529	765	3.02e-70	261
Seq_885	otu001706	86.076	237	33	0	14	250	561	797	1.40e-68	255
Seq_886	otu002798	86.076	237	33	0	14	250	529	765	1.40e-68	255
Seq_887	otu004176	86.939	245	32	0	6	250	526	770	1.08e-74	276
Seq_888	otu004176	86.531	245	33	0	6	250	526	770	5.01e-73	270
Seq_889	otu004132	83.984	256	36	5	1	254	505	757	3.95e-64	241
Seq_890	otu003330	90.438	251	23	1	1	250	557	807	8.15e-91	329
Seq_891	otu003330	90.837	251	22	1	1	250	557	807	1.75e-92	335
Seq_892	otu003330	90.837	251	22	1	1	250	557	807	1.75e-92	335
Seq_893	otu003330	88.845	251	27	1	1	250	557	807	3.82e-84	307
Seq_894	otu003330	88.446	251	28	1	1	250	557	807	1.78e-82	302
Seq_895	otu003330	88.845	251	27	1	1	250	557	807	3.82e-84	307
Seq_896	otu003330	88.845	251	27	1	1	250	557	807	3.82e-84	307
Seq_897	otu002449	83.065	248	36	6	6	250	494	738	5.12e-58	220
Seq_898	otu002449	82.731	249	35	7	6	250	494	738	2.38e-56	215
Seq_899	otu002449	82.661	248	37	6	6	250	494	738	2.38e-56	215
Seq_900	otu003338	84.211	247	35	4	6	250	543	787	5.08e-63	237
Seq_901	otu001609	84.615	247	34	4	6	250	510	754	1.09e-64	243
Seq_902	otu003338	84.146	246	37	2	6	250	543	787	5.08e-63	237
Seq_903	otu003472	84.082	245	39	0	6	250	514	758	5.08e-63	237
Seq_904	otu001514	84.959	246	35	2	6	250	518	762	2.35e-66	248
Seq_905	otu002449	84.146	246	36	3	6	250	495	738	1.83e-62	235
Seq_906	otu002449	82.329	249	36	8	6	250	494	738	1.11e-54	209
Seq_907	otu002913	87.649	251	29	2	1	250	544	793	3.85e-79	291
Seq_908	otu004214	85.375	253	37	0	1	253	540	792	8.39e-71	263
Seq_909	otu004214	85.771	253	36	0	1	253	540	792	1.80e-72	268
Seq_910	otu002913	89.723	253	26	0	1	253	544	796	3.79e-89	324
Seq_911	otu002913	89.328	253	27	0	1	253	544	796	1.77e-87	318
Seq_912	otu002913	89.328	253	27	0	1	253	544	796	1.77e-87	318
Seq_913	otu001235	87.952	249	28	2	6	253	548	795	1.07e-79	292
Seq_914	otu001523	81.933	238	37	5	16	250	515	749	8.63e-51	196
Seq_915	otu001523	80.000	245	49	0	6	250	505	749	2.42e-46	182
Seq_916	otu004322	76.518	247	54	4	6	250	500	744	2.47e-31	132
Seq_917	otu004322	77.016	248	51	6	6	250	500	744	5.30e-33	137
Seq_918	otu003574	76.863	255	55	3	1	253	520	772	4.10e-34	141
Seq_919	otu002916	78.814	236	48	2	16	250	526	760	4.07e-39	158
Seq_920	otu002916	77.966	236	50	2	16	250	526	760	8.81e-36	147
Seq_921	otu002916	79.237	236	47	2	16	250	526	760	8.75e-41	163
Seq_922	otu002916	78.814	236	48	2	16	250	526	760	4.07e-39	158
Seq_923	otu002916	79.574	235	48	0	16	250	526	760	1.88e-42	169
Seq_924	otu003734	78.968	252	49	4	1	250	487	736	1.88e-42	169
Seq_925	otu002916	78.723	235	50	0	16	250	526	760	4.07e-39	158
Seq_926	otu002916	78.723	235	50	0	16	250	526	760	4.07e-39	158
Seq_927	otu003574	77.255	255	54	4	1	253	520	772	8.81e-36	147
Seq_928	otu000178	76.680	253	53	5	1	250	541	790	1.91e-32	135
Seq_929	otu002916	79.574	235	48	0	16	250	526	760	1.88e-42	169
Seq_930	otu002916	79.574	235	48	0	16	250	526	760	1.88e-42	169
Seq_931	otu002916	78.723	235	50	0	16	250	526	760	4.07e-39	158
Seq_932	otu003330	80.392	255	46	3	1	253	557	809	4.01e-49	191
Seq_933	otu002336	78.740	254	50	4	2	253	479	730	6.77e-42	167
Seq_934	otu003330	80.784	255	45	2	1	253	557	809	8.63e-51	196
Seq_935	otu002672	81.818	242	43	1	10	251	559	799	1.86e-52	202
Seq_936	otu002672	82.231	242	42	1	10	251	559	799	4.00e-54	207
Seq_937	otu000885	83.265	245	32	8	11	251	496	735	6.65e-57	217
Seq_938	otu004322	90.909	253	23	0	1	253	495	747	3.77e-94	340
Seq_939	otu004322	90.909	253	23	0	1	253	495	747	3.77e-94	340
Seq_940	otu004322	88.933	253	28	0	1	253	495	747	8.21e-86	313
Seq_941	otu004322	94.071	253	15	0	1	253	495	747	1.72e-107	385
Seq_942	otu004322	86.166	253	35	0	1	253	495	747	3.88e-74	274
Seq_943	otu004322	86.957	253	33	0	1	253	495	747	1.79e-77	285
Seq_944	otu004322	84.252	254	38	2	1	253	495	747	8.45e-66	246
Seq_945	otu004322	85.039	254	36	2	1	253	495	747	3.90e-69	257
Seq_946	otu003734	79.447	253	52	0	1	253	487	739	8.69e-46	180
Seq_947	otu000546	78.906	256	48	6	1	253	540	792	1.88e-42	169
Seq_948	otu004322	83.399	253	42	0	1	253	495	747	1.83e-62	235
Seq_949	otu004322	81.176	255	44	3	1	253	495	747	1.85e-52	202
Seq_950	otu004322	78.431	255	51	3	1	253	495	747	8.75e-41	163
Seq_951	otu004322	84.585	253	39	0	1	253	495	747	1.82e-67	252
Seq_952	otu004322	83.529	255	38	3	1	253	495	747	1.83e-62	235
Seq_953	otu004322	83.399	253	42	0	1	253	495	747	1.83e-62	235
Seq_954	otu004322	81.496	254	45	2	1	253	495	747	3.99e-54	207
Seq_955	otu004322	81.102	254	46	2	1	253	495	747	1.85e-52	202
Seq_956	otu004550	80.392	255	46	4	1	253	511	763	4.01e-49	191
Seq_957	otu001592	81.423	253	47	0	1	253	502	754	3.99e-54	207
Seq_958	otu003905	81.176	255	44	4	1	253	510	762	1.85e-52	202
Seq_959	otu003905	80.784	255	45	4	1	253	510	762	8.63e-51	196
Seq_960	otu003905	80.784	255	45	4	1	253	510	762	8.63e-51	196
Seq_961	otu003905	81.569	255	43	4	1	253	510	762	3.99e-54	207
Seq_962	otu004550	80.784	255	45	4	1	253	511	763	8.63e-51	196
Seq_963	otu004322	83.399	253	42	0	1	253	495	747	1.83e-62	235
Seq_964	otu004322	83.794	253	41	0	1	253	495	747	3.93e-64	241
Seq_965	otu004322	83.004	253	43	0	1	253	495	747	8.51e-61	230
Seq_966	otu004322	84.190	253	40	0	1	253	495	747	8.45e-66	246
Seq_967	otu004322	82.609	253	44	0	1	253	495	747	3.96e-59	224
Seq_968	otu004322	84.190	253	40	0	1	253	495	747	8.45e-66	246
Seq_969	otu004322	82.609	253	44	0	1	253	495	747	3.96e-59	224
Seq_970	otu004322	81.818	253	46	0	1	253	495	747	8.57e-56	213
Seq_971	otu004322	82.609	253	44	0	1	253	495	747	3.96e-59	224
Seq_972	otu004322	84.980	253	38	0	1	253	495	747	3.90e-69	257
Seq_973	otu004322	84.646	254	37	2	1	253	495	747	1.82e-67	252
Seq_974	otu004322	87.352	253	32	0	1	253	495	747	3.85e-79	291
Seq_975	otu004322	85.375	253	37	0	1	253	495	747	8.39e-71	263
Seq_976	otu004322	84.190	253	40	0	1	253	495	747	8.45e-66	246
Seq_977	otu004322	84.585	253	39	0	1	253	495	747	1.82e-67	252
Seq_978	otu004322	83.794	253	41	0	1	253	495	747	3.93e-64	241
Seq_979	otu004322	83.071	254	41	2	1	253	495	747	8.51e-61	230
Seq_980	otu004322	83.071	254	41	2	1	253	495	747	8.51e-61	230
Seq_981	otu004322	83.858	254	39	2	1	253	495	747	3.93e-64	241
Seq_982	otu004322	85.771	253	36	0	1	253	495	747	1.80e-72	268
Seq_983	otu004322	84.585	253	39	0	1	253	495	747	1.82e-67	252
Seq_984	otu004322	84.585	253	39	0	1	253	495	747	1.82e-67	252
Seq_985	otu004322	85.771	253	36	0	1	253	495	747	1.80e-72	268
Seq_986	otu004322	84.190	253	40	0	1	253	495	747	8.45e-66	246
Seq_987	otu004322	83.004	253	43	0	1	253	495	747	8.51e-61	230
Seq_988	otu004322	83.004	253	43	0	1	253	495	747	8.51e-61	230
Seq_989	otu003430	77.432	257	51	7	2	256	498	749	8.93e-36	147
Seq_990	otu004322	88.538	253	29	0	1	253	495	747	3.82e-84	307
Seq_991	otu004322	89.723	253	26	0	1	253	495	747	3.79e-89	324
Seq_992	otu004322	86.561	253	34	0	1	253	495	747	8.33e-76	279
Seq_993	otu004322	84.980	253	38	0	1	253	495	747	3.90e-69	257
Seq_994	otu004322	85.771	253	36	0	1	253	495	747	1.80e-72	268
Seq_995	otu004322	88.142	253	30	0	1	253	495	747	1.78e-82	302
Seq_996	otu004322	90.119	253	25	0	1	253	495	747	8.15e-91	329
Seq_997	otu004322	86.166	253	35	0	1	253	495	747	3.88e-74	274
Seq_998	otu004322	86.166	253	35	0	1	253	495	747	3.88e-74	274
Seq_999	otu004322	83.858	254	40	1	1	254	495	747	3.95e-64	241
Seq_1000	otu003330	82.800	250	38	5	6	253	562	808	1.84e-57	219
Seq_1001	otu001331	81.641	256	43	4	1	255	523	775	1.12e-54	209
Seq_1002	otu002565	81.176	255	44	4	1	253	521	773	1.85e-52	202
Seq_1003	otu002364	83.465	254	40	2	1	253	515	767	1.83e-62	235
Seq_1004	otu004322	81.102	254	46	2	1	253	495	747	1.85e-52	202
Seq_1005	otu003330	76.892	251	51	7	6	253	562	808	1.91e-32	135
Seq_1006	otu004550	82.813	256	38	5	1	253	511	763	3.96e-59	224
Seq_1007	otu003330	80.952	231	44	0	6	236	562	792	6.72e-47	183
Seq_1008	otu004343	80.315	254	48	2	1	253	492	744	4.01e-49	191
Seq_1009	otu001331	82.283	254	43	2	1	253	523	775	1.84e-57	219
Seq_1010	otu001331	81.890	254	44	2	1	253	523	775	8.57e-56	213
Seq_1011	otu003200	81.423	253	47	0	1	253	506	758	3.99e-54	207
Seq_1012	otu004359	81.323	257	40	8	1	253	504	756	1.85e-52	202
Seq_1013	otu003200	82.283	254	43	2	1	253	506	758	1.84e-57	219
Seq_1014	otu003810	82.422	256	39	5	1	253	515	767	1.84e-57	219
Seq_1015	otu003810	82.813	256	38	5	1	253	515	767	3.96e-59	224
Seq_1016	otu003810	82.813	256	38	5	1	253	515	767	3.96e-59	224
Seq_1017	otu003143	80.000	255	47	4	1	253	501	753	1.87e-47	185
Seq_1018	otu003250	81.301	246	40	6	11	253	515	757	3.10e-50	195
Seq_1019	otu004322	85.433	254	35	2	1	253	495	747	8.39e-71	263
Seq_1020	otu004322	85.827	254	34	2	1	253	495	747	1.80e-72	268
Seq_1021	otu004322	86.614	254	32	2	1	253	495	747	8.33e-76	279
Seq_1022	otu004322	85.039	254	36	2	1	253	495	747	3.90e-69	257
Seq_1023	otu004322	85.433	254	35	2	1	253	495	747	8.39e-71	263
Seq_1024	otu004322	85.039	254	36	2	1	253	495	747	3.90e-69	257
Seq_1025	otu004322	86.220	254	33	2	1	253	495	747	3.88e-74	274
Seq_1026	otu004322	87.008	254	31	2	1	253	495	747	1.79e-77	285
Seq_1027	otu004322	85.827	254	34	2	1	253	495	747	1.80e-72	268
Seq_1028	otu004322	85.433	254	35	2	1	253	495	747	8.39e-71	263
Seq_1029	otu004322	85.039	254	36	2	1	253	495	747	3.90e-69	257
Seq_1030	otu004294	84.000	250	36	4	6	253	548	795	5.08e-63	237
Seq_1031	otu001235	83.333	252	42	0	2	253	544	795	6.58e-62	233
Seq_1032	otu003483	82.677	254	40	4	2	253	539	790	1.42e-58	222
Seq_1033	otu004014	83.399	253	42	0	1	253	527	779	1.83e-62	235
Seq_1034	otu004014	83.794	253	41	0	1	253	527	779	3.93e-64	241
Seq_1035	otu004014	83.922	255	37	4	1	253	527	779	3.93e-64	241
Seq_1036	otu003120	82.213	253	43	2	2	253	524	775	6.62e-57	217
Seq_1037	otu000503	82.000	250	40	5	7	253	529	776	3.99e-54	207
Seq_1038	otu004582	81.200	250	42	5	7	253	538	785	8.63e-51	196
Seq_1039	otu004101	84.646	254	33	6	3	253	549	799	2.35e-66	248
Seq_1040	otu004101	83.071	254	37	6	3	253	549	799	1.10e-59	226
Seq_1041	otu004101	83.071	254	37	6	3	253	549	799	1.10e-59	226
Seq_1042	otu000186	98.814	253	3	0	1	253	517	769	1.67e-127	451
Seq_1043	otu003917	100.000	253	0	0	1	253	513	765	1.66e-132	468
Seq_1044	otu001838	98.814	253	3	0	1	253	516	768	1.67e-127	451
Seq_1045	otu001838	97.628	253	6	0	1	253	516	768	1.68e-122	435
Seq_1046	otu000503	81.496	254	45	2	1	253	524	776	3.99e-54	207
Seq_1047	otu003995	81.102	254	46	2	1	253	506	758	1.85e-52	202
Seq_1048	otu003995	80.709	254	47	2	1	253	506	758	8.63e-51	196
Seq_1049	otu004098	83.529	255	38	4	1	253	642	894	1.83e-62	235
Seq_1059	otu003340	77.674	215	42	6	15	226	499	710	1.15e-29	126
Seq_1060	otu003340	76.279	215	45	6	15	226	499	710	1.16e-24	110
Seq_1062	otu003340	76.744	215	44	6	15	226	499	710	2.49e-26	115
Seq_1066	otu004074	83.268	257	35	8	1	253	666	918	8.51e-61	230
Seq_1068	otu003162	84.553	123	16	3	133	253	664	785	1.92e-27	119
Seq_1069	otu000749	81.641	256	41	6	1	253	527	779	3.99e-54	207
Seq_1070	otu000749	81.641	256	41	6	1	253	527	779	3.99e-54	207
Seq_1071	otu000749	81.641	256	41	6	1	253	527	779	3.99e-54	207
Seq_1072	otu000749	80.632	253	49	0	1	253	527	779	8.63e-51	196
Seq_1073	otu000756	77.143	245	52	4	11	253	499	741	1.47e-33	139
Seq_1074	otu000756	77.459	244	53	2	11	253	499	741	3.17e-35	145
Seq_1075	otu000749	80.709	254	47	2	1	253	527	779	8.63e-51	196
Seq_1076	otu000749	82.422	256	39	6	1	253	527	779	1.84e-57	219
Seq_1077	otu002344	82.661	248	42	1	6	253	481	727	1.84e-57	219
Seq_1078	otu001498	78.039	255	52	4	1	253	533	785	4.07e-39	158
Seq_1079	otu000749	81.641	256	41	6	1	253	527	779	3.99e-54	207
Seq_1081	otu003066	82.213	253	45	0	1	253	474	726	1.84e-57	219
Seq_1082	otu002539	83.268	257	35	7	1	253	542	794	8.51e-61	230
Seq_1083	otu003162	75.875	257	53	9	1	253	534	785	1.49e-28	122
Seq_1084	otu000749	80.816	245	43	4	11	253	537	779	1.44e-48	189
Seq_1085	otu000749	81.224	245	42	4	11	253	537	779	3.10e-50	195
Seq_1086	otu000749	81.224	245	42	4	11	253	537	779	3.10e-50	195
Seq_1087	otu000749	81.633	245	41	4	11	253	537	779	6.67e-52	200
Seq_1088	otu003140	80.078	256	43	8	2	253	548	799	6.72e-47	183
Seq_1089	otu000756	77.291	251	50	7	6	253	495	741	4.10e-34	141
Seq_1090	otu000749	80.000	255	47	4	1	253	527	779	1.87e-47	185
Seq_1091	otu001609	80.080	251	38	11	9	253	513	757	1.12e-44	176
Seq_1092	otu001609	80.556	252	39	10	7	253	511	757	1.87e-47	185
Seq_1093	otu003430	79.920	249	47	3	6	253	503	749	8.69e-46	180
Seq_1096	otu002457	80.859	256	43	6	1	253	523	775	8.63e-51	196
Seq_1097	otu002915	76.735	245	53	4	11	253	520	762	6.86e-32	134
Seq_1098	otu003410	76.305	249	50	9	6	250	514	757	4.13e-29	124
Seq_1099	otu003410	75.904	249	51	9	6	250	514	757	1.92e-27	119
Seq_1100	otu002183	79.487	234	44	4	14	245	518	749	8.75e-41	163
Seq_1101	otu004443	80.392	255	46	4	1	253	555	807	4.01e-49	191
Seq_1102	otu004443	80.392	255	46	4	1	253	555	807	4.01e-49	191
Seq_1103	otu002344	82.258	248	44	0	6	253	480	727	2.38e-56	215
Seq_1104	otu003140	81.781	247	39	6	10	253	556	799	1.85e-52	202
Seq_1105	otu003430	78.279	244	53	0	10	253	506	749	4.07e-39	158
Seq_1106	otu002457	80.469	256	44	6	1	253	523	775	4.01e-49	191
Seq_1107	otu002457	78.824	255	50	4	1	253	523	775	1.88e-42	169
Seq_1108	otu000749	80.469	256	44	6	1	253	527	779	4.01e-49	191
Seq_1109	otu003857	80.000	250	45	5	6	253	572	818	8.69e-46	180
Seq_1110	otu002245	80.078	256	45	6	1	253	543	795	1.87e-47	185
Seq_1111	otu000756	78.279	244	51	2	11	253	499	741	1.46e-38	156
Seq_1112	otu001706	81.557	244	45	0	10	253	557	800	1.85e-52	202
Seq_1113	otu001706	81.148	244	46	0	10	253	557	800	8.63e-51	196
Seq_1114	otu001609	81.712	257	29	16	6	253	510	757	2.40e-51	198
Seq_1115	otu001609	80.934	257	31	16	6	253	510	757	5.19e-48	187
Seq_1116	otu001609	81.712	257	29	16	6	253	510	757	2.40e-51	198
Seq_1117	otu001609	81.323	257	30	16	6	253	510	757	1.12e-49	193
Seq_1118	otu001706	81.855	248	45	0	6	253	553	800	1.11e-54	209
Seq_1119	otu001706	79.518	249	48	3	6	253	554	800	4.04e-44	174
Seq_1120	otu000749	80.469	256	44	6	1	253	527	779	4.01e-49	191
Seq_1121	otu001706	80.242	248	49	0	6	253	553	800	5.19e-48	187
Seq_1122	otu003430	79.200	250	48	4	6	253	502	749	5.23e-43	171
Seq_1123	otu003430	82.377	244	41	2	11	253	507	749	3.08e-55	211
Seq_1124	otu003430	80.645	248	47	1	6	253	503	749	4.01e-49	191
Seq_1125	otu003430	81.048	248	46	1	6	253	503	749	8.63e-51	196
Seq_1126	otu000756	78.138	247	46	8	11	253	499	741	6.81e-37	150
Seq_1127	otu004176	81.124	249	45	2	6	253	526	773	2.40e-51	198
Seq_1128	otu003430	81.070	243	46	0	11	253	507	749	3.10e-50	195
Seq_1129	otu002539	79.200	250	48	4	6	253	547	794	5.23e-43	171
Seq_1130	otu003430	82.000	250	40	5	6	253	503	749	3.99e-54	207
Seq_1131	otu000562	78.968	252	43	10	6	253	500	745	8.75e-41	163
Seq_1132	otu000562	78.968	252	43	10	6	253	500	745	8.75e-41	163
Seq_1133	otu001706	81.526	249	44	2	6	253	553	800	5.16e-53	204
Seq_1134	otu001609	81.028	253	38	9	6	253	510	757	1.12e-49	193
Seq_1135	otu002183	81.702	235	37	4	14	245	518	749	4.01e-49	191
Seq_1136	otu001642	80.242	248	39	10	11	253	535	777	3.13e-45	178
Seq_1137	otu001609	79.528	254	40	11	6	253	510	757	5.23e-43	171
Seq_1138	otu002183	82.128	235	36	4	14	245	518	749	8.63e-51	196
Seq_1139	otu004014	81.855	248	35	10	11	253	537	779	6.67e-52	200
Seq_1140	otu004292	77.432	257	48	10	1	252	496	747	3.17e-35	145
Seq_1141	otu001498	77.642	246	51	4	10	253	542	785	8.81e-36	147
Seq_1142	otu001706	80.242	248	49	0	6	253	553	800	5.19e-48	187
Seq_1143	otu003430	78.656	253	43	10	6	253	503	749	4.07e-39	158
Seq_1146	otu002539	79.920	249	48	2	6	253	547	794	2.42e-46	182
Seq_1147	otu002539	80.321	249	47	2	6	253	547	794	5.19e-48	187
Seq_1148	otu000286	80.242	248	49	0	6	253	526	773	5.19e-48	187
Seq_1149	otu002539	80.000	250	46	4	6	253	547	794	2.42e-46	182
Seq_1150	otu002539	79.600	250	47	4	6	253	547	794	1.12e-44	176
Seq_1151	otu004570	79.051	253	47	6	1	250	536	785	1.88e-42	169
Seq_1152	otu001571	79.297	256	45	8	2	253	541	792	1.45e-43	172
Seq_1153	otu002830	79.216	255	49	4	1	253	540	792	4.04e-44	174
Seq_1154	otu000286	80.242	248	49	0	6	253	526	773	5.19e-48	187
Seq_1155	otu000286	80.242	248	49	0	6	253	526	773	5.19e-48	187
Seq_1156	otu002539	79.920	249	48	2	6	253	547	794	2.42e-46	182
Seq_1157	otu002539	80.321	249	47	2	6	253	547	794	5.19e-48	187
Seq_1158	otu002539	80.321	249	47	2	6	253	547	794	5.19e-48	187
Seq_1159	otu000286	80.242	248	49	0	6	253	526	773	5.19e-48	187
Seq_1160	otu004107	77.953	254	44	11	6	253	558	805	2.45e-36	148
Seq_1161	otu000503	78.906	256	48	6	1	253	524	776	1.88e-42	169
Seq_1162	otu003430	79.681	251	45	6	6	253	502	749	1.12e-44	176
Seq_1163	otu003430	79.681	251	45	6	6	253	502	749	1.12e-44	176
Seq_1164	otu003430	79.681	251	45	6	6	253	502	749	1.12e-44	176
Seq_1165	otu003430	79.681	251	45	6	6	253	502	749	1.12e-44	176
Seq_1166	otu002183	78.903	237	40	8	14	245	518	749	1.89e-37	152
Seq_1167	otu003071	79.051	253	47	6	1	250	528	777	1.88e-42	169
Seq_1168	otu002539	79.600	250	47	4	6	253	547	794	1.12e-44	176
Seq_1169	otu002539	80.000	250	46	4	6	253	547	794	2.42e-46	182
Seq_1170	otu002539	80.080	251	44	6	6	253	547	794	2.42e-46	182
Seq_1171	otu002539	80.800	250	44	4	6	253	547	794	1.12e-49	193
Seq_1172	otu002539	80.400	250	45	4	6	253	547	794	5.19e-48	187
Seq_1173	otu002539	80.400	250	45	4	6	253	547	794	5.19e-48	187
Seq_1174	otu002539	80.800	250	44	4	6	253	547	794	1.12e-49	193
Seq_1175	otu002539	80.723	249	46	2	6	253	547	794	1.12e-49	193
Seq_1176	otu002539	79.920	249	48	2	6	253	547	794	2.42e-46	182
Seq_1177	otu002539	80.321	249	47	2	6	253	547	794	5.19e-48	187
Seq_1178	otu002539	80.723	249	46	2	6	253	547	794	1.12e-49	193
Seq_1179	otu002539	80.000	250	46	4	6	253	547	794	2.42e-46	182
Seq_1180	otu002539	79.518	249	49	2	6	253	547	794	1.12e-44	176
Seq_1181	otu002539	79.920	249	48	2	6	253	547	794	2.42e-46	182
Seq_1182	otu003637	86.275	255	31	4	1	253	484	736	3.88e-74	274
Seq_1183	otu003637	85.827	254	34	2	1	253	484	736	1.80e-72	268
Seq_1184	otu003430	82.731	249	41	2	6	253	502	749	5.12e-58	220
Seq_1185	otu002183	81.702	235	37	6	14	245	518	749	4.01e-49	191
Seq_1186	otu000002	80.545	257	42	8	1	253	542	794	4.01e-49	191
Seq_1188	otu000756	83.673	147	24	0	107	253	595	741	1.47e-33	139
Seq_1189	otu000562	77.381	252	47	10	6	253	500	745	4.10e-34	141
Seq_1190	otu003612	81.102	254	46	2	1	253	525	777	1.85e-52	202
Seq_1191	otu004098	83.137	255	39	4	1	253	642	894	8.51e-61	230
Seq_1192	otu003821	82.031	256	40	6	1	253	531	783	8.57e-56	213
Seq_1193	otu004098	83.594	256	36	6	1	253	642	894	1.83e-62	235
Seq_1194	otu002581	81.569	255	43	4	1	253	648	900	3.99e-54	207
Seq_1195	otu001597	80.000	255	47	4	1	253	530	782	1.87e-47	185
Seq_1196	otu001597	80.156	257	43	8	1	253	530	782	1.87e-47	185
Seq_1197	otu004034	80.859	256	43	6	1	253	484	736	8.63e-51	196
Seq_1198	otu003612	81.323	257	40	8	1	253	525	777	1.85e-52	202
Seq_1199	otu004098	80.934	257	41	8	1	253	642	894	8.63e-51	196
Seq_1200	otu004098	80.545	257	42	8	1	253	642	894	4.01e-49	191
Seq_1201	otu001737	80.709	254	47	2	1	253	514	766	8.63e-51	196
Seq_1202	otu003320	81.423	253	47	0	1	253	522	774	3.99e-54	207
Seq_1203	otu003320	80.237	253	50	0	1	253	522	774	4.01e-49	191
Seq_1204	otu004098	81.250	256	42	6	1	253	642	894	1.85e-52	202
Seq_1205	otu004074	80.859	256	43	6	1	253	666	918	8.63e-51	196
Seq_1206	otu003902	82.833	233	36	4	23	253	550	780	1.43e-53	206
Seq_1207	otu003902	82.833	233	36	4	23	253	550	780	1.43e-53	206
Seq_1208	otu001174	79.134	254	51	2	1	253	530	782	4.04e-44	174
Seq_1209	otu004014	80.851	235	37	8	23	253	549	779	3.13e-45	178
Seq_1210	otu001174	79.608	255	48	4	1	253	530	782	8.69e-46	180
Seq_1211	otu001174	80.156	257	43	8	1	253	530	782	1.87e-47	185
Seq_1212	otu002485	82.186	247	36	8	11	253	569	811	1.43e-53	206
Seq_1213	otu002485	82.258	248	34	9	11	253	569	811	1.43e-53	206
Seq_1214	otu003902	83.404	235	31	8	23	253	550	780	3.08e-55	211
Seq_1215	otu002581	82.490	257	37	8	1	253	648	900	1.84e-57	219
Seq_1216	otu001804	76.772	254	57	2	1	253	531	783	4.10e-34	141
Seq_1217	otu001804	76.772	254	57	2	1	253	531	783	4.10e-34	141
Seq_1218	otu003389	81.250	256	41	7	1	253	521	772	6.67e-52	200
Seq_1219	otu002581	81.961	255	42	4	1	253	648	900	8.57e-56	213
Seq_1220	otu001597	80.233	258	41	10	1	253	530	782	1.87e-47	185
Seq_1221	otu000581	80.156	257	43	8	1	253	525	777	1.87e-47	185
Seq_1222	otu003320	79.767	257	44	8	1	253	522	774	8.69e-46	180
Seq_1223	otu002245	82.213	253	45	0	1	253	543	795	1.84e-57	219
Seq_1224	otu000503	82.101	257	38	8	1	253	524	776	8.57e-56	213
Seq_1225	otu001713	80.392	255	46	4	1	253	496	748	4.01e-49	191
Seq_1226	otu003998	82.353	255	39	6	2	253	505	756	6.62e-57	217
Seq_1227	otu003320	81.250	256	42	6	1	253	522	774	1.85e-52	202
Seq_1228	otu003780	80.784	255	45	4	1	253	525	777	8.63e-51	196
Seq_1229	otu001713	81.176	255	44	4	1	253	496	748	1.85e-52	202
Seq_1230	otu001713	80.934	257	41	7	1	253	496	748	8.63e-51	196
Seq_1231	otu001597	80.934	257	41	8	1	253	530	782	8.63e-51	196
Seq_1232	otu003780	80.000	255	47	4	1	253	525	777	1.87e-47	185
Seq_1233	otu003340	77.273	242	43	10	15	250	499	734	2.47e-31	132
Seq_1234	otu001597	79.608	255	48	4	1	253	530	782	8.69e-46	180
Seq_1235	otu004098	83.984	256	35	6	1	253	642	894	3.93e-64	241
Seq_1236	otu004098	83.658	257	34	8	1	253	642	894	1.83e-62	235
Seq_1237	otu002245	83.071	254	41	2	1	253	543	795	8.51e-61	230
Seq_1238	otu004098	83.137	255	39	4	1	253	642	894	8.51e-61	230
Seq_1239	otu002245	83.004	253	43	0	1	253	543	795	8.51e-61	230
Seq_1240	otu002245	82.213	253	45	0	1	253	543	795	1.84e-57	219
Seq_1241	otu000503	82.283	254	43	2	1	253	524	776	1.84e-57	219
Seq_1242	otu004176	83.004	253	43	0	1	253	521	773	8.51e-61	230
Seq_1243	otu004098	83.594	256	36	6	1	253	642	894	1.83e-62	235
Seq_1244	otu002245	83.004	253	43	0	1	253	543	795	8.51e-61	230
Seq_1245	otu001737	80.000	255	47	4	1	253	514	766	1.87e-47	185
Seq_1246	otu002245	79.447	253	52	0	1	253	543	795	8.69e-46	180
Seq_1247	otu004098	81.569	255	43	4	1	253	642	894	3.99e-54	207
Seq_1248	otu004098	81.961	255	42	4	1	253	642	894	8.57e-56	213
Seq_1249	otu004098	82.353	255	41	4	1	253	642	894	1.84e-57	219
Seq_1250	otu000503	79.921	254	49	2	1	253	524	776	1.87e-47	185
Seq_1251	otu003320	79.528	254	50	2	1	253	522	774	8.69e-46	180
Seq_1252	otu004458	80.469	256	44	5	1	253	505	757	4.01e-49	191
Seq_1253	otu004458	80.545	257	42	7	1	253	505	757	4.01e-49	191
Seq_1254	otu001804	79.688	256	46	6	1	253	531	783	8.69e-46	180
Seq_1255	otu003254	77.470	253	50	7	1	250	550	798	3.17e-35	145
Seq_1256	otu000286	81.250	256	42	6	1	253	521	773	1.85e-52	202
Seq_1257	otu000816	81.176	255	44	4	1	253	553	805	1.85e-52	202
Seq_1258	otu002672	79.762	252	51	0	2	253	551	802	6.72e-47	183
Seq_1259	otu004446	83.137	255	39	4	1	253	544	796	8.51e-61	230
Seq_1260	otu002245	81.890	254	44	2	1	253	543	795	8.57e-56	213
Seq_1261	otu003977	79.447	253	52	0	1	253	543	795	8.69e-46	180
Seq_1262	otu000503	79.447	253	52	0	1	253	524	776	8.69e-46	180
Seq_1263	otu001511	78.988	257	46	7	1	253	510	762	1.88e-42	169
Seq_1264	otu003612	82.422	256	39	6	1	253	525	777	1.84e-57	219
Seq_1265	otu001818	78.512	242	42	10	1	237	503	739	6.81e-37	150
Seq_1266	otu003320	77.470	253	57	0	1	253	522	774	1.89e-37	152
Seq_1267	otu001235	79.134	254	51	2	1	253	543	795	4.04e-44	174
Seq_1268	otu001235	79.377	257	45	7	1	253	543	795	4.04e-44	174
Seq_1269	otu000885	81.028	253	48	0	1	253	486	738	1.85e-52	202
Seq_1270	otu001631	76.062	259	49	11	1	253	469	720	1.49e-28	122
Seq_1273	otu004014	78.049	246	48	6	11	253	537	779	6.81e-37	150
Seq_1274	otu002911	78.138	247	49	4	6	250	553	796	1.89e-37	152
Seq_1275	otu000479	77.200	250	53	4	6	253	555	802	1.14e-34	143
Seq_1276	otu001609	78.740	254	42	11	6	253	510	757	1.13e-39	159
Seq_1277	otu001609	78.824	255	40	13	6	253	510	757	1.13e-39	159
Seq_1278	otu002911	79.762	252	45	5	2	250	548	796	3.13e-45	178
Seq_1279	otu001609	81.496	254	33	13	7	253	511	757	8.63e-51	196
Seq_1280	otu004215	81.028	253	37	7	6	253	529	775	4.01e-49	191
Seq_1284	otu000503	83.399	253	42	0	1	253	524	776	1.83e-62	235
Seq_1285	otu000503	84.190	253	40	0	1	253	524	776	8.45e-66	246
Seq_1286	otu000503	83.794	253	41	0	1	253	524	776	3.93e-64	241
Seq_1287	otu000749	81.818	253	46	0	1	253	527	779	8.57e-56	213
Seq_1288	otu000749	82.213	253	45	0	1	253	527	779	1.84e-57	219
Seq_1289	otu000209	87.387	111	14	0	1	111	527	637	3.19e-30	128
Seq_1290	otu000128	82.813	256	38	6	1	253	552	804	3.96e-59	224
Seq_1291	otu000128	82.031	256	40	6	1	253	552	804	8.57e-56	213
Seq_1292	otu004236	81.673	251	44	2	1	250	472	721	3.99e-54	207
Seq_1293	otu004236	81.275	251	45	2	1	250	472	721	1.85e-52	202
Seq_1294	otu002980	83.137	255	39	4	1	253	474	726	8.51e-61	230
Seq_1295	otu002980	82.745	255	40	4	1	253	474	726	3.96e-59	224
Seq_1296	otu000943	82.422	256	34	9	1	250	629	879	8.57e-56	213
Seq_1297	otu000851	78.400	250	52	2	2	250	529	777	3.15e-40	161
Seq_1298	otu000851	79.681	251	47	4	2	250	529	777	3.13e-45	178
Seq_1299	otu002539	82.677	254	42	2	1	253	542	794	3.96e-59	224
Seq_1300	otu003907	80.859	256	42	6	1	253	519	770	3.10e-50	195
Seq_1301	otu004374	80.315	254	48	2	1	253	501	753	4.01e-49	191
Seq_1302	otu000788	79.297	256	48	5	1	253	509	762	4.04e-44	174
Seq_1303	otu004218	82.031	256	40	5	1	253	504	756	8.57e-56	213
Seq_1304	otu004218	81.641	256	41	5	1	253	504	756	3.99e-54	207
Seq_1305	otu004218	82.031	256	40	5	1	253	504	756	8.57e-56	213
Seq_1306	otu002190	80.876	251	46	2	1	250	519	768	8.63e-51	196
Seq_1307	otu002190	81.275	251	45	2	1	250	519	768	1.85e-52	202
Seq_1308	otu000399	82.379	227	38	2	1	226	554	779	8.63e-51	196
Seq_1309	otu002088	79.051	253	53	0	1	253	534	786	4.04e-44	174
Seq_1310	otu002449	83.673	245	40	0	6	250	494	738	2.37e-61	231
Seq_1311	otu002449	84.898	245	37	0	6	250	494	738	2.35e-66	248
Seq_1312	otu002449	87.398	246	29	2	6	250	494	738	2.32e-76	281
Seq_1313	otu002449	86.179	246	32	2	6	250	494	738	2.33e-71	265
Seq_1314	otu002449	83.740	246	38	2	6	250	494	738	2.37e-61	231
Seq_1315	otu002449	84.553	246	36	2	6	250	494	738	1.09e-64	243
Seq_1316	otu002746	83.197	244	37	4	12	253	558	799	5.12e-58	220
Seq_1317	otu004101	83.197	244	37	4	12	253	558	799	5.12e-58	220
Seq_1318	otu002746	83.333	246	33	8	12	253	558	799	5.12e-58	220
Seq_1319	otu000060	85.246	244	32	4	12	253	558	799	2.35e-66	248
Seq_1320	otu003574	84.921	252	34	4	1	250	520	769	1.82e-67	252
Seq_1321	otu003574	84.190	253	40	0	1	253	520	772	8.45e-66	246
Seq_1322	otu003574	83.399	253	42	0	1	253	520	772	1.83e-62	235
Seq_1323	otu003574	85.882	255	32	4	1	253	520	772	1.80e-72	268
Seq_1324	otu000622	81.781	247	39	4	1	244	499	742	1.85e-52	202
Seq_1325	otu004389	84.252	254	38	2	1	253	523	775	8.45e-66	246
Seq_1326	otu004389	83.529	255	32	9	1	250	523	772	8.51e-61	230
Seq_1327	otu004389	83.137	255	33	9	1	250	523	772	3.96e-59	224
Seq_1328	otu004389	82.946	258	28	14	1	250	523	772	1.84e-57	219
Seq_1329	otu004389	84.921	252	34	4	1	250	523	772	1.82e-67	252
Seq_1330	otu003574	86.220	254	33	2	1	253	520	772	3.88e-74	274
Seq_1331	otu003574	84.646	254	37	2	1	253	520	772	1.82e-67	252
Seq_1332	otu004008	85.597	243	33	2	12	253	539	780	5.05e-68	254
Seq_1333	otu004008	85.597	243	33	2	12	253	539	780	5.05e-68	254
Seq_1334	otu003574	84.861	251	36	2	1	250	520	769	1.82e-67	252
Seq_1335	otu004101	83.740	246	32	8	12	253	558	799	1.10e-59	226
Seq_1336	otu004101	83.333	246	33	8	12	253	558	799	5.12e-58	220
Seq_1337	otu004101	84.211	247	29	10	12	253	558	799	2.37e-61	231
Seq_1338	otu002516	83.529	255	37	5	1	253	500	751	6.58e-62	233
Seq_1339	otu003308	86.992	246	32	0	1	246	534	779	3.00e-75	278
Seq_1340	otu003308	87.398	246	31	0	1	246	534	779	6.44e-77	283
Seq_1341	otu003308	86.179	246	34	0	1	246	534	779	6.48e-72	267
Seq_1342	otu004389	86.056	251	33	2	1	250	523	772	1.80e-72	268
Seq_1343	otu003574	84.861	251	36	2	1	250	520	769	1.82e-67	252
Seq_1344	otu003574	84.462	251	37	2	1	250	520	769	8.45e-66	246
Seq_1345	otu004389	85.375	253	31	6	1	250	523	772	3.90e-69	257
Seq_1346	otu003308	83.871	248	36	4	1	246	534	779	6.58e-62	233
Seq_1347	otu004389	83.730	252	37	4	1	250	523	772	1.83e-62	235
Seq_1348	otu004389	86.056	251	33	2	1	250	523	772	1.80e-72	268
Seq_1349	otu003308	86.290	248	30	4	1	246	534	779	6.48e-72	267
Seq_1350	otu004008	83.058	242	41	0	12	253	539	780	5.12e-58	220
Seq_1351	otu004389	83.399	253	36	6	1	250	523	772	8.51e-61	230
Seq_1352	otu004389	84.314	255	30	10	1	250	523	772	3.93e-64	241
Seq_1353	otu004389	85.098	255	33	5	1	252	523	775	1.40e-68	255
Seq_1354	otu003574	85.098	255	34	4	1	253	520	772	3.90e-69	257
Seq_1355	otu003574	84.127	252	36	4	1	250	520	769	3.93e-64	241
Seq_1356	otu004389	83.137	255	33	10	1	250	523	772	3.96e-59	224
Seq_1357	otu004389	83.794	253	35	6	1	250	523	772	1.83e-62	235
Seq_1358	otu000756	83.922	255	37	4	1	253	489	741	3.93e-64	241
Seq_1359	otu000756	84.314	255	36	4	1	253	489	741	8.45e-66	246
Seq_1360	otu000756	83.529	255	38	4	1	253	489	741	1.83e-62	235
Seq_1361	otu004389	84.190	253	34	6	1	250	523	772	3.93e-64	241
Seq_1362	otu003308	86.561	253	34	0	1	253	534	786	8.33e-76	279
Seq_1363	otu003574	86.957	253	33	0	1	253	520	772	1.79e-77	285
Seq_1364	otu003574	88.538	253	29	0	1	253	520	772	3.82e-84	307
Seq_1365	otu003574	87.008	254	31	2	1	253	520	772	1.79e-77	285
Seq_1366	otu003574	90.909	253	23	0	1	253	520	772	3.77e-94	340
Seq_1367	otu003574	89.412	255	23	4	1	253	520	772	1.77e-87	318
Seq_1368	otu003574	89.412	255	23	4	1	253	520	772	1.77e-87	318
Seq_1369	otu003574	88.189	254	28	2	1	253	520	772	1.78e-82	302
Seq_1370	otu003574	88.933	253	28	0	1	253	520	772	8.21e-86	313
Seq_1371	otu003574	86.166	253	35	0	1	253	520	772	3.88e-74	274
Seq_1372	otu003574	86.614	254	32	2	1	253	520	772	8.33e-76	279
Seq_1373	otu004389	85.156	256	32	6	1	253	523	775	3.90e-69	257
Seq_1374	otu004389	83.721	258	32	10	1	253	523	775	1.83e-62	235
Seq_1375	otu004389	83.784	259	30	12	1	253	523	775	1.83e-62	235
Seq_1376	otu004389	85.214	257	30	8	1	253	523	775	3.90e-69	257
Seq_1377	otu004389	85.603	257	29	8	1	253	523	775	8.39e-71	263
Seq_1378	otu004389	84.825	257	31	8	1	253	523	775	1.82e-67	252
Seq_1379	otu004389	84.109	258	31	10	1	253	523	775	3.93e-64	241
Seq_1380	otu004389	84.766	256	33	6	1	253	523	775	1.82e-67	252
Seq_1381	otu004389	83.721	258	32	10	1	253	523	775	1.83e-62	235
Seq_1382	otu004389	83.984	256	35	6	1	253	523	775	3.93e-64	241
Seq_1383	otu001939	81.148	244	32	14	1	237	502	738	6.72e-47	183
Seq_1384	otu003939	83.399	253	33	7	6	253	506	754	1.10e-59	226
Seq_1385	otu003939	83.399	253	33	7	6	253	506	754	1.10e-59	226
Seq_1386	otu003939	83.794	253	32	7	6	253	506	754	2.37e-61	231
Seq_1387	otu001609	83.529	255	28	13	6	253	510	757	1.10e-59	226
Seq_1388	otu004164	85.200	250	33	4	6	253	535	782	5.05e-68	254
Seq_1389	otu004164	84.800	250	34	4	6	253	535	782	2.35e-66	248
Seq_1390	otu000128	83.600	250	33	8	4	250	557	801	3.06e-60	228
Seq_1391	otu003308	83.806	247	38	2	1	246	534	779	6.58e-62	233
Seq_1392	otu004570	81.028	253	42	5	1	250	536	785	8.63e-51	196
Seq_1393	otu003330	87.600	250	31	0	1	250	557	806	3.85e-79	291
Seq_1394	otu003330	87.200	250	32	0	1	250	557	806	1.79e-77	285
Seq_1395	otu003330	88.000	250	30	0	1	250	557	806	8.27e-81	296
Seq_1396	otu003330	86.166	253	34	1	1	253	557	808	1.39e-73	272
Seq_1397	otu003330	86.957	253	32	1	1	253	557	808	6.44e-77	283
Seq_1398	otu003330	86.166	253	34	1	1	253	557	808	1.39e-73	272
Seq_1399	otu003330	86.561	253	33	1	1	253	557	808	3.00e-75	278
Seq_1400	otu003330	87.352	253	31	1	1	253	557	808	1.38e-78	289
Seq_1401	otu003330	86.561	253	33	1	1	253	557	808	3.00e-75	278
Seq_1402	otu003330	87.352	253	31	1	1	253	557	808	1.38e-78	289
Seq_1403	otu003330	87.352	253	31	1	1	253	557	808	1.38e-78	289
Seq_1404	otu003330	84.980	253	37	1	1	253	557	808	1.40e-68	255
Seq_1405	otu003330	86.957	253	32	1	1	253	557	808	6.44e-77	283
Seq_1406	otu003330	86.561	253	33	1	1	253	557	808	3.00e-75	278
Seq_1407	otu003330	85.375	253	36	1	1	253	557	808	3.02e-70	261
Seq_1408	otu003330	83.858	254	38	3	1	253	557	808	1.41e-63	239
Seq_1409	otu000128	85.950	242	32	2	10	250	561	801	3.90e-69	257
Seq_1410	otu003330	82.609	253	43	1	1	253	557	808	1.42e-58	222
Seq_1411	otu000562	80.800	250	43	5	6	253	499	745	4.01e-49	191
Seq_1412	otu000562	81.200	250	42	5	6	253	499	745	8.63e-51	196
Seq_1413	otu003330	82.609	253	43	1	1	253	557	808	1.42e-58	222
Seq_1414	otu003330	82.213	253	44	1	1	253	557	808	6.62e-57	217
Seq_1415	otu003330	84.190	253	39	1	1	253	557	808	3.04e-65	244
Seq_1416	otu003330	86.166	253	34	1	1	253	557	808	1.39e-73	272
Seq_1417	otu003330	88.142	253	29	1	1	253	557	808	6.39e-82	300
Seq_1418	otu003330	85.375	253	36	1	1	253	557	808	3.02e-70	261
Seq_1419	otu003330	86.614	254	31	3	1	253	557	808	3.00e-75	278
Seq_1420	otu003308	84.615	247	36	2	1	246	534	779	3.04e-65	244
Seq_1421	otu003308	85.020	247	35	2	1	246	534	779	6.53e-67	250
Seq_1422	otu003330	83.399	253	41	1	1	253	557	808	6.58e-62	233
Seq_1423	otu003308	84.146	246	35	4	3	246	536	779	1.83e-62	235
Seq_1424	otu003330	84.190	253	39	1	1	253	557	808	3.04e-65	244
Seq_1425	otu003330	84.585	253	38	1	1	253	557	808	6.53e-67	250
Seq_1426	otu000562	83.600	250	36	4	6	253	499	745	8.51e-61	230
Seq_1427	otu003308	84.677	248	34	4	1	246	534	779	3.04e-65	244
Seq_1428	otu003308	85.141	249	31	6	1	246	534	779	6.53e-67	250
Seq_1429	otu003330	84.585	253	38	1	1	253	557	808	6.53e-67	250
Seq_1430	otu003330	84.980	253	37	1	1	253	557	808	1.40e-68	255
Seq_1431	otu003330	84.585	253	38	1	1	253	557	808	6.53e-67	250
Seq_1432	otu003330	84.585	253	38	1	1	253	557	808	6.53e-67	250
Seq_1433	otu003330	83.794	253	40	1	1	253	557	808	1.41e-63	239
Seq_1434	otu003330	85.771	253	35	1	1	253	557	808	6.48e-72	267
Seq_1435	otu003330	84.980	253	37	1	1	253	557	808	1.40e-68	255
Seq_1436	otu003330	86.166	253	34	1	1	253	557	808	1.39e-73	272
Seq_1437	otu003330	85.771	253	35	1	1	253	557	808	6.48e-72	267
Seq_1438	otu003330	84.980	253	37	1	1	253	557	808	1.40e-68	255
Seq_1439	otu003330	85.433	254	34	3	1	253	557	808	3.02e-70	261
Seq_1440	otu003330	85.039	254	35	3	1	253	557	808	1.40e-68	255
Seq_1441	otu003330	85.827	254	33	3	1	253	557	808	6.48e-72	267
Seq_1442	otu003073	82.677	254	32	10	6	253	509	756	2.38e-56	215
Seq_1443	otu003308	84.462	251	29	9	1	246	534	779	1.41e-63	239
Seq_1444	otu003330	83.399	253	41	1	1	253	557	808	6.58e-62	233
Seq_1445	otu003308	84.337	249	33	6	1	246	534	779	1.41e-63	239
Seq_1446	otu003308	84.739	249	32	6	1	246	534	779	3.04e-65	244
Seq_1447	otu003902	84.016	244	37	2	11	253	538	780	6.58e-62	233
Seq_1448	otu003308	83.936	249	34	6	1	246	534	779	6.58e-62	233
Seq_1449	otu000115	82.800	250	38	5	6	253	531	777	1.84e-57	219
Seq_1450	otu003330	81.818	253	45	1	1	253	557	808	3.08e-55	211
Seq_1451	otu003330	83.399	253	41	1	1	253	557	808	6.58e-62	233
Seq_1452	otu003330	82.609	253	43	1	1	253	557	808	1.42e-58	222
Seq_1453	otu003330	81.818	253	45	1	1	253	557	808	3.08e-55	211
Seq_1454	otu004570	81.600	250	46	0	1	250	536	785	3.99e-54	207
Seq_1455	otu003330	84.980	253	37	1	1	253	557	808	1.40e-68	255
Seq_1456	otu003330	84.980	253	37	1	1	253	557	808	1.40e-68	255
Seq_1457	otu003330	85.375	253	36	1	1	253	557	808	3.02e-70	261
Seq_1458	otu000907	85.433	254	35	2	1	253	544	796	8.39e-71	263
Seq_1459	otu003980	80.972	247	43	4	6	250	518	762	1.12e-49	193
Seq_1460	otu004582	83.984	256	35	6	1	253	533	785	3.93e-64	241
Seq_1461	otu004582	81.323	257	40	7	1	253	533	785	1.85e-52	202
Seq_1462	otu004582	83.594	256	36	6	1	253	533	785	1.83e-62	235
Seq_1463	otu003980	81.377	247	42	4	6	250	518	762	2.40e-51	198
Seq_1464	otu004214	82.677	254	36	8	1	250	540	789	1.84e-57	219
Seq_1465	otu001137	82.101	257	38	7	1	253	541	793	8.57e-56	213
Seq_1466	otu003330	80.632	253	48	1	1	253	557	808	3.10e-50	195
Seq_1467	otu003330	81.028	253	47	1	1	253	557	808	6.67e-52	200
Seq_1468	otu003821	80.237	253	50	0	1	253	531	783	4.01e-49	191
Seq_1469	otu004214	83.858	254	33	8	1	250	540	789	1.83e-62	235
Seq_1470	otu004214	83.858	254	33	8	1	250	540	789	1.83e-62	235
Seq_1471	otu004214	82.745	255	34	10	1	250	540	789	1.84e-57	219
Seq_1472	otu004214	83.137	255	33	10	1	250	540	789	3.96e-59	224
Seq_1473	otu004214	83.137	255	33	10	1	250	540	789	3.96e-59	224
Seq_1474	otu004214	83.137	255	33	10	1	250	540	789	3.96e-59	224
Seq_1475	otu003330	80.709	254	46	3	1	253	557	808	3.10e-50	195
Seq_1476	otu004214	83.858	254	33	8	1	250	540	789	1.83e-62	235
Seq_1477	otu004214	82.283	254	37	8	1	250	540	789	8.57e-56	213
Seq_1478	otu004016	80.000	255	47	4	1	253	530	782	1.87e-47	185
Seq_1479	otu004214	83.858	254	33	8	1	250	540	789	1.83e-62	235
Seq_1480	otu004214	83.071	254	35	8	1	250	540	789	3.96e-59	224
Seq_1481	otu004214	83.071	254	35	8	1	250	540	789	3.96e-59	224
Seq_1482	otu004214	83.071	254	35	8	1	250	540	789	3.96e-59	224
Seq_1483	otu004214	83.858	254	33	8	1	250	540	789	1.83e-62	235
Seq_1484	otu004214	83.529	255	32	10	1	250	540	789	8.51e-61	230
Seq_1485	otu004214	83.137	255	33	10	1	250	540	789	3.96e-59	224
Seq_1486	otu004242	82.000	250	38	7	7	253	510	755	1.43e-53	206
Seq_1487	otu004214	83.071	254	35	8	1	250	540	789	3.96e-59	224
Seq_1488	otu003330	82.213	253	44	1	1	253	557	808	6.62e-57	217
Seq_1489	otu003330	88.142	253	29	1	1	253	557	808	6.39e-82	300
Seq_1490	otu003330	84.646	254	36	3	1	253	557	808	6.53e-67	250
Seq_1491	otu003330	88.400	250	29	0	1	250	557	806	1.78e-82	302
Seq_1492	otu003330	86.957	253	33	0	1	253	557	809	1.79e-77	285
Seq_1493	otu003330	84.252	254	37	3	1	253	557	808	3.04e-65	244
Seq_1494	otu003330	86.561	253	33	1	1	253	557	808	3.00e-75	278
Seq_1495	otu003330	85.375	253	36	1	1	253	557	808	3.02e-70	261
Seq_1496	otu003330	84.585	253	38	1	1	253	557	808	6.53e-67	250
Seq_1497	otu003330	84.980	253	37	1	1	253	557	808	1.40e-68	255
Seq_1498	otu000797	82.731	249	41	2	6	253	509	756	5.12e-58	220
Seq_1499	otu000797	84.000	250	36	4	6	253	509	756	5.08e-63	237
Seq_1500	otu003330	84.585	253	38	1	1	253	557	808	6.53e-67	250
Seq_1501	otu003330	84.585	253	38	1	1	253	557	808	6.53e-67	250
Seq_1502	otu003308	85.657	251	26	10	1	246	534	779	1.40e-68	255
Seq_1503	otu003330	84.585	253	38	1	1	253	557	808	6.53e-67	250
Seq_1504	otu003330	84.980	253	37	1	1	253	557	808	1.40e-68	255
Seq_1505	otu003330	85.375	253	36	1	1	253	557	808	3.02e-70	261
Seq_1506	otu003308	84.585	253	25	11	1	246	534	779	1.41e-63	239
Seq_1507	otu003308	84.400	250	31	7	1	246	534	779	1.41e-63	239
Seq_1508	otu003104	85.772	246	27	7	12	253	594	835	5.05e-68	254
Seq_1509	otu003104	84.426	244	30	7	14	253	596	835	6.58e-62	233
Seq_1510	otu001573	85.366	246	36	0	8	253	538	783	1.40e-68	255
Seq_1511	otu003479	84.836	244	35	2	8	250	478	720	3.04e-65	244
Seq_1512	otu002625	83.333	258	27	14	1	250	517	766	3.96e-59	224
Seq_1513	otu000084	83.203	256	36	6	1	253	511	762	3.06e-60	228
Seq_1514	otu002625	83.333	258	27	14	1	250	517	766	3.96e-59	224
Seq_1515	otu002625	83.806	247	24	14	12	250	528	766	5.12e-58	220
Seq_1516	otu003762	84.211	247	37	2	8	253	537	782	1.41e-63	239
Seq_1518	otu003026	83.794	253	41	0	1	253	542	794	3.93e-64	241
Seq_1519	otu002746	92.095	253	20	0	1	253	547	799	3.74e-99	357
Seq_1520	otu002746	90.909	253	23	0	1	253	547	799	3.77e-94	340
Seq_1521	otu002746	90.909	253	23	0	1	253	547	799	3.77e-94	340
Seq_1522	otu002746	91.700	253	21	0	1	253	547	799	1.74e-97	351
Seq_1523	otu003026	86.000	250	35	0	1	250	542	791	1.80e-72	268
Seq_1524	otu004101	86.905	252	29	4	1	250	547	796	8.33e-76	279
Seq_1525	otu002915	83.265	245	37	4	11	253	520	762	1.42e-58	222
Seq_1526	otu003026	87.008	254	31	2	1	253	542	794	1.79e-77	285
Seq_1527	otu003026	87.008	254	31	2	1	253	542	794	1.79e-77	285
Seq_1528	otu003026	88.672	256	23	6	1	253	542	794	3.82e-84	307
Seq_1529	otu003389	80.000	255	45	6	1	252	521	772	6.72e-47	183
Seq_1530	otu002746	99.209	253	2	0	1	253	547	799	3.59e-129	457
Seq_1531	otu004101	100.000	253	0	0	1	253	547	799	1.66e-132	468
Seq_1532	otu002746	100.000	253	0	0	1	253	547	799	1.66e-132	468
Seq_1533	otu002746	97.628	253	6	0	1	253	547	799	1.68e-122	435
Seq_1534	otu002746	98.024	253	5	0	1	253	547	799	3.61e-124	440
Seq_1535	otu004101	98.024	253	5	0	1	253	547	799	3.61e-124	440
Seq_1536	otu002746	99.209	253	2	0	1	253	547	799	3.59e-129	457
Seq_1537	otu002746	98.814	253	3	0	1	253	547	799	1.67e-127	451
Seq_1538	otu004101	98.814	253	3	0	1	253	547	799	1.67e-127	451
Seq_1539	otu004101	98.814	253	3	0	1	253	547	799	1.67e-127	451
Seq_1540	otu004101	99.209	253	2	0	1	253	547	799	3.59e-129	457
Seq_1541	otu002746	94.466	253	14	0	1	253	547	799	3.69e-109	390
Seq_1542	otu002746	95.652	253	11	0	1	253	547	799	3.66e-114	407
Seq_1543	otu004101	95.257	253	12	0	1	253	547	799	1.70e-112	401
Seq_1544	otu002746	94.862	253	13	0	1	253	547	799	7.93e-111	396
Seq_1545	otu002746	95.257	253	12	0	1	253	547	799	1.70e-112	401
Seq_1546	otu002746	95.652	253	11	0	1	253	547	799	3.66e-114	407
Seq_1547	otu003331	94.862	253	13	0	1	253	547	799	7.93e-111	396
Seq_1548	otu003331	92.095	253	20	0	1	253	547	799	3.74e-99	357
Seq_1549	otu003331	91.304	253	22	0	1	253	547	799	8.10e-96	346
Seq_1550	otu003331	93.701	254	14	2	1	253	547	799	7.98e-106	379
Seq_1551	otu003331	94.071	253	15	0	1	253	547	799	1.72e-107	385
Seq_1552	otu003331	93.676	253	16	0	1	253	547	799	7.98e-106	379
Seq_1553	otu003331	93.281	253	17	0	1	253	547	799	3.71e-104	374
Seq_1554	otu003331	92.490	253	19	0	1	253	547	799	8.04e-101	363
Seq_1555	otu003331	92.885	253	18	0	1	253	547	799	1.73e-102	368
Seq_1556	otu002537	92.885	253	18	0	1	253	547	799	1.73e-102	368
Seq_1557	otu004101	94.466	253	14	0	1	253	547	799	3.69e-109	390
Seq_1558	otu002537	94.071	253	15	0	1	253	547	799	1.72e-107	385
Seq_1559	otu000060	95.257	253	12	0	1	253	547	799	1.70e-112	401
Seq_1560	otu000060	95.652	253	11	0	1	253	547	799	3.66e-114	407
Seq_1561	otu000060	94.862	253	13	0	1	253	547	799	7.93e-111	396
Seq_1562	otu000060	95.257	253	12	0	1	253	547	799	1.70e-112	401
Seq_1563	otu000060	94.466	253	14	0	1	253	547	799	3.69e-109	390
Seq_1564	otu000060	94.862	253	13	0	1	253	547	799	7.93e-111	396
Seq_1565	otu000060	95.257	253	12	0	1	253	547	799	1.70e-112	401
Seq_1566	otu000060	91.700	253	21	0	1	253	547	799	1.74e-97	351
Seq_1567	otu000060	96.443	253	9	0	1	253	547	799	1.69e-117	418
Seq_1568	otu000060	96.047	253	10	0	1	253	547	799	7.87e-116	412
Seq_1569	otu000060	94.466	253	14	0	1	253	547	799	3.69e-109	390
Seq_1570	otu000060	95.652	253	11	0	1	253	547	799	3.66e-114	407
Seq_1571	otu000060	95.652	253	11	0	1	253	547	799	3.66e-114	407
Seq_1572	otu000060	96.443	253	9	0	1	253	547	799	1.69e-117	418
Seq_1573	otu000060	96.047	253	10	0	1	253	547	799	7.87e-116	412
Seq_1574	otu000060	95.652	253	11	0	1	253	547	799	3.66e-114	407
Seq_1575	otu000060	97.233	253	7	0	1	253	547	799	7.82e-121	429
Seq_1576	otu000060	96.047	253	10	0	1	253	547	799	7.87e-116	412
Seq_1577	otu000060	96.443	253	9	0	1	253	547	799	1.69e-117	418
Seq_1578	otu000060	94.071	253	15	0	1	253	547	799	1.72e-107	385
Seq_1579	otu000060	94.862	253	13	0	1	253	547	799	7.93e-111	396
Seq_1580	otu002537	96.047	253	10	0	1	253	547	799	7.87e-116	412
Seq_1581	otu002537	95.652	253	11	0	1	253	547	799	3.66e-114	407
Seq_1582	otu002537	96.047	253	10	0	1	253	547	799	7.87e-116	412
Seq_1583	otu002537	95.652	253	11	0	1	253	547	799	3.66e-114	407
Seq_1584	otu002537	95.257	253	12	0	1	253	547	799	1.70e-112	401
Seq_1585	otu002537	95.257	253	12	0	1	253	547	799	1.70e-112	401
Seq_1586	otu002537	96.047	253	10	0	1	253	547	799	7.87e-116	412
Seq_1587	otu002537	96.047	253	10	0	1	253	547	799	7.87e-116	412
Seq_1588	otu002537	94.071	253	15	0	1	253	547	799	1.72e-107	385
Seq_1589	otu002537	94.466	253	14	0	1	253	547	799	3.69e-109	390
Seq_1590	otu002537	95.257	253	12	0	1	253	547	799	1.70e-112	401
Seq_1591	otu002537	95.652	253	11	0	1	253	547	799	3.66e-114	407
Seq_1592	otu002537	95.257	253	12	0	1	253	547	799	1.70e-112	401
Seq_1593	otu002537	95.257	253	12	0	1	253	547	799	1.70e-112	401
Seq_1594	otu002537	96.047	253	10	0	1	253	547	799	7.87e-116	412
Seq_1595	otu002537	96.443	253	9	0	1	253	547	799	1.69e-117	418
Seq_1596	otu002537	98.024	253	5	0	1	253	547	799	3.61e-124	440
Seq_1597	otu002537	95.652	253	11	0	1	253	547	799	3.66e-114	407
Seq_1598	otu002537	97.628	253	6	0	1	253	547	799	1.68e-122	435
Seq_1599	otu002537	98.024	253	5	0	1	253	547	799	3.61e-124	440
Seq_1600	otu002537	99.209	253	2	0	1	253	547	799	3.59e-129	457
Seq_1601	otu002537	96.047	253	10	0	1	253	547	799	7.87e-116	412
Seq_1602	otu002537	95.652	253	11	0	1	253	547	799	3.66e-114	407
Seq_1603	otu002537	96.838	253	8	0	1	253	547	799	3.64e-119	424
Seq_1604	otu002537	96.047	253	10	0	1	253	547	799	7.87e-116	412
Seq_1605	otu002537	94.862	253	13	0	1	253	547	799	7.93e-111	396
Seq_1606	otu002537	95.652	253	11	0	1	253	547	799	3.66e-114	407
Seq_1607	otu002537	95.257	253	12	0	1	253	547	799	1.70e-112	401
Seq_1608	otu002537	95.652	253	11	0	1	253	547	799	3.66e-114	407
Seq_1609	otu002537	93.676	253	16	0	1	253	547	799	7.98e-106	379
Seq_1610	otu002537	95.257	253	12	0	1	253	547	799	1.70e-112	401
Seq_1611	otu002537	95.652	253	11	0	1	253	547	799	3.66e-114	407
Seq_1612	otu002537	97.233	253	7	0	1	253	547	799	7.82e-121	429
Seq_1613	otu000060	95.257	253	12	0	1	253	547	799	1.70e-112	401
Seq_1614	otu002537	94.862	253	13	0	1	253	547	799	7.93e-111	396
Seq_1615	otu004389	89.804	255	22	4	1	253	523	775	3.79e-89	324
Seq_1616	otu004389	89.020	255	24	4	1	253	523	775	8.21e-86	313
Seq_1617	otu004389	90.196	255	21	4	1	253	523	775	8.15e-91	329
Seq_1618	otu004389	90.588	255	20	4	1	253	523	775	1.75e-92	335
Seq_1619	otu004389	91.373	255	18	4	1	253	523	775	8.10e-96	346
Seq_1620	otu004389	88.933	253	28	0	1	253	523	775	8.21e-86	313
Seq_1621	otu004389	89.020	255	24	4	1	253	523	775	8.21e-86	313
Seq_1622	otu004389	89.020	255	24	4	1	253	523	775	8.21e-86	313
Seq_1623	otu004389	89.804	255	22	4	1	253	523	775	3.79e-89	324
Seq_1624	otu004389	89.412	255	23	4	1	253	523	775	1.77e-87	318
Seq_1625	otu004389	88.627	255	25	4	1	253	523	775	3.82e-84	307
Seq_1626	otu004389	90.196	255	21	4	1	253	523	775	8.15e-91	329
Seq_1627	otu004389	88.583	254	27	2	1	253	523	775	3.82e-84	307
Seq_1628	otu004389	100.000	253	0	0	1	253	523	775	1.66e-132	468
Seq_1629	otu004389	88.000	250	26	4	6	253	528	775	1.07e-79	292
Seq_1630	otu004389	88.400	250	25	4	6	253	528	775	2.30e-81	298
Seq_1631	otu004389	88.710	248	28	0	6	253	528	775	4.94e-83	303
Seq_1632	otu004389	85.542	249	35	1	6	254	528	775	1.09e-69	259
Seq_1633	otu004389	85.944	249	33	2	6	253	528	775	2.33e-71	265
Seq_1634	otu004389	83.534	249	40	1	6	254	528	775	2.38e-61	231
Seq_1635	otu004389	84.400	250	36	3	6	254	528	775	1.10e-64	243
Seq_1636	otu004389	86.694	248	33	0	6	253	528	775	1.08e-74	276
Seq_1637	otu004389	87.500	248	31	0	6	253	528	775	4.98e-78	287
Seq_1638	otu004389	86.290	248	34	0	6	253	528	775	5.01e-73	270
Seq_1639	otu004389	86.290	248	34	0	6	253	528	775	5.01e-73	270
Seq_1640	otu004389	86.345	249	32	2	6	253	528	775	5.01e-73	270
Seq_1641	otu004389	85.944	249	33	2	6	253	528	775	2.33e-71	265
Seq_1642	otu004389	87.097	248	32	0	6	253	528	775	2.32e-76	281
Seq_1643	otu004389	89.113	248	27	0	6	253	528	775	1.06e-84	309
Seq_1644	otu004389	87.891	256	25	6	1	253	523	775	8.27e-81	296
Seq_1645	otu004389	87.891	256	25	6	1	253	523	775	8.27e-81	296
Seq_1646	otu002140	83.594	256	36	6	1	253	525	777	1.83e-62	235
Seq_1647	otu003258	84.585	253	39	0	1	253	530	782	1.82e-67	252
Seq_1648	otu000278	86.770	257	26	7	1	253	530	782	8.33e-76	279
Seq_1649	otu003473	81.590	239	36	8	16	250	530	764	4.01e-49	191
Seq_1650	otu003473	82.353	238	36	6	16	250	530	764	1.85e-52	202
Seq_1651	otu003473	81.857	237	39	4	16	250	530	764	8.63e-51	196
Seq_1652	otu003473	81.857	237	39	4	16	250	530	764	8.63e-51	196
Seq_1653	otu003734	80.469	256	44	6	1	253	487	739	4.01e-49	191
Seq_1654	otu003473	80.753	239	38	8	16	250	530	764	8.69e-46	180
Seq_1655	otu003935	82.101	257	39	6	1	253	567	820	8.57e-56	213
Seq_1656	otu001998	83.137	255	33	9	1	250	538	787	3.96e-59	224
Seq_1657	otu001730	84.274	248	33	6	9	253	494	738	5.08e-63	237
Seq_1658	otu003483	82.143	252	41	4	1	250	538	787	8.57e-56	213
Seq_1659	otu003647	82.000	250	36	9	6	251	508	752	5.18e-53	204
Seq_1660	otu000998	81.633	245	39	6	9	250	493	734	2.40e-51	198
Seq_1661	otu004214	83.529	255	36	6	2	253	541	792	6.58e-62	233
Seq_1662	otu003935	83.004	253	42	1	2	253	568	820	3.06e-60	228
Seq_1663	otu004148	84.034	238	32	6	16	250	502	736	3.96e-59	224
Seq_1664	otu004214	86.561	253	24	9	6	253	545	792	5.01e-73	270
Seq_1665	otu000756	82.143	252	40	5	4	253	493	741	3.08e-55	211
Seq_1666	otu004214	79.845	258	42	9	1	253	540	792	8.69e-46	180
Seq_1667	otu001609	77.108	249	49	7	6	250	510	754	5.30e-33	137
Seq_1668	otu002870	81.070	243	37	9	16	253	516	754	1.87e-47	185
Seq_1669	otu002911	81.124	249	39	7	6	250	552	796	1.12e-49	193
Seq_1670	otu003935	79.457	258	44	8	1	253	567	820	4.04e-44	174
Seq_1671	otu002911	79.839	248	44	6	6	250	552	796	1.12e-44	176
Seq_1672	otu003935	85.039	254	35	3	2	253	568	820	1.40e-68	255
Seq_1673	otu004454	87.698	252	31	0	2	253	487	738	2.97e-80	294
Seq_1674	otu001001	89.328	253	27	0	1	253	523	775	1.77e-87	318
Seq_1675	otu000521	92.490	253	19	0	1	253	515	767	8.04e-101	363
Seq_1676	otu004454	81.818	253	44	2	2	253	487	738	3.08e-55	211
Seq_1677	otu001730	93.281	253	17	0	1	253	486	738	3.71e-104	374
Seq_1678	otu001730	93.281	253	17	0	1	253	486	738	3.71e-104	374
Seq_1679	otu001730	96.838	253	8	0	1	253	486	738	3.64e-119	424
Seq_1680	otu001730	96.443	253	9	0	1	253	486	738	1.69e-117	418
Seq_1681	otu001730	91.304	253	22	0	1	253	486	738	8.10e-96	346
Seq_1682	otu001730	87.352	253	32	0	1	253	486	738	3.85e-79	291
Seq_1683	otu001730	90.119	253	25	0	1	253	486	738	8.15e-91	329
Seq_1684	otu001730	88.235	255	26	4	1	253	486	738	1.78e-82	302
Seq_1685	otu001730	90.196	255	21	4	1	253	486	738	8.15e-91	329
Seq_1686	otu001730	90.588	255	20	4	1	253	486	738	1.75e-92	335
Seq_1687	otu001730	90.909	253	23	0	1	253	486	738	3.77e-94	340
Seq_1688	otu001730	86.957	253	33	0	1	253	486	738	1.79e-77	285
Seq_1689	otu001730	85.771	253	36	0	1	253	486	738	1.80e-72	268
Seq_1690	otu001730	84.375	256	35	3	1	254	486	738	8.48e-66	246
Seq_1691	otu001730	86.561	253	34	0	1	253	486	738	8.33e-76	279
Seq_1692	otu002870	92.126	254	20	0	1	254	501	754	1.04e-99	359
Seq_1693	otu002870	90.945	254	23	0	1	254	501	754	1.05e-94	342
Seq_1694	otu003152	92.941	255	16	2	1	254	510	763	4.83e-103	370
Seq_1695	otu004457	94.510	255	12	2	1	254	507	760	1.03e-109	392
Seq_1696	otu004457	93.307	254	16	1	1	253	507	760	3.71e-104	374
Seq_1697	otu003152	98.425	254	4	0	1	254	510	763	2.17e-126	448
Seq_1698	otu003152	89.020	255	26	2	1	254	510	763	2.29e-86	315
Seq_1699	otu002870	87.160	257	27	6	1	254	501	754	5.00e-78	287
Seq_1700	otu002870	87.891	256	27	4	1	254	501	754	2.31e-81	298
Seq_1701	otu003152	91.765	255	19	2	1	254	510	763	4.86e-98	353
Seq_1702	otu004454	84.921	252	38	0	2	253	487	738	1.40e-68	255
Seq_1703	otu004454	84.524	252	39	0	2	253	487	738	6.53e-67	250
Seq_1704	otu003473	86.957	253	33	0	1	253	515	767	1.79e-77	285
Seq_1705	otu003686	90.514	253	22	2	2	253	513	764	6.30e-92	333
Seq_1706	otu003130	88.934	244	27	0	10	253	513	756	1.78e-82	302
Seq_1707	otu003130	89.344	244	26	0	10	253	513	756	3.82e-84	307
Seq_1708	otu003686	87.302	252	32	0	2	253	513	764	1.38e-78	289
Seq_1709	otu003130	90.574	244	21	2	11	253	514	756	1.36e-88	322
Seq_1710	otu003686	93.254	252	17	0	2	253	513	764	1.34e-103	372
Seq_1711	otu003686	90.514	253	22	2	2	253	513	764	6.30e-92	333
Seq_1712	otu004454	86.508	252	34	0	2	253	487	738	3.00e-75	278
Seq_1713	otu003130	91.304	253	22	0	1	253	504	756	8.10e-96	346
Seq_1714	otu003130	90.283	247	20	4	9	253	512	756	4.91e-88	320
Seq_1715	otu003473	89.683	252	26	0	2	253	516	767	1.36e-88	322
Seq_1716	otu003473	86.561	253	34	0	1	253	515	767	8.33e-76	279
Seq_1717	otu003473	88.142	253	30	0	1	253	515	767	1.78e-82	302
Seq_1718	otu004454	83.333	252	42	0	2	253	487	738	6.58e-62	233
Seq_1719	otu003473	92.063	252	20	0	2	253	516	767	1.35e-98	355
Seq_1720	otu003473	89.558	249	26	0	1	249	515	763	6.35e-87	316
Seq_1721	otu003473	89.558	249	26	0	1	249	515	763	6.35e-87	316
Seq_1722	otu003473	89.157	249	27	0	1	249	515	763	2.95e-85	311
Seq_1723	otu004454	82.258	248	44	0	2	249	487	734	2.38e-56	215
Seq_1724	otu003473	87.952	249	30	0	1	249	515	763	2.97e-80	294
Seq_1725	otu003473	90.361	249	24	0	1	249	515	763	2.93e-90	327
Seq_1726	otu003473	87.952	249	30	0	1	249	515	763	2.97e-80	294
Seq_1727	otu003473	88.306	248	29	0	2	249	516	763	2.30e-81	298
Seq_1728	otu003473	87.550	249	31	0	1	249	515	763	1.38e-78	289
Seq_1729	otu004454	83.065	248	42	0	2	249	487	734	1.10e-59	226
Seq_1730	otu004454	81.124	249	46	1	2	250	487	734	2.41e-51	198
Seq_1731	otu004454	82.329	249	42	2	2	249	487	734	2.38e-56	215
Seq_1732	otu003473	89.157	249	27	0	1	249	515	763	2.95e-85	311
Seq_1733	otu004454	83.133	249	40	2	2	249	487	734	1.10e-59	226
Seq_1734	otu004454	82.661	248	43	0	2	249	487	734	5.12e-58	220
Seq_1735	otu000521	81.028	253	41	5	1	250	515	763	3.12e-50	195
Seq_1736	otu003473	86.400	250	30	4	2	249	516	763	5.01e-73	270
Seq_1737	otu003473	88.353	249	29	0	1	249	515	763	6.39e-82	300
Seq_1738	otu003130	90.041	241	22	2	14	253	517	756	2.95e-85	311
Seq_1739	otu003130	88.750	240	27	0	14	253	517	756	2.97e-80	294
Seq_1740	otu003473	88.095	252	30	0	2	253	516	767	6.39e-82	300
Seq_1741	otu003473	89.286	252	27	0	2	253	516	767	6.35e-87	316
Seq_1742	otu004454	83.333	252	42	0	2	253	487	738	6.58e-62	233
Seq_1743	otu004454	82.540	252	44	0	2	253	487	738	1.42e-58	222
Seq_1744	otu000521	83.730	252	41	0	2	253	516	767	1.41e-63	239
Seq_1745	otu000521	84.127	252	40	0	2	253	516	767	3.04e-65	244
Seq_1746	otu003473	86.166	253	35	0	1	253	515	767	3.88e-74	274
Seq_1747	otu003473	88.933	253	28	0	1	253	515	767	8.21e-86	313
Seq_1748	otu003130	89.344	244	22	4	12	253	515	756	4.94e-83	303
Seq_1749	otu003130	89.388	245	20	6	12	253	515	756	4.94e-83	303
Seq_1750	otu003130	89.796	245	19	6	12	253	515	756	1.06e-84	309
Seq_1751	otu003130	90.833	240	22	0	14	253	517	756	1.36e-88	322
Seq_1752	otu003473	83.471	242	40	0	12	253	526	767	1.10e-59	226
Seq_1753	otu003473	83.471	242	40	0	12	253	526	767	1.10e-59	226
Seq_1754	otu003240	80.784	255	45	4	1	253	530	782	8.63e-51	196
Seq_1755	otu003240	80.392	255	46	4	1	253	530	782	4.01e-49	191
Seq_1756	otu003240	80.392	255	46	4	1	253	530	782	4.01e-49	191
Seq_1757	otu003240	81.176	255	44	4	1	253	530	782	1.85e-52	202
Seq_1758	otu004230	80.078	256	45	6	1	253	540	792	1.87e-47	185
Seq_1759	otu004531	78.656	253	48	6	1	250	528	777	8.75e-41	163
Seq_1760	otu002539	78.800	250	39	13	11	253	552	794	1.46e-38	156
Seq_1761	otu002539	78.689	244	40	11	16	253	557	794	1.89e-37	152
Seq_1762	otu001730	80.753	239	44	2	16	253	501	738	1.87e-47	185
Seq_1763	otu001730	81.172	239	43	2	16	253	501	738	4.01e-49	191
Seq_1764	otu003517	82.213	253	43	2	2	253	506	757	6.62e-57	217
Seq_1765	otu003517	82.422	256	37	5	2	253	506	757	6.62e-57	217
Seq_1766	otu004455	79.447	253	44	7	2	250	519	767	1.45e-43	172
Seq_1767	otu003517	80.321	249	49	0	2	250	506	754	1.44e-48	189
Seq_1768	otu001730	80.784	255	43	6	2	253	487	738	3.10e-50	195
Seq_1769	otu001730	80.859	256	43	6	1	253	486	738	8.63e-51	196
Seq_1770	otu003517	82.609	253	44	0	1	253	505	757	3.96e-59	224
Seq_1771	otu003517	82.677	254	43	1	1	254	505	757	3.98e-59	224
Seq_1772	otu003517	82.609	253	43	1	2	254	506	757	1.43e-58	222
Seq_1773	otu003473	79.668	241	43	4	16	253	530	767	1.88e-42	169
Seq_1778	otu003473	79.918	244	45	4	12	253	526	767	1.12e-44	176
Seq_1779	otu003517	82.937	252	43	0	2	253	506	757	3.06e-60	228
Seq_1780	otu003517	82.609	253	44	0	1	253	505	757	3.96e-59	224
Seq_1781	otu003517	83.794	253	41	0	1	253	505	757	3.93e-64	241
Seq_1782	otu003517	83.004	253	42	1	2	254	506	757	3.07e-60	228
Seq_1783	otu003517	83.333	252	42	0	2	253	506	757	6.58e-62	233
Seq_1785	otu003517	82.800	250	39	3	6	253	510	757	5.12e-58	220
Seq_1786	otu003517	82.400	250	40	3	6	253	510	757	2.38e-56	215
Seq_1787	otu004553	77.132	258	50	8	1	253	539	792	4.10e-34	141
Seq_1788	otu004371	78.378	259	43	12	1	253	511	762	1.46e-38	156
Seq_1789	otu003398	77.519	258	48	10	1	253	528	780	8.81e-36	147
Seq_1790	otu003398	77.132	258	49	10	1	253	528	780	4.10e-34	141
Seq_1791	otu003398	77.519	258	48	10	1	253	528	780	8.81e-36	147
Seq_1792	otu003398	76.357	258	51	10	1	253	528	780	8.88e-31	130
Seq_1793	otu003398	77.132	258	49	10	1	253	528	780	4.10e-34	141
Seq_1794	otu004574	76.654	257	52	8	1	253	524	776	1.91e-32	135
Seq_1795	otu002088	79.518	249	39	12	11	253	544	786	6.77e-42	167
Seq_1796	otu001456	80.859	256	43	6	1	253	475	727	8.63e-51	196
Seq_1797	otu001456	80.859	256	43	6	1	253	475	727	8.63e-51	196
Seq_1799	otu003473	76.106	226	50	4	30	253	544	767	2.49e-26	115
Seq_1800	otu003517	80.000	245	49	0	6	250	510	754	2.42e-46	182
Seq_1803	otu003517	82.213	253	45	0	1	253	505	757	1.84e-57	219
Seq_1804	otu003517	81.172	239	45	0	12	250	516	754	1.12e-49	193
Seq_1805	otu003517	82.083	240	41	2	12	250	516	754	5.16e-53	204
Seq_1806	otu001109	77.866	253	48	7	2	250	540	788	6.81e-37	150
Seq_1807	otu003935	77.734	256	52	5	1	253	567	820	1.89e-37	152
Seq_1808	otu003935	76.563	256	55	5	1	253	567	820	1.91e-32	135
Seq_1809	otu003935	76.563	256	55	5	1	253	567	820	1.91e-32	135
Seq_1810	otu003935	76.953	256	54	5	1	253	567	820	4.10e-34	141
Seq_1811	otu003517	80.242	248	49	0	6	253	510	757	5.19e-48	187
Seq_1812	otu001780	80.000	260	38	12	1	253	538	790	8.69e-46	180
Seq_1813	otu004290	76.613	248	48	9	11	253	506	748	3.19e-30	128
Seq_1814	otu004214	81.890	254	35	9	6	254	545	792	5.18e-53	204
Seq_1815	otu004454	76.305	249	52	7	8	253	494	738	1.15e-29	126
Seq_1816	otu002870	77.866	253	43	11	8	254	509	754	3.18e-35	145
Seq_1817	otu004290	79.762	252	47	4	1	250	496	745	8.69e-46	180
Seq_1818	otu003808	77.686	242	50	4	14	253	543	782	3.17e-35	145
Seq_1819	otu001144	77.143	245	50	6	12	253	541	782	5.30e-33	137
Seq_1820	otu004290	80.859	256	43	5	1	253	496	748	8.63e-51	196
Seq_1821	otu004290	81.323	257	40	7	1	253	496	748	1.85e-52	202
Seq_1822	otu004290	83.399	253	42	0	1	253	496	748	1.83e-62	235
Seq_1831	otu003130	75.934	241	54	4	12	250	515	753	5.34e-28	121
Seq_1833	otu004534	79.866	149	25	5	107	253	580	725	5.38e-23	104
Seq_1834	otu001523	79.186	221	46	0	30	250	529	749	5.27e-38	154
Seq_1835	otu001523	78.281	221	48	0	30	250	529	749	1.14e-34	143
Seq_1836	otu001523	76.786	224	46	4	30	250	529	749	5.34e-28	121
Seq_1837	otu001523	76.682	223	48	4	30	250	529	749	5.34e-28	121
Seq_1838	otu001523	76.233	223	49	4	30	250	529	749	2.49e-26	115
Seq_1839	otu001523	76.889	225	44	6	30	250	529	749	5.34e-28	121
Seq_1840	otu001523	77.333	225	43	6	30	250	529	749	1.15e-29	126
Seq_1841	otu001523	78.475	223	44	4	30	250	529	749	1.14e-34	143
Seq_1842	otu001523	77.928	222	47	2	30	250	529	749	5.30e-33	137
Seq_1843	otu001523	77.477	222	48	2	30	250	529	749	2.47e-31	132
Seq_1846	otu003240	76.667	240	52	4	12	249	541	778	8.88e-31	130
Seq_1847	otu002602	79.832	238	42	6	12	246	544	778	1.88e-42	169
Seq_1848	otu002602	79.832	238	42	6	12	246	544	778	1.88e-42	169
Seq_1849	otu002109	77.686	242	42	11	12	247	534	769	5.33e-33	137
Seq_1850	otu004423	76.423	246	51	7	12	254	485	726	1.15e-29	126
Seq_1851	otu002109	78.099	242	41	11	12	247	534	769	1.15e-34	143
Seq_1852	otu002109	78.099	242	41	11	12	247	534	769	1.15e-34	143
Seq_1853	otu002896	77.917	240	42	11	12	246	530	763	1.47e-33	139
Seq_1854	otu003146	78.008	241	43	10	14	249	514	749	1.14e-34	143
Seq_1855	otu002896	78.333	240	41	11	12	246	530	763	3.17e-35	145
Seq_1856	otu003802	76.250	240	46	10	12	246	553	786	6.91e-27	117
Seq_1857	otu003802	75.833	240	47	10	12	246	553	786	3.22e-25	111
Seq_1858	otu003802	76.596	235	50	5	14	246	555	786	4.13e-29	124
Seq_1859	otu004290	77.551	245	51	4	11	253	506	748	3.17e-35	145
Seq_1860	otu003712	78.814	236	43	7	14	246	556	787	1.89e-37	152
Seq_1861	otu002333	77.869	244	42	10	12	249	572	809	4.10e-34	141
Seq_1862	otu004252	78.008	241	42	10	12	246	537	772	4.10e-34	141
Seq_1863	otu004252	79.668	241	38	10	12	246	537	772	8.75e-41	163
Seq_1864	otu004252	78.423	241	41	10	12	246	537	772	8.81e-36	147
Seq_1865	otu004252	79.253	241	39	10	12	246	537	772	4.07e-39	158
Seq_1866	otu004252	77.593	241	43	10	12	246	537	772	1.91e-32	135
Seq_1867	otu003262	95.652	253	11	0	1	253	527	779	3.66e-114	407
Seq_1868	otu000980	99.209	253	2	0	1	253	525	777	3.59e-129	457
Seq_1869	otu001649	100.000	253	0	0	1	253	527	779	1.66e-132	468
Seq_1870	otu000095	78.682	258	46	8	1	254	544	796	8.79e-41	163
Seq_1871	otu002806	83.333	258	33	10	1	253	534	786	8.51e-61	230
Seq_1872	otu001498	86.381	257	27	8	1	253	533	785	3.88e-74	274
Seq_1873	otu002625	81.961	255	42	4	1	253	517	769	8.57e-56	213
Seq_1874	otu002806	83.922	255	37	4	1	253	534	786	3.93e-64	241
Seq_1875	otu002806	83.922	255	37	4	1	253	534	786	3.93e-64	241
Seq_1876	otu001498	84.825	257	31	8	1	253	533	785	1.82e-67	252
Seq_1877	otu001498	84.436	257	32	8	1	253	533	785	8.45e-66	246
Seq_1878	otu001498	84.047	257	33	8	1	253	533	785	3.93e-64	241
Seq_1879	otu001498	83.984	256	35	5	1	253	533	785	3.93e-64	241
Seq_1880	otu001014	83.465	254	40	2	1	253	544	796	1.83e-62	235
Seq_1881	otu001014	83.004	253	43	0	1	253	544	796	8.51e-61	230
Seq_1882	otu001014	83.071	254	41	2	1	253	544	796	8.51e-61	230
Seq_1883	otu001498	84.766	256	33	5	1	253	533	785	1.82e-67	252
Seq_1884	otu001498	84.047	257	33	7	1	253	533	785	3.93e-64	241
Seq_1885	otu004215	82.813	256	36	7	2	253	524	775	1.42e-58	222
Seq_1886	otu000836	83.936	249	37	3	7	253	545	792	1.83e-62	235
Seq_1887	otu001498	84.766	256	33	6	1	253	533	785	1.82e-67	252
Seq_1888	otu001498	84.884	258	29	10	1	253	533	785	1.82e-67	252
Seq_1889	otu001498	84.109	258	31	10	1	253	533	785	3.93e-64	241
Seq_1890	otu002434	82.031	256	40	6	1	253	543	795	8.57e-56	213
Seq_1891	otu001706	83.071	254	39	4	2	253	549	800	3.06e-60	228
Seq_1892	otu001706	82.677	254	40	4	2	253	549	800	1.42e-58	222
Seq_1893	otu001498	84.706	255	35	4	1	253	533	785	1.82e-67	252
Seq_1894	otu001498	83.984	256	35	6	1	253	533	785	3.93e-64	241
Seq_1895	otu001498	84.314	255	36	4	1	253	533	785	8.45e-66	246
Seq_1896	otu002672	85.433	254	33	3	2	253	551	802	3.02e-70	261
Seq_1897	otu004215	84.646	254	35	4	2	253	524	775	6.53e-67	250
Seq_1898	otu002806	84.314	255	36	4	1	253	534	786	8.45e-66	246
Seq_1899	otu000015	83.399	253	42	0	1	253	504	756	1.83e-62	235
Seq_1900	otu002806	83.594	256	36	6	1	253	534	786	1.83e-62	235
Seq_1901	otu002806	84.252	254	38	2	1	253	534	786	8.45e-66	246
Seq_1902	otu002806	83.071	254	41	2	1	253	534	786	8.51e-61	230
Seq_1903	otu001498	83.858	254	39	2	1	253	533	785	3.93e-64	241
Seq_1904	otu001498	83.465	254	40	2	1	253	533	785	1.83e-62	235
Seq_1905	otu001014	83.858	254	39	2	1	253	544	796	3.93e-64	241
Seq_1906	otu000836	83.133	249	39	3	7	253	545	792	3.96e-59	224
Seq_1907	otu000836	83.936	249	37	3	7	253	545	792	1.83e-62	235
Seq_1908	otu000836	83.534	249	38	3	7	253	545	792	8.51e-61	230
Seq_1909	otu000836	84.337	249	36	3	7	253	545	792	3.93e-64	241
Seq_1910	otu001380	85.375	253	37	0	1	253	541	793	8.39e-71	263
Seq_1911	otu004303	82.745	255	40	4	1	253	683	935	3.96e-59	224
Seq_1912	otu003573	83.529	255	36	6	2	253	622	873	6.58e-62	233
Seq_1913	otu003573	82.745	255	38	6	2	253	622	873	1.42e-58	222
Seq_1914	otu003573	84.314	255	34	5	2	253	622	873	3.04e-65	244
Seq_1915	otu003573	84.314	255	34	5	2	253	622	873	3.04e-65	244
Seq_1916	otu003573	83.529	255	36	5	2	253	622	873	6.58e-62	233
Seq_1917	otu003573	83.858	254	37	3	2	253	622	873	1.41e-63	239
Seq_1918	otu003573	84.646	254	35	3	2	253	622	873	6.53e-67	250
Seq_1919	otu003573	83.465	254	38	3	2	253	622	873	6.58e-62	233
Seq_1920	otu003573	83.858	254	37	3	2	253	622	873	1.41e-63	239
Seq_1921	otu003573	83.137	255	37	5	2	253	622	873	3.06e-60	228
Seq_1922	otu002806	81.712	257	33	14	1	250	534	783	1.85e-52	202
Seq_1923	otu002201	77.953	254	46	10	2	250	533	781	6.81e-37	150
Seq_1924	otu000851	87.109	256	27	5	1	253	528	780	1.79e-77	285
Seq_1925	otu000851	87.402	254	30	2	1	253	528	780	3.85e-79	291
Seq_1926	otu000851	89.804	255	22	4	1	253	528	780	3.79e-89	324
Seq_1927	otu000851	88.235	255	26	3	1	253	528	780	1.78e-82	302
Seq_1928	otu002201	86.614	254	32	2	1	253	532	784	8.33e-76	279
Seq_1929	otu002201	86.614	254	32	2	1	253	532	784	8.33e-76	279
Seq_1930	otu002201	86.614	254	32	2	1	253	532	784	8.33e-76	279
Seq_1931	otu000851	88.281	256	24	5	1	253	528	780	1.78e-82	302
Seq_1932	otu000851	88.933	253	28	0	1	253	528	780	8.21e-86	313
Seq_1933	otu000851	88.933	253	28	0	1	253	528	780	8.21e-86	313
Seq_1934	otu000851	88.538	253	29	0	1	253	528	780	3.82e-84	307
Seq_1935	otu000851	89.412	255	23	3	1	253	528	780	1.77e-87	318
Seq_1936	otu000851	89.020	255	24	3	1	253	528	780	8.21e-86	313
Seq_1937	otu000851	88.235	255	26	3	1	253	528	780	1.78e-82	302
Seq_1938	otu000851	87.843	255	27	3	1	253	528	780	8.27e-81	296
Seq_1939	otu000851	87.843	255	27	4	1	253	528	780	8.27e-81	296
Seq_1940	otu000851	88.583	254	27	2	1	253	528	780	3.82e-84	307
Seq_1941	otu000851	88.235	255	26	3	1	253	528	780	1.78e-82	302
Seq_1942	otu000851	88.976	254	26	2	1	253	528	780	8.21e-86	313
Seq_1943	otu000755	83.984	256	35	6	1	253	527	779	3.93e-64	241
Seq_1944	otu000755	84.375	256	34	6	1	253	527	779	8.45e-66	246
Seq_1945	otu000755	84.766	256	33	6	1	253	527	779	1.82e-67	252
Seq_1946	otu000755	81.961	255	42	4	1	253	527	779	8.57e-56	213
Seq_1947	otu003347	82.879	257	36	8	1	253	527	779	3.96e-59	224
Seq_1948	otu003103	82.329	249	41	3	7	253	537	784	8.57e-56	213
Seq_1949	otu003347	82.879	257	36	8	1	253	527	779	3.96e-59	224
Seq_1950	otu003347	81.641	256	41	6	1	253	527	779	3.99e-54	207
Seq_1951	otu003347	82.879	257	36	8	1	253	527	779	3.96e-59	224
Seq_1952	otu002449	82.558	258	33	12	2	253	490	741	6.62e-57	217
Seq_1953	otu002449	82.171	258	34	12	2	253	490	741	3.08e-55	211
Seq_1954	otu002449	82.490	257	35	10	2	253	490	741	6.62e-57	217
Seq_1955	otu000755	82.813	256	38	6	1	253	527	779	3.96e-59	224
Seq_1956	otu000755	82.422	256	39	6	1	253	527	779	1.84e-57	219
Seq_1957	otu000755	82.813	256	38	6	1	253	527	779	3.96e-59	224
Seq_1958	otu000755	84.375	256	34	6	1	253	527	779	8.45e-66	246
Seq_1959	otu004567	85.375	253	37	0	1	253	526	778	8.39e-71	263
Seq_1960	otu004567	85.375	253	37	0	1	253	526	778	8.39e-71	263
Seq_1961	otu004567	85.771	253	36	0	1	253	526	778	1.80e-72	268
Seq_1962	otu004567	85.375	253	37	0	1	253	526	778	8.39e-71	263
Seq_1963	otu004567	84.980	253	38	0	1	253	526	778	3.90e-69	257
Seq_1964	otu004567	84.980	253	38	0	1	253	526	778	3.90e-69	257
Seq_1965	otu004567	85.039	254	36	2	1	253	526	778	3.90e-69	257
Seq_1966	otu004567	84.980	253	38	0	1	253	526	778	3.90e-69	257
Seq_1967	otu004567	85.771	253	36	0	1	253	526	778	1.80e-72	268
Seq_1968	otu004567	86.957	253	33	0	1	253	526	778	1.79e-77	285
Seq_1969	otu004567	85.375	253	37	0	1	253	526	778	8.39e-71	263
Seq_1970	otu004567	85.375	253	37	0	1	253	526	778	8.39e-71	263
Seq_1971	otu004567	85.039	254	36	2	1	253	526	778	3.90e-69	257
Seq_1972	otu004381	79.216	255	47	6	2	253	527	778	1.45e-43	172
Seq_1973	otu004381	81.890	254	42	4	2	253	527	778	3.08e-55	211
Seq_1974	otu004381	80.709	254	45	4	2	253	527	778	3.10e-50	195
Seq_1975	otu004381	81.102	254	44	4	2	253	527	778	6.67e-52	200
Seq_1976	otu004381	81.102	254	44	4	2	253	527	778	6.67e-52	200
Seq_1977	otu001651	78.516	256	48	7	1	252	540	792	3.13e-40	161
Seq_1978	otu001651	78.125	256	49	7	1	252	540	792	1.46e-38	156
Seq_1979	otu002104	76.654	257	52	6	1	253	522	774	1.91e-32	135
Seq_1981	otu004381	81.818	253	44	2	2	253	527	778	3.08e-55	211
Seq_1982	otu004381	80.000	255	45	5	2	253	527	778	6.72e-47	183
Seq_1985	otu004322	77.470	253	57	0	1	253	495	747	1.89e-37	152
Seq_1986	otu004567	82.353	255	39	6	2	253	527	778	6.62e-57	217
Seq_1987	otu004381	80.156	257	41	10	2	253	527	778	6.72e-47	183
Seq_1988	otu000178	79.923	259	40	11	1	253	541	793	8.69e-46	180
Seq_1989	otu000851	83.203	256	35	7	2	253	529	780	3.06e-60	228
Seq_1990	otu000851	83.594	256	34	7	2	253	529	780	6.58e-62	233
Seq_1991	otu000851	83.203	256	35	7	2	253	529	780	3.06e-60	228
Seq_1992	otu001471	84.252	254	38	2	1	253	525	777	8.45e-66	246
Seq_1993	otu003805	88.281	256	24	6	1	253	534	786	1.78e-82	302
Seq_1994	otu003805	87.402	254	28	4	2	253	535	786	1.38e-78	289
Seq_1995	otu003805	85.547	256	30	7	2	254	535	786	3.03e-70	261
Seq_1996	otu003805	85.659	258	30	7	1	256	534	786	2.36e-71	265
Seq_1997	otu003805	89.063	256	23	5	1	254	534	786	8.25e-86	313
Seq_1998	otu000187	87.500	256	24	8	2	253	527	778	1.38e-78	289
Seq_1999	otu000187	85.490	255	31	6	2	253	527	778	3.02e-70	261
Seq_2000	otu003805	87.843	255	27	4	1	253	534	786	8.27e-81	296
Seq_2001	otu004567	87.451	255	26	6	2	253	527	778	1.38e-78	289
Seq_2002	otu004128	86.957	253	31	2	2	253	529	780	6.44e-77	283
Seq_2003	otu004128	86.561	253	32	2	2	253	529	780	3.00e-75	278
Seq_2004	otu003805	85.938	256	28	8	2	253	535	786	6.48e-72	267
Seq_2005	otu003805	86.614	254	30	4	2	253	535	786	3.00e-75	278
Seq_2006	otu003805	86.328	256	27	8	2	253	535	786	1.39e-73	272
Seq_2007	otu002201	84.980	253	36	2	2	253	533	784	1.40e-68	255
Seq_2008	otu003805	85.714	252	36	0	2	253	535	786	6.48e-72	267
Seq_2009	otu004381	85.433	254	33	4	2	253	527	778	3.02e-70	261
Seq_2010	otu004381	86.614	254	30	4	2	253	527	778	3.00e-75	278
Seq_2011	otu004381	87.008	254	29	4	2	253	527	778	6.44e-77	283
Seq_2012	otu002201	86.166	253	33	2	2	253	533	784	1.39e-73	272
Seq_2013	otu003805	88.976	254	26	2	1	253	534	786	8.21e-86	313
Seq_2014	otu000851	85.827	254	32	2	2	253	529	780	6.48e-72	267
Seq_2015	otu003805	84.436	257	30	8	2	253	535	786	3.04e-65	244
Seq_2016	otu000851	85.547	256	29	5	2	253	529	780	3.02e-70	261
Seq_2017	otu000851	85.714	252	36	0	2	253	529	780	6.48e-72	267
Seq_2018	otu000851	87.160	257	23	6	2	253	529	780	6.44e-77	283
Seq_2019	otu003805	85.827	254	32	4	2	253	535	786	6.48e-72	267
Seq_2020	otu003805	84.585	253	37	2	2	253	535	786	6.53e-67	250
Seq_2021	otu003805	84.252	254	36	4	2	253	535	786	3.04e-65	244
Seq_2022	otu003805	86.614	254	30	4	2	253	535	786	3.00e-75	278
Seq_2023	otu003805	85.547	256	30	7	2	254	535	786	3.03e-70	261
Seq_2024	otu000187	83.268	257	35	7	1	253	526	778	8.51e-61	230
Seq_2025	otu000755	90.945	254	21	2	1	253	527	779	3.77e-94	340
Seq_2026	otu000851	91.700	253	21	0	1	253	528	780	1.74e-97	351
Seq_2027	otu000851	90.909	253	23	0	1	253	528	780	3.77e-94	340
Seq_2028	otu000755	98.814	253	3	0	1	253	527	779	1.67e-127	451
Seq_2029	otu000851	91.304	253	22	0	1	253	528	780	8.10e-96	346
Seq_2030	otu004567	81.569	255	43	4	1	253	526	778	3.99e-54	207
Seq_2031	otu002201	88.142	253	30	0	1	253	532	784	1.78e-82	302
Seq_2032	otu000851	90.514	253	24	0	1	253	528	780	1.75e-92	335
Seq_2033	otu000851	89.328	253	27	0	1	253	528	780	1.77e-87	318
Seq_2034	otu000851	88.538	253	29	0	1	253	528	780	3.82e-84	307
Seq_2035	otu003805	82.422	256	39	4	1	253	534	786	1.84e-57	219
Seq_2036	otu000851	84.646	254	37	2	1	253	528	780	1.82e-67	252
Seq_2037	otu004567	87.059	255	29	4	1	253	526	778	1.79e-77	285
Seq_2038	otu004567	86.719	256	28	6	1	253	526	778	8.33e-76	279
Seq_2039	otu004567	86.957	253	33	0	1	253	526	778	1.79e-77	285
Seq_2040	otu004567	87.352	253	32	0	1	253	526	778	3.85e-79	291
Seq_2041	otu004567	88.142	253	30	0	1	253	526	778	1.78e-82	302
Seq_2042	otu004567	87.747	253	31	0	1	253	526	778	8.27e-81	296
Seq_2043	otu000187	92.095	253	20	0	1	253	526	778	3.74e-99	357
Seq_2044	otu000187	91.700	253	21	0	1	253	526	778	1.74e-97	351
Seq_2045	otu000187	91.700	253	21	0	1	253	526	778	1.74e-97	351
Seq_2046	otu000187	91.700	253	21	0	1	253	526	778	1.74e-97	351
Seq_2047	otu000187	91.700	253	21	0	1	253	526	778	1.74e-97	351
Seq_2048	otu000187	91.304	253	22	0	1	253	526	778	8.10e-96	346
Seq_2049	otu000187	91.700	253	21	0	1	253	526	778	1.74e-97	351
Seq_2050	otu000187	92.095	253	20	0	1	253	526	778	3.74e-99	357
Seq_2051	otu000187	90.909	253	23	0	1	253	526	778	3.77e-94	340
Seq_2052	otu000228	90.574	244	19	4	12	253	546	787	4.91e-88	320
Seq_2053	otu000228	90.984	244	18	4	12	253	546	787	1.05e-89	326
Seq_2054	otu000228	91.393	244	17	4	12	253	546	787	2.27e-91	331
Seq_2055	otu000228	90.984	244	18	4	12	253	546	787	1.05e-89	326
Seq_2056	otu000228	91.393	244	17	4	12	253	546	787	2.27e-91	331
Seq_2057	otu000228	91.803	244	16	4	12	253	546	787	4.87e-93	337
Seq_2058	otu000228	90.984	244	18	4	12	253	546	787	1.05e-89	326
Seq_2059	otu000228	90.984	244	18	4	12	253	546	787	1.05e-89	326
Seq_2060	otu000080	89.804	255	22	4	1	253	533	785	3.79e-89	324
Seq_2061	otu000228	92.213	244	15	4	12	253	546	787	1.05e-94	342
Seq_2062	otu000187	86.220	254	33	2	1	253	526	778	3.88e-74	274
Seq_2063	otu000187	86.220	254	33	2	1	253	526	778	3.88e-74	274
Seq_2064	otu000187	85.039	254	36	2	1	253	526	778	3.90e-69	257
Seq_2065	otu003347	84.047	257	33	8	1	253	527	779	3.93e-64	241
Seq_2066	otu002071	82.813	256	36	8	2	253	505	756	1.42e-58	222
Seq_2067	otu000187	86.328	256	29	6	1	253	526	778	3.88e-74	274
Seq_2068	otu000187	85.938	256	30	6	1	253	526	778	1.80e-72	268
Seq_2069	otu000187	85.938	256	30	6	1	253	526	778	1.80e-72	268
Seq_2070	otu000187	85.938	256	30	6	1	253	526	778	1.80e-72	268
Seq_2071	otu000187	85.938	256	30	6	1	253	526	778	1.80e-72	268
Seq_2072	otu003483	85.317	252	37	0	2	253	539	790	3.02e-70	261
Seq_2073	otu001998	86.508	252	34	0	2	253	539	790	3.00e-75	278
Seq_2074	otu001998	84.921	252	38	0	2	253	539	790	1.40e-68	255
Seq_2075	otu000187	86.614	254	32	2	1	253	526	778	8.33e-76	279
Seq_2076	otu000187	87.008	254	31	2	1	253	526	778	1.79e-77	285
Seq_2077	otu000187	86.614	254	32	2	1	253	526	778	8.33e-76	279
Seq_2078	otu000187	85.433	254	35	2	1	253	526	778	8.39e-71	263
Seq_2079	otu000187	85.039	254	36	2	1	253	526	778	3.90e-69	257
Seq_2080	otu003483	84.921	252	38	0	2	253	539	790	1.40e-68	255
Seq_2081	otu003483	85.317	252	37	0	2	253	539	790	3.02e-70	261
Seq_2082	otu001998	85.714	252	36	0	2	253	539	790	6.48e-72	267
Seq_2083	otu003483	84.524	252	39	0	2	253	539	790	6.53e-67	250
Seq_2084	otu003483	84.585	253	37	2	2	253	539	790	6.53e-67	250
Seq_2085	otu003483	84.585	253	37	2	2	253	539	790	6.53e-67	250
Seq_2086	otu000187	88.583	254	27	2	1	253	526	778	3.82e-84	307
Seq_2087	otu000187	88.627	255	25	4	1	253	526	778	3.82e-84	307
Seq_2088	otu000187	88.281	256	24	6	1	253	526	778	1.78e-82	302
Seq_2089	otu000187	88.281	256	24	6	1	253	526	778	1.78e-82	302
Seq_2090	otu000187	89.063	256	22	6	1	253	526	778	8.21e-86	313
Seq_2091	otu000187	88.627	255	25	4	1	253	526	778	3.82e-84	307
Seq_2092	otu000187	87.843	255	27	4	1	253	526	778	8.27e-81	296
Seq_2093	otu000187	87.843	255	27	4	1	253	526	778	8.27e-81	296
Seq_2094	otu000187	87.451	255	28	4	1	253	526	778	3.85e-79	291
Seq_2095	otu000187	87.843	255	27	4	1	253	526	778	8.27e-81	296
Seq_2096	otu000187	87.795	254	29	2	1	253	526	778	8.27e-81	296
Seq_2097	otu000187	87.843	255	27	4	1	253	526	778	8.27e-81	296
Seq_2098	otu000187	87.109	256	27	6	1	253	526	778	1.79e-77	285
Seq_2099	otu000187	87.008	254	31	2	1	253	526	778	1.79e-77	285
Seq_2100	otu000187	86.220	254	33	2	1	253	526	778	3.88e-74	274
Seq_2101	otu000187	87.402	254	30	2	1	253	526	778	3.85e-79	291
Seq_2102	otu000187	88.235	255	26	4	1	253	526	778	1.78e-82	302
Seq_2103	otu000187	87.451	255	28	4	1	253	526	778	3.85e-79	291
Seq_2104	otu000187	88.235	255	26	4	1	253	526	778	1.78e-82	302
Seq_2105	otu000187	86.220	254	33	2	1	253	526	778	3.88e-74	274
Seq_2106	otu000187	85.827	254	34	2	1	253	526	778	1.80e-72	268
Seq_2107	otu001571	90.909	253	23	0	1	253	540	792	3.77e-94	340
Seq_2108	otu001571	91.339	254	20	2	1	253	540	792	8.10e-96	346
Seq_2109	otu004480	88.538	253	29	0	1	253	491	743	3.82e-84	307
Seq_2110	otu004480	86.561	253	34	0	1	253	491	743	8.33e-76	279
Seq_2111	otu004480	86.957	253	33	0	1	253	491	743	1.79e-77	285
Seq_2112	otu004480	86.166	253	35	0	1	253	491	743	3.88e-74	274
Seq_2113	otu004480	86.561	253	34	0	1	253	491	743	8.33e-76	279
Seq_2114	otu004480	86.957	253	33	0	1	253	491	743	1.79e-77	285
Seq_2115	otu004480	86.957	253	33	0	1	253	491	743	1.79e-77	285
Seq_2116	otu004480	86.957	253	33	0	1	253	491	743	1.79e-77	285
Seq_2117	otu004480	86.957	253	33	0	1	253	491	743	1.79e-77	285
Seq_2118	otu004209	86.614	254	32	2	1	253	521	773	8.33e-76	279
Seq_2119	otu004209	85.433	254	35	2	1	253	521	773	8.39e-71	263
Seq_2120	otu004446	87.008	254	31	2	1	253	544	796	1.79e-77	285
Seq_2121	otu004446	85.490	255	33	4	1	253	544	796	8.39e-71	263
Seq_2122	otu004446	86.275	255	31	4	1	253	544	796	3.88e-74	274
Seq_2123	otu004446	87.059	255	29	4	1	253	544	796	1.79e-77	285
Seq_2124	otu004446	87.059	255	29	4	1	253	544	796	1.79e-77	285
Seq_2125	otu004446	86.561	253	34	0	1	253	544	796	8.33e-76	279
Seq_2126	otu004446	86.614	254	32	2	1	253	544	796	8.33e-76	279
Seq_2127	otu004446	86.614	254	32	2	1	253	544	796	8.33e-76	279
Seq_2128	otu000095	87.843	255	25	6	2	253	545	796	2.97e-80	294
Seq_2129	otu001137	87.795	254	29	2	1	253	541	793	8.27e-81	296
Seq_2130	otu001137	85.433	254	35	2	1	253	541	793	8.39e-71	263
Seq_2131	otu002830	86.667	255	30	4	1	253	540	792	8.33e-76	279
Seq_2132	otu002830	87.352	253	32	0	1	253	540	792	3.85e-79	291
Seq_2133	otu002830	85.882	255	32	4	1	253	540	792	1.80e-72	268
Seq_2134	otu000286	87.550	249	26	5	8	253	527	773	6.44e-77	283
Seq_2135	otu002830	86.667	255	30	4	1	253	540	792	8.33e-76	279
Seq_2136	otu004446	86.667	255	30	4	1	253	544	796	8.33e-76	279
Seq_2137	otu003928	87.891	256	25	5	1	253	528	780	8.27e-81	296
Seq_2138	otu000030	92.490	253	19	0	1	253	542	794	8.04e-101	363
Seq_2139	otu000030	91.440	257	16	6	1	255	542	794	2.27e-96	348
Seq_2140	otu000030	90.625	256	20	3	1	255	542	794	4.92e-93	337
Seq_2141	otu000030	91.440	257	16	5	1	255	542	794	2.27e-96	348
Seq_2142	otu000030	92.490	253	19	0	1	253	542	794	8.04e-101	363
Seq_2143	otu000030	92.095	253	20	0	1	253	542	794	3.74e-99	357
Seq_2144	otu000030	91.304	253	22	0	1	253	542	794	8.10e-96	346
Seq_2145	otu000030	92.549	255	15	4	1	253	542	794	8.04e-101	363
Seq_2146	otu000030	93.333	255	13	4	1	253	542	794	3.71e-104	374
Seq_2147	otu000030	90.909	253	23	0	1	253	542	794	3.77e-94	340
Seq_2148	otu000030	90.119	253	25	0	1	253	542	794	8.15e-91	329
Seq_2149	otu000030	88.933	253	28	0	1	253	542	794	8.21e-86	313
Seq_2150	otu001912	86.614	254	32	2	1	253	541	793	8.33e-76	279
Seq_2151	otu003901	80.315	254	36	13	7	253	530	776	8.69e-46	180
Seq_2152	otu000030	85.827	254	34	2	1	253	542	794	1.80e-72	268
Seq_2153	otu000495	92.490	253	19	0	1	253	528	780	8.04e-101	363
Seq_2154	otu003928	90.909	253	23	0	1	253	528	780	3.77e-94	340
Seq_2155	otu003928	91.700	253	21	0	1	253	528	780	1.74e-97	351
Seq_2156	otu003928	93.676	253	16	0	1	253	528	780	7.98e-106	379
Seq_2157	otu004392	96.047	253	10	0	1	253	528	780	7.87e-116	412
Seq_2158	otu004392	94.071	253	15	0	1	253	528	780	1.72e-107	385
Seq_2159	otu000495	96.047	253	10	0	1	253	528	780	7.87e-116	412
Seq_2160	otu000495	94.466	253	14	0	1	253	528	780	3.69e-109	390
Seq_2161	otu000495	96.047	253	10	0	1	253	528	780	7.87e-116	412
Seq_2162	otu000495	94.862	253	13	0	1	253	528	780	7.93e-111	396
Seq_2163	otu003928	94.862	253	13	0	1	253	528	780	7.93e-111	396
Seq_2164	otu004392	95.276	254	10	2	1	253	528	780	1.70e-112	401
Seq_2165	otu003928	89.328	253	27	0	1	253	528	780	1.77e-87	318
Seq_2166	otu000030	88.976	254	26	2	1	253	542	794	8.21e-86	313
Seq_2167	otu000495	95.257	253	12	0	1	253	528	780	1.70e-112	401
Seq_2168	otu003928	90.119	253	25	0	1	253	528	780	8.15e-91	329
Seq_2169	otu000495	93.281	253	17	0	1	253	528	780	3.71e-104	374
Seq_2170	otu003928	90.909	253	23	0	1	253	528	780	3.77e-94	340
Seq_2171	otu003928	92.490	253	19	0	1	253	528	780	8.04e-101	363
Seq_2172	otu000030	85.938	256	30	6	1	253	542	794	1.80e-72	268
Seq_2173	otu000030	85.547	256	31	6	1	253	542	794	8.39e-71	263
Seq_2174	otu000030	85.156	256	32	6	1	253	542	794	3.90e-69	257
Seq_2175	otu000030	85.992	257	28	6	1	253	542	794	1.80e-72	268
Seq_2176	otu000030	87.500	256	26	6	1	253	542	794	3.85e-79	291
Seq_2177	otu000030	87.843	255	27	4	1	253	542	794	8.27e-81	296
Seq_2178	otu000030	87.451	255	28	4	1	253	542	794	3.85e-79	291
Seq_2179	otu000030	86.047	258	26	8	1	253	542	794	1.80e-72	268
Seq_2180	otu000030	86.667	255	30	4	1	253	542	794	8.33e-76	279
Seq_2181	otu000030	87.160	257	25	8	1	253	542	794	1.79e-77	285
Seq_2182	otu000030	88.976	254	26	2	1	253	542	794	8.21e-86	313
Seq_2183	otu000030	87.597	258	23	9	1	254	542	794	3.86e-79	291
Seq_2184	otu000030	87.843	255	27	4	1	253	542	794	8.27e-81	296
Seq_2185	otu000030	86.275	255	31	4	1	253	542	794	3.88e-74	274
Seq_2186	otu000030	85.992	257	28	6	1	253	542	794	1.80e-72	268
Seq_2187	otu003928	84.585	253	39	0	1	253	528	780	1.82e-67	252
Seq_2188	otu000030	88.189	254	28	2	1	253	542	794	1.78e-82	302
Seq_2189	otu000030	85.827	254	34	2	1	253	542	794	1.80e-72	268
Seq_2190	otu000141	85.490	255	33	4	1	253	521	773	8.39e-71	263
Seq_2191	otu000141	85.490	255	33	4	1	253	521	773	8.39e-71	263
Seq_2192	otu000141	84.706	255	35	4	1	253	521	773	1.82e-67	252
Seq_2193	otu000141	84.314	255	36	4	1	253	521	773	8.45e-66	246
Seq_2194	otu001912	85.433	254	35	2	1	253	541	793	8.39e-71	263
Seq_2195	otu001912	84.646	254	37	2	1	253	541	793	1.82e-67	252
Seq_2196	otu000030	84.884	258	29	8	1	253	542	794	1.82e-67	252
Seq_2197	otu003928	82.031	256	40	6	1	253	528	780	8.57e-56	213
Seq_2198	otu003470	85.882	255	32	4	1	253	537	789	1.80e-72	268
Seq_2199	otu000030	84.942	259	29	9	1	255	542	794	5.09e-68	254
Seq_2200	otu000495	83.071	254	41	2	1	253	528	780	8.51e-61	230
Seq_2201	otu004016	81.496	254	45	2	1	253	530	782	3.99e-54	207
Seq_2202	otu000030	87.402	254	30	2	1	253	542	794	3.85e-79	291
Seq_2203	otu000030	87.747	253	31	0	1	253	542	794	8.27e-81	296
Seq_2204	otu003861	86.508	252	34	0	2	253	504	755	3.00e-75	278
Seq_2205	otu000575	85.039	254	34	4	2	253	503	754	1.40e-68	255
Seq_2206	otu000575	85.039	254	34	4	2	253	503	754	1.40e-68	255
Seq_2207	otu000575	83.858	254	37	4	2	253	503	754	1.41e-63	239
Seq_2208	otu001737	83.594	256	36	6	1	253	514	766	1.83e-62	235
Seq_2209	otu004458	82.937	252	39	4	1	250	505	754	3.96e-59	224
Seq_2210	otu003333	83.200	250	42	0	1	250	483	732	8.51e-61	230
Seq_2211	otu004214	84.146	246	35	4	10	253	549	792	1.83e-62	235
Seq_2212	otu002625	83.267	251	40	2	1	250	517	766	8.51e-61	230
Seq_2213	otu001939	83.721	258	32	10	1	253	502	754	1.83e-62	235
Seq_2214	otu004214	83.740	246	36	4	10	253	549	792	8.51e-61	230
Seq_2215	otu002828	83.399	253	42	0	1	253	490	742	1.83e-62	235
Seq_2216	otu000128	83.794	253	41	0	1	253	552	804	3.93e-64	241
Seq_2217	otu003609	83.794	253	41	0	1	253	561	813	3.93e-64	241
Seq_2218	otu001384	83.399	253	42	0	1	253	472	724	1.83e-62	235
Seq_2219	otu002506	85.938	256	30	6	1	253	532	784	1.80e-72	268
Seq_2220	otu003818	84.980	253	32	6	1	250	552	801	1.82e-67	252
Seq_2221	otu002672	84.252	254	36	4	2	253	551	802	3.04e-65	244
Seq_2222	otu001634	86.454	251	32	2	1	250	474	723	3.88e-74	274
Seq_2223	otu002672	85.657	251	32	4	2	250	551	799	3.02e-70	261
Seq_2224	otu002672	85.657	251	32	4	2	250	551	799	3.02e-70	261
Seq_2225	otu001050	82.813	256	38	5	1	253	517	769	3.96e-59	224
Seq_2226	otu002672	85.259	251	33	4	2	250	551	799	1.40e-68	255
Seq_2227	otu002506	84.921	252	34	4	1	250	532	781	1.82e-67	252
Seq_2228	otu004343	85.992	257	28	8	1	253	492	744	1.80e-72	268
Seq_2229	otu004343	85.603	257	29	8	1	253	492	744	8.39e-71	263
Seq_2230	otu003430	86.381	257	27	8	1	253	497	749	3.88e-74	274
Seq_2231	otu003430	85.214	257	30	8	1	253	497	749	3.90e-69	257
Seq_2232	otu004343	84.825	257	31	8	1	253	492	744	1.82e-67	252
Seq_2233	otu004343	84.825	257	31	8	1	253	492	744	1.82e-67	252
Seq_2234	otu004343	86.381	257	27	8	1	253	492	744	3.88e-74	274
Seq_2235	otu002506	83.858	254	39	2	1	253	532	784	3.93e-64	241
Seq_2236	otu000084	85.771	253	33	3	2	253	512	762	2.33e-71	265
Seq_2237	otu000084	86.166	253	32	3	2	253	512	762	5.01e-73	270
Seq_2238	otu000084	85.771	253	33	3	2	253	512	762	2.33e-71	265
Seq_2239	otu002672	84.921	252	34	4	1	250	550	799	1.82e-67	252
Seq_2240	otu004303	86.220	254	27	8	1	250	683	932	1.80e-72	268
Seq_2241	otu001514	86.400	250	32	2	2	250	514	762	1.39e-73	272
Seq_2242	otu001514	85.259	251	33	4	2	250	514	762	1.40e-68	255
Seq_2243	otu000095	84.585	253	37	2	2	253	545	796	6.53e-67	250
Seq_2244	otu000095	84.190	253	38	2	2	253	545	796	3.04e-65	244
Seq_2245	otu002088	84.646	254	37	2	1	253	534	786	1.82e-67	252
Seq_2246	otu003319	80.876	251	41	7	6	253	529	775	4.01e-49	191
Seq_2247	otu003250	81.154	260	35	13	1	253	505	757	8.63e-51	196
Seq_2248	otu003041	80.658	243	41	6	14	253	523	762	6.72e-47	183
Seq_2249	otu003041	80.080	251	44	6	6	253	515	762	2.42e-46	182
Seq_2250	otu003041	81.275	251	41	6	6	253	515	762	2.40e-51	198
Seq_2251	otu003504	81.496	254	45	2	1	253	472	724	3.99e-54	207
Seq_2252	otu001138	81.466	232	35	8	23	250	526	753	6.72e-47	183
Seq_2253	otu001138	79.528	254	44	8	1	250	504	753	4.04e-44	174
Seq_2254	otu000790	87.938	257	23	8	1	253	508	760	8.27e-81	296
Seq_2255	otu000790	87.891	256	25	6	1	253	508	760	8.27e-81	296
Seq_2256	otu000790	87.451	255	28	4	1	253	508	760	3.85e-79	291
Seq_2257	otu000790	88.327	257	22	8	1	253	508	760	1.78e-82	302
Seq_2258	otu003188	80.392	255	46	4	1	253	473	725	4.01e-49	191
Seq_2259	otu002867	80.579	242	37	8	17	253	525	761	3.13e-45	178
Seq_2260	otu003196	79.608	255	48	4	1	253	474	726	8.69e-46	180
Seq_2262	otu000542	78.125	256	50	4	1	253	506	758	4.07e-39	158
Seq_2263	otu002867	77.344	256	52	6	1	253	509	761	8.81e-36	147
Seq_2264	otu002002	78.431	255	51	3	1	253	506	758	8.75e-41	163
Seq_2265	otu002002	78.039	255	52	3	1	253	506	758	4.07e-39	158
Seq_2266	otu002002	78.824	255	50	3	1	253	506	758	1.88e-42	169
Seq_2267	otu002451	77.863	262	40	16	1	253	474	726	8.81e-36	147
Seq_2268	otu003438	82.857	245	36	6	12	253	515	756	2.38e-56	215
Seq_2269	otu003188	82.677	254	42	2	1	253	473	725	3.96e-59	224
Seq_2270	otu000790	79.767	257	44	7	1	253	508	760	8.69e-46	180
Seq_2271	otu002493	80.709	254	47	2	1	253	506	758	8.63e-51	196
Seq_2272	otu003351	82.400	250	38	6	7	253	515	761	8.57e-56	213
Seq_2273	otu002999	81.028	253	46	2	2	253	475	726	6.67e-52	200
Seq_2274	otu000790	87.747	253	31	0	1	253	508	760	8.27e-81	296
Seq_2275	otu000790	84.942	259	27	12	1	253	508	760	1.82e-67	252
Seq_2276	otu000790	85.490	255	33	4	1	253	508	760	8.39e-71	263
Seq_2277	otu000790	85.490	255	33	4	1	253	508	760	8.39e-71	263
Seq_2278	otu000790	89.453	256	21	6	1	253	508	760	1.77e-87	318
Seq_2279	otu000790	86.719	256	28	6	1	253	508	760	8.33e-76	279
Seq_2280	otu000790	87.109	256	27	6	1	253	508	760	1.79e-77	285
Seq_2281	otu000790	88.627	255	25	4	1	253	508	760	3.82e-84	307
Seq_2282	otu000790	89.020	255	24	4	1	253	508	760	8.21e-86	313
Seq_2283	otu000790	88.672	256	23	6	1	253	508	760	3.82e-84	307
Seq_2284	otu000790	87.500	256	26	6	1	253	508	760	3.85e-79	291
Seq_2285	otu000907	82.800	250	43	0	1	250	544	793	3.96e-59	224
Seq_2286	otu003319	84.766	256	34	5	1	254	523	775	1.82e-67	252
Seq_2287	otu002451	83.333	252	33	9	6	253	480	726	3.96e-59	224
Seq_2288	otu003188	84.524	252	30	9	6	253	479	725	3.93e-64	241
Seq_2289	otu004294	84.462	251	32	7	6	253	549	795	3.93e-64	241
Seq_2290	otu004294	84.462	251	32	7	6	253	549	795	3.93e-64	241
Seq_2291	otu004407	82.937	252	34	9	6	253	479	725	1.84e-57	219
Seq_2292	otu004407	83.730	252	32	9	6	253	479	725	8.51e-61	230
Seq_2293	otu004407	83.399	253	31	11	6	253	479	725	3.96e-59	224
Seq_2294	otu004407	82.143	252	36	9	6	253	479	725	3.99e-54	207
Seq_2295	otu003809	84.496	258	30	10	1	253	474	726	8.45e-66	246
Seq_2296	otu002564	84.375	256	34	6	1	253	474	726	8.45e-66	246
Seq_2297	otu004281	100.000	253	0	0	1	253	524	776	1.66e-132	468
Seq_2298	otu004482	100.000	253	0	0	1	253	524	776	1.66e-132	468
Seq_2299	otu002468	100.000	253	0	0	1	253	524	776	1.66e-132	468
Seq_2300	otu003685	100.000	253	0	0	1	253	524	776	1.66e-132	468
Seq_2301	otu004151	100.000	253	0	0	1	253	490	742	1.66e-132	468
Seq_2302	otu002105	100.000	253	0	0	1	253	524	776	1.66e-132	468
Seq_2303	otu002497	100.000	253	0	0	1	253	524	776	1.66e-132	468
Seq_2304	otu003777	100.000	253	0	0	1	253	524	776	1.66e-132	468
Seq_2305	otu003307	100.000	253	0	0	1	253	526	778	1.66e-132	468
Seq_2306	otu004542	100.000	253	0	0	1	253	524	776	1.66e-132	468
Seq_2307	otu004411	96.443	253	9	0	1	253	524	776	1.69e-117	418
Seq_2308	otu004006	97.628	253	6	0	1	253	524	776	1.68e-122	435
Seq_2309	otu004006	99.209	253	2	0	1	253	524	776	3.59e-129	457
Seq_2310	otu001824	99.209	253	2	0	1	253	524	776	3.59e-129	457
Seq_2311	otu001891	99.209	253	2	0	1	253	524	776	3.59e-129	457
Seq_2312	otu001824	99.605	253	1	0	1	253	524	776	7.71e-131	462
Seq_2313	otu001891	99.605	253	1	0	1	253	524	776	7.71e-131	462
Seq_2314	otu001824	98.814	253	3	0	1	253	524	776	1.67e-127	451
Seq_2315	otu004256	100.000	253	0	0	1	253	524	776	1.66e-132	468
Seq_2316	otu002527	98.024	253	5	0	1	253	529	781	3.61e-124	440
Seq_2317	otu004044	100.000	253	0	0	1	253	524	776	1.66e-132	468
Seq_2318	otu002719	100.000	248	0	0	6	253	528	775	9.97e-130	459
Seq_2319	otu004557	99.209	253	2	0	1	253	524	776	3.59e-129	457
Seq_2320	otu003887	100.000	253	0	0	1	253	526	778	1.66e-132	468
Seq_2321	otu004557	100.000	253	0	0	1	253	524	776	1.66e-132	468
Seq_2322	otu002012	87.352	253	32	0	1	253	522	774	3.85e-79	291
Seq_2323	otu002012	98.814	253	3	0	1	253	522	774	1.67e-127	451
Seq_2324	otu003147	86.957	253	33	0	1	253	518	770	1.79e-77	285
Seq_2325	otu002012	87.747	253	31	0	1	253	522	774	8.27e-81	296
Seq_2326	otu002012	87.747	253	31	0	1	253	522	774	8.27e-81	296
Seq_2327	otu002012	88.583	254	27	2	1	253	522	774	3.82e-84	307
Seq_2328	otu003147	88.235	255	26	4	1	253	518	770	1.78e-82	302
Seq_2329	otu001824	87.600	250	27	4	6	253	529	776	4.98e-78	287
Seq_2330	otu003147	87.843	255	27	4	1	253	518	770	8.27e-81	296
Seq_2331	otu002012	87.891	256	25	5	1	253	522	774	8.27e-81	296
Seq_2332	otu003147	86.220	254	33	2	1	253	518	770	3.88e-74	274
Seq_2333	otu002012	87.008	254	31	2	1	253	522	774	1.79e-77	285
Seq_2334	otu002012	87.451	255	28	3	1	253	522	774	3.85e-79	291
Seq_2335	otu002012	87.938	257	23	6	1	253	522	774	8.27e-81	296
Seq_2336	otu002140	86.275	255	31	3	1	253	525	777	3.88e-74	274
Seq_2337	otu003059	86.328	256	29	6	1	253	526	778	3.88e-74	274
Seq_2338	otu002012	86.381	257	27	8	1	253	522	774	3.88e-74	274
Seq_2339	otu002012	86.328	256	29	5	1	253	522	774	3.88e-74	274
Seq_2340	otu003147	88.189	254	28	2	1	253	518	770	1.78e-82	302
Seq_2341	otu003445	90.476	252	16	8	6	253	529	776	1.05e-89	326
Seq_2342	otu000571	90.909	253	23	0	1	253	531	783	3.77e-94	340
Seq_2343	otu001573	90.514	253	24	0	1	253	531	783	1.75e-92	335
Seq_2344	otu001573	91.339	254	20	2	1	253	531	783	8.10e-96	346
Seq_2345	otu001129	90.514	253	24	0	1	253	526	778	1.75e-92	335
Seq_2346	otu004111	89.723	253	26	0	1	253	528	780	3.79e-89	324
Seq_2347	otu003322	85.600	250	32	4	6	253	530	777	1.09e-69	259
Seq_2348	otu001573	85.882	255	32	4	1	253	531	783	1.80e-72	268
Seq_2349	otu000571	85.827	254	34	2	1	253	531	783	1.80e-72	268
Seq_2350	otu000200	88.538	253	29	0	1	253	516	768	3.82e-84	307
Seq_2351	otu000200	88.142	253	30	0	1	253	516	768	1.78e-82	302
Seq_2352	otu000200	90.361	249	22	2	6	253	521	768	1.05e-89	326
Seq_2353	otu000200	90.000	250	21	4	6	253	521	768	4.91e-88	320
Seq_2354	otu004151	86.381	257	27	8	1	253	490	742	3.88e-74	274
Seq_2355	otu003956	90.157	254	23	2	1	253	517	769	8.15e-91	329
Seq_2356	otu003956	90.119	253	25	0	1	253	517	769	8.15e-91	329
Seq_2357	otu004482	92.095	253	20	0	1	253	524	776	3.74e-99	357
Seq_2358	otu003821	89.723	253	26	0	1	253	531	783	3.79e-89	324
Seq_2359	otu002354	88.583	254	27	2	1	253	530	782	3.82e-84	307
Seq_2360	otu002354	88.627	255	26	3	1	254	530	782	3.84e-84	307
Seq_2361	otu003952	90.551	254	22	2	1	253	531	783	1.75e-92	335
Seq_2362	otu003952	90.909	253	23	0	1	253	531	783	3.77e-94	340
Seq_2363	otu003952	90.514	253	24	0	1	253	531	783	1.75e-92	335
Seq_2364	otu003952	90.119	253	25	0	1	253	531	783	8.15e-91	329
Seq_2365	otu003952	90.157	254	23	2	1	253	531	783	8.15e-91	329
Seq_2366	otu003952	89.764	254	24	2	1	253	531	783	3.79e-89	324
Seq_2367	otu002035	83.922	255	37	4	1	253	541	793	3.93e-64	241
Seq_2368	otu002354	88.976	254	27	1	1	254	530	782	8.25e-86	313
Seq_2369	otu002354	90.119	253	25	0	1	253	530	782	8.15e-91	329
Seq_2370	otu002354	90.119	253	25	0	1	253	530	782	8.15e-91	329
Seq_2371	otu002354	89.764	254	24	2	1	253	530	782	3.79e-89	324
Seq_2372	otu002354	87.352	253	32	0	1	253	530	782	3.85e-79	291
Seq_2373	otu002354	90.157	254	23	2	1	253	530	782	8.15e-91	329
Seq_2374	otu002354	90.945	254	22	1	1	254	530	782	3.78e-94	340
Seq_2375	otu004016	84.980	253	38	0	1	253	530	782	3.90e-69	257
Seq_2376	otu003952	91.339	254	20	2	1	253	531	783	8.10e-96	346
Seq_2377	otu002354	92.885	253	18	0	1	253	530	782	1.73e-102	368
Seq_2378	otu004582	91.700	253	21	0	1	253	533	785	1.74e-97	351
Seq_2379	otu002354	91.700	253	21	0	1	253	530	782	1.74e-97	351
Seq_2380	otu004111	92.885	253	18	0	1	253	528	780	1.73e-102	368
Seq_2381	otu003320	91.700	253	21	0	1	253	522	774	1.74e-97	351
Seq_2382	otu000885	91.700	253	21	0	1	253	486	738	1.74e-97	351
Seq_2383	otu002200	94.862	253	13	0	1	253	530	782	7.93e-111	396
Seq_2384	otu002200	88.976	254	26	2	1	253	530	782	8.21e-86	313
Seq_2385	otu002200	90.157	254	23	2	1	253	530	782	8.15e-91	329
Seq_2386	otu004364	91.339	254	20	2	1	253	530	782	8.10e-96	346
Seq_2387	otu001573	91.700	253	21	0	1	253	531	783	1.74e-97	351
Seq_2388	otu003277	90.157	254	23	2	1	253	530	782	8.15e-91	329
Seq_2389	otu003277	90.909	253	23	0	1	253	530	782	3.77e-94	340
Seq_2390	otu004396	93.676	253	16	0	1	253	531	783	7.98e-106	379
Seq_2391	otu001872	94.071	253	15	0	1	253	530	782	1.72e-107	385
Seq_2392	otu004364	94.862	253	13	0	1	253	530	782	7.93e-111	396
Seq_2393	otu002200	94.466	253	14	0	1	253	530	782	3.69e-109	390
Seq_2394	otu001872	96.063	254	8	2	1	253	530	782	7.87e-116	412
Seq_2395	otu003277	94.094	254	13	2	1	253	530	782	1.72e-107	385
Seq_2396	otu001872	94.094	254	13	2	1	253	530	782	1.72e-107	385
Seq_2397	otu001573	93.676	253	16	0	1	253	531	783	7.98e-106	379
Seq_2398	otu001427	95.669	254	10	1	1	253	531	784	3.66e-114	407
Seq_2399	otu004364	95.652	253	11	0	1	253	530	782	3.66e-114	407
Seq_2400	otu004364	92.913	254	16	2	1	253	530	782	1.73e-102	368
Seq_2401	otu003516	95.669	254	10	1	1	253	530	783	3.66e-114	407
Seq_2402	otu002596	96.443	253	9	0	1	253	527	779	1.69e-117	418
Seq_2403	otu003277	98.024	253	5	0	1	253	530	782	3.61e-124	440
Seq_2404	otu003277	97.628	253	6	0	1	253	530	782	1.68e-122	435
Seq_2405	otu004396	96.838	253	8	0	1	253	531	783	3.64e-119	424
Seq_2406	otu004396	97.233	253	7	0	1	253	531	783	7.82e-121	429
Seq_2407	otu004396	96.443	253	9	0	1	253	531	783	1.69e-117	418
Seq_2408	otu004396	98.419	253	4	0	1	253	531	783	7.76e-126	446
Seq_2409	otu002596	98.419	253	4	0	1	253	527	779	7.76e-126	446
Seq_2410	otu002596	98.419	253	4	0	1	253	527	779	7.76e-126	446
Seq_2411	otu003277	98.814	253	3	0	1	253	530	782	1.67e-127	451
Seq_2412	otu003277	97.233	253	7	0	1	253	530	782	7.82e-121	429
Seq_2413	otu002596	97.233	253	7	0	1	253	527	779	7.82e-121	429
Seq_2414	otu003277	97.628	253	6	0	1	253	530	782	1.68e-122	435
Seq_2415	otu002596	98.419	253	4	0	1	253	527	779	7.76e-126	446
Seq_2416	otu003277	99.209	253	2	0	1	253	530	782	3.59e-129	457
Seq_2417	otu003277	98.419	253	4	0	1	253	530	782	7.76e-126	446
Seq_2418	otu003277	97.628	253	6	0	1	253	530	782	1.68e-122	435
Seq_2419	otu003277	99.209	253	2	0	1	253	530	782	3.59e-129	457
Seq_2420	otu003277	100.000	253	0	0	1	253	530	782	1.66e-132	468
Seq_2421	otu003277	99.605	253	1	0	1	253	530	782	7.71e-131	462
Seq_2422	otu001872	97.628	253	6	0	1	253	530	782	1.68e-122	435
Seq_2423	otu001872	98.814	253	3	0	1	253	530	782	1.67e-127	451
Seq_2424	otu001872	100.000	253	0	0	1	253	530	782	1.66e-132	468
Seq_2425	otu002200	95.669	254	9	2	1	253	530	782	3.66e-114	407
Seq_2426	otu001427	95.276	254	11	1	1	253	531	784	1.70e-112	401
Seq_2427	otu000571	95.257	253	12	0	1	253	531	783	1.70e-112	401
Seq_2428	otu002596	96.471	255	5	4	1	253	527	779	1.69e-117	418
Seq_2429	otu003277	96.838	253	8	0	1	253	530	782	3.64e-119	424
Seq_2430	otu002596	97.638	254	4	2	1	253	527	779	1.68e-122	435
Seq_2431	otu003277	95.669	254	9	2	1	253	530	782	3.66e-114	407
Seq_2432	otu003277	97.244	254	5	2	1	253	530	782	7.82e-121	429
Seq_2433	otu003516	97.244	254	6	1	1	253	530	783	7.82e-121	429
Seq_2434	otu004396	97.628	253	6	0	1	253	531	783	1.68e-122	435
Seq_2435	otu003277	97.233	253	7	0	1	253	530	782	7.82e-121	429
Seq_2436	otu004396	94.862	253	13	0	1	253	531	783	7.93e-111	396
Seq_2437	otu003277	96.850	254	6	2	1	253	530	782	3.64e-119	424
Seq_2438	otu002200	97.233	253	7	0	1	253	530	782	7.82e-121	429
Seq_2439	otu003277	95.652	253	11	0	1	253	530	782	3.66e-114	407
Seq_2440	otu002200	96.443	253	9	0	1	253	530	782	1.69e-117	418
Seq_2441	otu003277	97.628	253	6	0	1	253	530	782	1.68e-122	435
Seq_2442	otu003277	96.443	253	9	0	1	253	530	782	1.69e-117	418
Seq_2443	otu001872	96.443	253	9	0	1	253	530	782	1.69e-117	418
Seq_2444	otu001872	96.047	253	10	0	1	253	530	782	7.87e-116	412
Seq_2445	otu001573	94.466	253	14	0	1	253	531	783	3.69e-109	390
Seq_2446	otu004364	93.676	253	16	0	1	253	530	782	7.98e-106	379
Seq_2447	otu004364	94.071	253	15	0	1	253	530	782	1.72e-107	385
Seq_2448	otu001872	97.628	253	6	0	1	253	530	782	1.68e-122	435
Seq_2449	otu003516	95.276	254	12	0	1	254	530	783	4.76e-113	403
Seq_2450	otu001872	95.652	253	11	0	1	253	530	782	3.66e-114	407
Seq_2451	otu002596	96.838	253	8	0	1	253	527	779	3.64e-119	424
Seq_2452	otu001872	96.443	253	9	0	1	253	530	782	1.69e-117	418
Seq_2453	otu001872	94.882	254	10	2	1	252	530	782	2.84e-110	394
Seq_2454	otu001872	96.457	254	8	1	1	254	530	782	1.70e-117	418
Seq_2455	otu004396	96.850	254	6	2	1	253	531	783	3.64e-119	424
Seq_2456	otu001872	93.281	253	17	0	1	253	530	782	3.71e-104	374
Seq_2457	otu002200	96.443	253	9	0	1	253	530	782	1.69e-117	418
Seq_2458	otu002200	96.443	253	9	0	1	253	530	782	1.69e-117	418
Seq_2459	otu003277	94.071	253	15	0	1	253	530	782	1.72e-107	385
Seq_2460	otu003277	95.257	253	12	0	1	253	530	782	1.70e-112	401
Seq_2461	otu003277	95.257	253	12	0	1	253	530	782	1.70e-112	401
Seq_2462	otu003277	96.443	253	9	0	1	253	530	782	1.69e-117	418
Seq_2463	otu003277	96.047	253	10	0	1	253	530	782	7.87e-116	412
Seq_2464	otu001427	96.457	254	8	1	1	253	531	784	1.69e-117	418
Seq_2465	otu001872	94.882	254	11	2	1	253	530	782	7.93e-111	396
Seq_2466	otu000078	91.700	253	21	0	1	253	528	780	1.74e-97	351
Seq_2467	otu004111	89.764	254	24	2	1	253	528	780	3.79e-89	324
Seq_2468	otu003322	89.919	248	25	0	6	253	530	777	4.91e-88	320
Seq_2469	otu001872	87.402	254	30	2	1	253	530	782	3.85e-79	291
Seq_2470	otu003762	92.490	253	19	0	1	253	530	782	8.04e-101	363
Seq_2471	otu004364	91.732	254	19	2	1	253	530	782	1.74e-97	351
Seq_2472	otu002130	89.804	255	22	4	1	253	521	773	3.79e-89	324
Seq_2473	otu004111	86.220	254	33	2	1	253	528	780	3.88e-74	274
Seq_2474	otu002196	91.700	253	21	0	1	253	528	780	1.74e-97	351
Seq_2475	otu004031	92.885	253	18	0	1	253	521	773	1.73e-102	368
Seq_2476	otu004027	96.443	253	9	0	1	253	516	768	1.69e-117	418
Seq_2477	otu004027	96.047	253	10	0	1	253	516	768	7.87e-116	412
Seq_2478	otu002152	94.094	254	13	2	1	253	518	770	1.72e-107	385
Seq_2479	otu002152	94.094	254	13	2	1	253	518	770	1.72e-107	385
Seq_2480	otu002152	92.885	253	18	0	1	253	518	770	1.73e-102	368
Seq_2481	otu003160	95.652	253	11	0	1	253	519	771	3.66e-114	407
Seq_2482	otu004542	92.549	255	15	4	1	253	524	776	8.04e-101	363
Seq_2483	otu002719	92.157	255	16	4	1	253	523	775	3.74e-99	357
Seq_2484	otu003843	93.333	255	13	4	1	253	524	776	3.71e-104	374
Seq_2485	otu004542	93.333	255	13	4	1	253	524	776	3.71e-104	374
Seq_2486	otu000416	90.551	254	22	2	1	253	521	773	1.75e-92	335
Seq_2487	otu004267	94.862	253	13	0	1	253	517	769	7.93e-111	396
Seq_2488	otu000877	97.244	254	5	2	1	253	515	767	7.82e-121	429
Seq_2489	otu000877	94.071	253	15	0	1	253	515	767	1.72e-107	385
Seq_2490	otu004267	94.466	253	14	0	1	253	517	769	3.69e-109	390
Seq_2491	otu004267	94.466	253	14	0	1	253	517	769	3.69e-109	390
Seq_2492	otu004267	93.281	253	17	0	1	253	517	769	3.71e-104	374
Seq_2493	otu004267	93.676	253	16	0	1	253	517	769	7.98e-106	379
Seq_2494	otu004267	94.466	253	14	0	1	253	517	769	3.69e-109	390
Seq_2495	otu000877	95.257	253	12	0	1	253	515	767	1.70e-112	401
Seq_2496	otu004159	93.725	255	12	4	1	253	531	783	7.98e-106	379
Seq_2497	otu000877	96.443	253	9	0	1	253	515	767	1.69e-117	418
Seq_2498	otu000877	95.652	253	11	0	1	253	515	767	3.66e-114	407
Seq_2499	otu004267	94.510	255	10	4	1	253	517	769	3.69e-109	390
Seq_2500	otu000517	97.628	253	6	0	1	253	515	767	1.68e-122	435
Seq_2501	otu000877	95.652	253	11	0	1	253	515	767	3.66e-114	407
Seq_2502	otu000274	95.686	255	7	4	1	253	512	764	3.66e-114	407
Seq_2503	otu000274	98.024	253	5	0	1	253	512	764	3.61e-124	440
Seq_2504	otu000517	97.233	253	7	0	1	253	515	767	7.82e-121	429
Seq_2505	otu003821	92.095	253	20	0	1	253	531	783	3.74e-99	357
Seq_2506	otu003909	91.304	253	22	0	1	253	531	783	8.10e-96	346
Seq_2507	otu000107	94.862	253	13	0	1	253	521	773	7.93e-111	396
Seq_2508	otu001281	94.466	253	14	0	1	253	518	770	3.69e-109	390
Seq_2509	otu001281	94.466	253	14	0	1	253	518	770	3.69e-109	390
Seq_2510	otu001281	94.466	253	14	0	1	253	518	770	3.69e-109	390
Seq_2511	otu001281	94.466	253	14	0	1	253	518	770	3.69e-109	390
Seq_2512	otu001281	94.071	253	15	0	1	253	518	770	1.72e-107	385
Seq_2513	otu001281	94.862	253	13	0	1	253	518	770	7.93e-111	396
Seq_2514	otu001281	94.862	253	13	0	1	253	518	770	7.93e-111	396
Seq_2515	otu001281	95.257	253	12	0	1	253	518	770	1.70e-112	401
Seq_2516	otu001281	94.466	253	14	0	1	253	518	770	3.69e-109	390
Seq_2517	otu001281	94.466	253	14	0	1	253	518	770	3.69e-109	390
Seq_2518	otu004532	100.000	253	0	0	1	253	525	777	1.66e-132	468
Seq_2519	otu004415	100.000	253	0	0	1	253	502	754	1.66e-132	468
Seq_2520	otu000699	100.000	253	0	0	1	253	526	778	1.66e-132	468
Seq_2521	otu002613	100.000	253	0	0	1	253	522	774	1.66e-132	468
Seq_2522	otu001828	99.605	253	1	0	1	253	527	779	7.71e-131	462
Seq_2523	otu000288	94.902	255	9	4	1	253	511	763	7.93e-111	396
Seq_2524	otu000288	93.701	254	14	2	1	253	511	763	7.98e-106	379
Seq_2525	otu001281	92.095	253	20	0	1	253	518	770	3.74e-99	357
Seq_2526	otu000517	93.281	253	17	0	1	253	515	767	3.71e-104	374
Seq_2527	otu001129	92.885	253	18	0	1	253	526	778	1.73e-102	368
Seq_2528	otu002733	96.838	253	8	0	1	253	528	780	3.64e-119	424
Seq_2529	otu002733	97.628	253	6	0	1	253	528	780	1.68e-122	435
Seq_2530	otu002733	97.628	253	6	0	1	253	528	780	1.68e-122	435
Seq_2531	otu002733	97.233	253	7	0	1	253	528	780	7.82e-121	429
Seq_2532	otu002733	98.024	253	5	0	1	253	528	780	3.61e-124	440
Seq_2533	otu002733	97.628	253	6	0	1	253	528	780	1.68e-122	435
Seq_2534	otu002733	96.443	253	9	0	1	253	528	780	1.69e-117	418
Seq_2535	otu002733	95.652	253	11	0	1	253	528	780	3.66e-114	407
Seq_2536	otu002947	88.235	255	27	3	1	253	577	830	1.78e-82	302
Seq_2537	otu002733	87.903	248	30	0	6	253	533	780	1.07e-79	292
Seq_2538	otu003193	86.719	256	28	6	1	253	531	783	8.33e-76	279
Seq_2539	otu004509	87.747	253	31	0	1	253	531	783	8.27e-81	296
Seq_2540	otu003540	87.843	255	27	4	1	253	531	783	8.27e-81	296
Seq_2541	otu003540	88.235	255	26	4	1	253	531	783	1.78e-82	302
Seq_2542	otu001583	89.412	255	23	4	1	253	531	783	1.77e-87	318
Seq_2543	otu004509	87.747	253	31	0	1	253	531	783	8.27e-81	296
Seq_2544	otu004509	87.747	253	31	0	1	253	531	783	8.27e-81	296
Seq_2545	otu000642	87.843	255	27	4	1	253	531	783	8.27e-81	296
Seq_2546	otu003461	88.538	253	29	0	1	253	528	780	3.82e-84	307
Seq_2547	otu003461	88.142	253	30	0	1	253	528	780	1.78e-82	302
Seq_2548	otu003461	88.142	253	30	0	1	253	528	780	1.78e-82	302
Seq_2549	otu003542	88.327	257	22	8	1	253	532	784	1.78e-82	302
Seq_2550	otu003576	89.723	253	26	0	1	253	527	779	3.79e-89	324
Seq_2551	otu003576	88.538	253	29	0	1	253	527	779	3.82e-84	307
Seq_2552	otu003576	87.747	253	31	0	1	253	527	779	8.27e-81	296
Seq_2553	otu004477	88.627	255	25	4	1	253	528	780	3.82e-84	307
Seq_2554	otu004477	88.235	255	26	4	1	253	528	780	1.78e-82	302
Seq_2555	otu003576	88.933	253	28	0	1	253	527	779	8.21e-86	313
Seq_2556	otu003576	88.933	253	28	0	1	253	527	779	8.21e-86	313
Seq_2557	otu003576	88.142	253	30	0	1	253	527	779	1.78e-82	302
Seq_2558	otu003576	87.352	253	32	0	1	253	527	779	3.85e-79	291
Seq_2559	otu001294	85.657	251	30	4	6	253	522	769	1.09e-69	259
Seq_2560	otu004011	89.105	257	20	8	1	253	524	776	8.21e-86	313
Seq_2561	otu001125	89.328	253	27	0	1	253	507	759	1.77e-87	318
Seq_2562	otu004509	87.352	253	32	0	1	253	531	783	3.85e-79	291
Seq_2563	otu004503	87.500	256	26	6	1	253	531	783	3.85e-79	291
Seq_2564	otu004547	93.725	255	12	4	1	253	529	781	7.98e-106	379
Seq_2565	otu004519	92.941	255	14	4	1	253	533	785	1.73e-102	368
Seq_2566	otu004519	92.549	255	15	4	1	253	533	785	8.04e-101	363
Seq_2567	otu001281	92.095	253	20	0	1	253	518	770	3.74e-99	357
Seq_2568	otu004519	91.700	253	21	0	1	253	533	785	1.74e-97	351
Seq_2569	otu001757	94.118	255	11	4	1	253	535	787	1.72e-107	385
Seq_2570	otu004519	94.118	255	11	4	1	253	533	785	1.72e-107	385
Seq_2571	otu004162	93.725	255	12	4	1	253	531	783	7.98e-106	379
Seq_2572	otu001757	93.725	255	12	4	1	253	535	787	7.98e-106	379
Seq_2573	otu001757	93.333	255	13	4	1	253	535	787	3.71e-104	374
Seq_2574	otu001757	92.941	255	14	4	1	253	535	787	1.73e-102	368
Seq_2575	otu004395	100.000	253	0	0	1	253	529	781	1.66e-132	468
Seq_2576	otu004519	100.000	253	0	0	1	253	533	785	1.66e-132	468
Seq_2577	otu004519	97.628	253	6	0	1	253	533	785	1.68e-122	435
Seq_2578	otu002076	98.024	253	5	0	1	253	528	780	3.61e-124	440
Seq_2579	otu002076	98.814	253	3	0	1	253	528	780	1.67e-127	451
Seq_2580	otu000061	99.605	253	1	0	1	253	528	780	7.71e-131	462
Seq_2581	otu002076	100.000	253	0	0	1	253	528	780	1.66e-132	468
Seq_2582	otu002076	99.605	253	1	0	1	253	528	780	7.71e-131	462
Seq_2583	otu004061	100.000	253	0	0	1	253	527	779	1.66e-132	468
Seq_2584	otu004509	100.000	253	0	0	1	253	531	783	1.66e-132	468
Seq_2585	otu002894	98.419	253	4	0	1	253	527	779	7.76e-126	446
Seq_2586	otu004492	100.000	253	0	0	1	253	531	783	1.66e-132	468
Seq_2587	otu004162	100.000	253	0	0	1	253	531	783	1.66e-132	468
Seq_2588	otu004558	100.000	253	0	0	1	253	529	781	1.66e-132	468
Seq_2589	otu002894	100.000	253	0	0	1	253	527	779	1.66e-132	468
Seq_2590	otu003952	99.209	253	2	0	1	253	531	783	3.59e-129	457
Seq_2591	otu003952	99.605	253	1	0	1	253	531	783	7.71e-131	462
Seq_2592	otu003952	100.000	253	0	0	1	253	531	783	1.66e-132	468
Seq_2593	otu003952	90.514	253	24	0	1	253	531	783	1.75e-92	335
Seq_2594	otu000885	92.126	254	18	2	1	253	486	738	3.74e-99	357
Seq_2595	otu003071	92.800	250	18	0	1	250	528	777	8.04e-101	363
Seq_2596	otu003952	94.071	253	15	0	1	253	531	783	1.72e-107	385
Seq_2597	otu002205	94.355	248	14	0	6	253	535	782	2.22e-106	381
Seq_2598	otu003952	94.071	253	15	0	1	253	531	783	1.72e-107	385
Seq_2599	otu000885	95.257	253	12	0	1	253	486	738	1.70e-112	401
Seq_2600	otu000885	95.257	253	12	0	1	253	486	738	1.70e-112	401
Seq_2601	otu000885	96.047	253	10	0	1	253	486	738	7.87e-116	412
Seq_2602	otu002674	95.257	253	12	0	1	253	493	745	1.70e-112	401
Seq_2603	otu002932	91.700	253	21	0	1	253	526	778	1.74e-97	351
Seq_2604	otu002932	95.652	253	11	0	1	253	526	778	3.66e-114	407
Seq_2605	otu002932	95.257	253	12	0	1	253	526	778	1.70e-112	401
Seq_2606	otu002932	92.490	253	19	0	1	253	526	778	8.04e-101	363
Seq_2607	otu002932	93.676	253	16	0	1	253	526	778	7.98e-106	379
Seq_2608	otu002932	98.419	253	4	0	1	253	526	778	7.76e-126	446
Seq_2609	otu002932	95.652	253	11	0	1	253	526	778	3.66e-114	407
Seq_2610	otu002674	91.304	253	22	0	1	253	493	745	8.10e-96	346
Seq_2611	otu002674	95.257	253	12	0	1	253	493	745	1.70e-112	401
Seq_2612	otu000885	93.701	254	14	2	1	253	486	738	7.98e-106	379
Seq_2613	otu004111	93.281	253	17	0	1	253	528	780	3.71e-104	374
Seq_2614	otu000885	92.941	255	14	4	1	253	486	738	1.73e-102	368
Seq_2615	otu003762	86.957	253	33	0	1	253	530	782	1.79e-77	285
Seq_2616	otu002015	96.863	255	4	4	1	253	523	775	3.64e-119	424
Seq_2617	otu000708	97.255	255	3	4	1	253	521	773	7.82e-121	429
Seq_2618	otu000708	97.647	255	2	4	1	253	521	773	1.68e-122	435
Seq_2619	otu000708	98.814	253	3	0	1	253	521	773	1.67e-127	451
Seq_2620	otu004247	97.244	254	5	2	1	253	521	773	7.82e-121	429
Seq_2621	otu004247	97.233	253	7	0	1	253	521	773	7.82e-121	429
Seq_2622	otu004247	97.628	253	6	0	1	253	521	773	1.68e-122	435
Seq_2623	otu004247	97.233	253	7	0	1	253	521	773	7.82e-121	429
Seq_2624	otu002015	97.628	253	6	0	1	253	523	775	1.68e-122	435
Seq_2625	otu004247	97.628	253	6	0	1	253	521	773	1.68e-122	435
Seq_2626	otu000708	99.605	253	1	0	1	253	521	773	7.71e-131	462
Seq_2627	otu000708	100.000	253	0	0	1	253	521	773	1.66e-132	468
Seq_2628	otu000708	98.024	253	5	0	1	253	521	773	3.61e-124	440
Seq_2629	otu000708	98.419	253	4	0	1	253	521	773	7.76e-126	446
Seq_2630	otu003488	94.510	255	10	4	1	253	518	770	3.69e-109	390
Seq_2631	otu000708	96.443	253	9	0	1	253	521	773	1.69e-117	418
Seq_2632	otu003488	96.443	253	9	0	1	253	518	770	1.69e-117	418
Seq_2633	otu000708	95.652	253	11	0	1	253	521	773	3.66e-114	407
Seq_2634	otu000708	96.047	253	10	0	1	253	521	773	7.87e-116	412
Seq_2635	otu003488	96.047	253	10	0	1	253	518	770	7.87e-116	412
Seq_2636	otu003488	95.652	253	11	0	1	253	518	770	3.66e-114	407
Seq_2637	otu000708	95.669	254	9	2	1	253	521	773	3.66e-114	407
Seq_2638	otu003488	95.652	253	11	0	1	253	518	770	3.66e-114	407
Seq_2639	otu003488	96.047	253	10	0	1	253	518	770	7.87e-116	412
Seq_2640	otu003488	95.257	253	12	0	1	253	518	770	1.70e-112	401
Seq_2641	otu003488	94.466	253	14	0	1	253	518	770	3.69e-109	390
Seq_2642	otu003488	95.257	253	12	0	1	253	518	770	1.70e-112	401
Seq_2643	otu003488	94.862	253	13	0	1	253	518	770	7.93e-111	396
Seq_2644	otu003488	94.466	253	14	0	1	253	518	770	3.69e-109	390
Seq_2645	otu003488	95.652	253	11	0	1	253	518	770	3.66e-114	407
Seq_2646	otu003488	97.233	253	7	0	1	253	518	770	7.82e-121	429
Seq_2647	otu003488	96.838	253	8	0	1	253	518	770	3.64e-119	424
Seq_2648	otu003488	93.676	253	16	0	1	253	518	770	7.98e-106	379
Seq_2649	otu003488	99.605	253	1	0	1	253	518	770	7.71e-131	462
Seq_2650	otu003488	97.628	253	6	0	1	253	518	770	1.68e-122	435
Seq_2651	otu003488	94.862	253	13	0	1	253	518	770	7.93e-111	396
Seq_2652	otu003488	96.443	253	9	0	1	253	518	770	1.69e-117	418
Seq_2653	otu003488	95.257	253	12	0	1	253	518	770	1.70e-112	401
Seq_2654	otu003488	95.652	253	11	0	1	253	518	770	3.66e-114	407
Seq_2655	otu004247	96.047	253	10	0	1	253	521	773	7.87e-116	412
Seq_2656	otu004247	95.652	253	11	0	1	253	521	773	3.66e-114	407
Seq_2657	otu003488	96.443	253	9	0	1	253	518	770	1.69e-117	418
Seq_2658	otu003488	96.443	253	9	0	1	253	518	770	1.69e-117	418
Seq_2659	otu002015	96.443	253	9	0	1	253	523	775	1.69e-117	418
Seq_2660	otu004247	96.838	253	8	0	1	253	521	773	3.64e-119	424
Seq_2661	otu004247	96.047	253	10	0	1	253	521	773	7.87e-116	412
Seq_2662	otu004247	96.047	253	10	0	1	253	521	773	7.87e-116	412
Seq_2663	otu000708	96.047	253	10	0	1	253	521	773	7.87e-116	412
Seq_2664	otu000708	96.047	253	10	0	1	253	521	773	7.87e-116	412
Seq_2665	otu000708	96.850	254	6	2	1	253	521	773	3.64e-119	424
Seq_2666	otu003488	94.094	254	13	2	1	253	518	770	1.72e-107	385
Seq_2667	otu003488	94.488	254	12	2	1	253	518	770	3.69e-109	390
Seq_2668	otu003488	94.071	253	15	0	1	253	518	770	1.72e-107	385
Seq_2669	otu002130	95.652	253	11	0	1	253	521	773	3.66e-114	407
Seq_2670	otu002130	95.257	253	12	0	1	253	521	773	1.70e-112	401
Seq_2671	otu002130	94.862	253	13	0	1	253	521	773	7.93e-111	396
Seq_2672	otu002130	94.862	253	13	0	1	253	521	773	7.93e-111	396
Seq_2673	otu002130	92.885	253	18	0	1	253	521	773	1.73e-102	368
Seq_2674	otu002130	92.490	253	19	0	1	253	521	773	8.04e-101	363
Seq_2675	otu002130	91.700	253	21	0	1	253	521	773	1.74e-97	351
Seq_2676	otu002130	93.281	253	17	0	1	253	521	773	3.71e-104	374
Seq_2677	otu002130	92.490	253	19	0	1	253	521	773	8.04e-101	363
Seq_2678	otu002130	93.281	253	17	0	1	253	521	773	3.71e-104	374
Seq_2679	otu003635	87.938	257	23	7	1	253	525	777	8.27e-81	296
Seq_2680	otu004111	92.490	253	19	0	1	253	528	780	8.04e-101	363
Seq_2681	otu004111	92.095	253	20	0	1	253	528	780	3.74e-99	357
Seq_2682	otu002674	90.119	253	25	0	1	253	493	745	8.15e-91	329
Seq_2683	otu002932	90.588	255	20	3	1	253	526	778	1.75e-92	335
Seq_2684	otu002932	91.700	253	21	0	1	253	526	778	1.74e-97	351
Seq_2685	otu002932	90.514	253	24	0	1	253	526	778	1.75e-92	335
Seq_2686	otu003952	90.119	253	25	0	1	253	531	783	8.15e-91	329
Seq_2687	otu003952	90.551	254	22	2	1	253	531	783	1.75e-92	335
Seq_2688	otu002932	89.723	253	26	0	1	253	526	778	3.79e-89	324
Seq_2689	otu002932	91.304	253	22	0	1	253	526	778	8.10e-96	346
Seq_2690	otu003320	89.764	254	24	2	1	253	522	774	3.79e-89	324
Seq_2691	otu003320	92.520	254	17	2	1	253	522	774	8.04e-101	363
Seq_2692	otu000882	92.490	253	19	0	1	253	520	772	8.04e-101	363
Seq_2693	otu000882	93.281	253	17	0	1	253	520	772	3.71e-104	374
Seq_2694	otu000882	93.281	253	17	0	1	253	520	772	3.71e-104	374
Seq_2695	otu003952	91.304	253	22	0	1	253	531	783	8.10e-96	346
Seq_2696	otu000882	96.443	253	9	0	1	253	520	772	1.69e-117	418
Seq_2697	otu000882	95.652	253	11	0	1	253	520	772	3.66e-114	407
Seq_2698	otu000882	98.419	253	4	0	1	253	520	772	7.76e-126	446
Seq_2699	otu000882	100.000	253	0	0	1	253	520	772	1.66e-132	468
Seq_2700	otu000882	98.024	253	5	0	1	253	520	772	3.61e-124	440
Seq_2701	otu002709	97.628	253	6	0	1	253	521	773	1.68e-122	435
Seq_2702	otu002709	99.209	253	2	0	1	253	521	773	3.59e-129	457
Seq_2703	otu002709	100.000	253	0	0	1	253	521	773	1.66e-132	468
Seq_2704	otu002709	98.419	253	4	0	1	253	521	773	7.76e-126	446
Seq_2705	otu002709	96.063	254	8	2	1	253	521	773	7.87e-116	412
Seq_2706	otu000380	92.885	253	18	0	1	253	527	779	1.73e-102	368
Seq_2707	otu001743	88.189	254	28	2	1	253	530	782	1.78e-82	302
Seq_2708	otu001398	98.024	253	5	0	1	253	521	773	3.61e-124	440
Seq_2709	otu001398	98.419	253	4	0	1	253	521	773	7.76e-126	446
Seq_2710	otu002858	92.490	253	19	0	1	253	525	777	8.04e-101	363
Seq_2711	otu004247	92.941	255	14	4	1	253	521	773	1.73e-102	368
Seq_2712	otu001628	95.652	253	11	0	1	253	522	774	3.66e-114	407
Seq_2713	otu002205	93.281	253	17	0	1	253	530	782	3.71e-104	374
Seq_2714	otu000898	90.588	255	21	3	1	254	530	782	1.76e-92	335
Seq_2715	otu002205	92.490	253	19	0	1	253	530	782	8.04e-101	363
Seq_2716	otu002205	92.490	253	19	0	1	253	530	782	8.04e-101	363
Seq_2717	otu002205	93.281	253	17	0	1	253	530	782	3.71e-104	374
Seq_2718	otu000446	100.000	253	0	0	1	253	527	779	1.66e-132	468
Seq_2719	otu000446	99.209	253	2	0	1	253	527	779	3.59e-129	457
Seq_2720	otu000446	96.047	253	10	0	1	253	527	779	7.87e-116	412
Seq_2721	otu004574	96.047	253	10	0	1	253	524	776	7.87e-116	412
Seq_2722	otu000446	99.605	253	1	0	1	253	527	779	7.71e-131	462
Seq_2723	otu003808	96.443	253	9	0	1	253	530	782	1.69e-117	418
Seq_2724	otu001979	100.000	253	0	0	1	253	529	781	1.66e-132	468
Seq_2725	otu000446	95.257	253	12	0	1	253	527	779	1.70e-112	401
Seq_2726	otu000446	95.652	253	11	0	1	253	527	779	3.66e-114	407
Seq_2727	otu004008	94.862	253	13	0	1	253	528	780	7.93e-111	396
Seq_2728	otu000446	95.257	253	12	0	1	253	527	779	1.70e-112	401
Seq_2729	otu003693	94.862	253	13	0	1	253	530	782	7.93e-111	396
Seq_2730	otu004367	96.047	253	10	0	1	253	530	782	7.87e-116	412
Seq_2731	otu000446	96.443	253	9	0	1	253	527	779	1.69e-117	418
Seq_2732	otu000446	96.838	253	8	0	1	253	527	779	3.64e-119	424
Seq_2733	otu000446	97.233	253	7	0	1	253	527	779	7.82e-121	429
Seq_2734	otu000898	95.652	253	11	0	1	253	530	782	3.66e-114	407
Seq_2735	otu000278	97.233	253	7	0	1	253	530	782	7.82e-121	429
Seq_2736	otu002205	94.094	254	13	2	1	253	530	782	1.72e-107	385
Seq_2737	otu000446	94.071	253	15	0	1	253	527	779	1.72e-107	385
Seq_2738	otu000446	92.490	253	19	0	1	253	527	779	8.04e-101	363
Seq_2739	otu000446	95.257	253	12	0	1	253	527	779	1.70e-112	401
Seq_2740	otu001946	93.676	253	16	0	1	253	530	782	7.98e-106	379
Seq_2741	otu001144	94.094	254	13	2	1	253	530	782	1.72e-107	385
Seq_2742	otu001946	94.862	253	13	0	1	253	530	782	7.93e-111	396
Seq_2743	otu002205	96.047	253	10	0	1	253	530	782	7.87e-116	412
Seq_2744	otu001743	100.000	253	0	0	1	253	530	782	1.66e-132	468
Seq_2745	otu001957	98.419	253	4	0	1	253	530	782	7.76e-126	446
Seq_2746	otu000898	92.490	253	19	0	1	253	530	782	8.04e-101	363
Seq_2747	otu001946	93.676	253	16	0	1	253	530	782	7.98e-106	379
Seq_2748	otu000446	93.281	253	17	0	1	253	527	779	3.71e-104	374
Seq_2749	otu003320	93.281	253	17	0	1	253	522	774	3.71e-104	374
Seq_2750	otu003320	92.095	253	20	0	1	253	522	774	3.74e-99	357
Seq_2751	otu003320	93.281	253	17	0	1	253	522	774	3.71e-104	374
Seq_2752	otu000278	89.558	249	24	2	6	253	535	782	2.28e-86	315
Seq_2753	otu004135	86.328	256	29	6	1	253	525	777	3.88e-74	274
Seq_2754	otu003821	86.166	253	35	0	1	253	531	783	3.88e-74	274
Seq_2755	otu003635	86.561	253	34	0	1	253	525	777	8.33e-76	279
Seq_2756	otu001891	87.251	251	26	6	6	253	529	776	2.32e-76	281
Seq_2757	otu001021	96.443	253	9	0	1	253	522	774	1.69e-117	418
Seq_2758	otu001021	95.257	253	12	0	1	253	522	774	1.70e-112	401
Seq_2759	otu001021	93.676	253	16	0	1	253	522	774	7.98e-106	379
Seq_2760	otu001398	93.676	253	16	0	1	253	521	773	7.98e-106	379
Seq_2761	otu001021	94.488	254	12	2	1	253	522	774	3.69e-109	390
Seq_2762	otu001021	96.047	253	10	0	1	253	522	774	7.87e-116	412
Seq_2763	otu001021	94.862	253	13	0	1	253	522	774	7.93e-111	396
Seq_2764	otu001021	96.047	253	10	0	1	253	522	774	7.87e-116	412
Seq_2765	otu001021	97.233	253	7	0	1	253	522	774	7.82e-121	429
Seq_2766	otu001021	92.885	253	18	0	1	253	522	774	1.73e-102	368
Seq_2767	otu001021	99.209	253	2	0	1	253	522	774	3.59e-129	457
Seq_2768	otu001021	99.209	253	2	0	1	253	522	774	3.59e-129	457
Seq_2769	otu001021	99.605	253	1	0	1	253	522	774	7.71e-131	462
Seq_2770	otu001743	90.909	253	23	0	1	253	530	782	3.77e-94	340
Seq_2771	otu001021	93.281	253	17	0	1	253	522	774	3.71e-104	374
Seq_2772	otu001021	92.126	254	18	2	1	253	522	774	3.74e-99	357
Seq_2773	otu002130	94.071	253	15	0	1	253	521	773	1.72e-107	385
Seq_2774	otu002130	94.071	253	15	0	1	253	521	773	1.72e-107	385
Seq_2775	otu003125	97.628	253	6	0	1	253	534	786	1.68e-122	435
Seq_2776	otu003704	98.814	253	3	0	1	253	532	784	1.67e-127	451
Seq_2777	otu003704	99.605	253	1	0	1	253	532	784	7.71e-131	462
Seq_2778	otu000038	97.233	253	7	0	1	253	524	776	7.82e-121	429
Seq_2779	otu002762	98.814	253	3	0	1	253	524	776	1.67e-127	451
Seq_2780	otu000038	100.000	253	0	0	1	253	524	776	1.66e-132	468
Seq_2781	otu002822	95.257	253	12	0	1	253	526	778	1.70e-112	401
Seq_2782	otu002195	95.652	253	11	0	1	253	524	776	3.66e-114	407
Seq_2783	otu002195	96.047	253	10	0	1	253	524	776	7.87e-116	412
Seq_2784	otu002195	95.652	253	11	0	1	253	524	776	3.66e-114	407
Seq_2785	otu002195	96.838	253	8	0	1	253	524	776	3.64e-119	424
Seq_2786	otu002195	97.628	253	6	0	1	253	524	776	1.68e-122	435
Seq_2787	otu002195	97.233	253	7	0	1	253	524	776	7.82e-121	429
Seq_2788	otu002195	94.466	253	14	0	1	253	524	776	3.69e-109	390
Seq_2789	otu002195	94.071	253	15	0	1	253	524	776	1.72e-107	385
Seq_2790	otu002822	94.071	253	15	0	1	253	526	778	1.72e-107	385
Seq_2791	otu002822	94.071	253	15	0	1	253	526	778	1.72e-107	385
Seq_2792	otu004219	99.209	253	2	0	1	253	523	775	3.59e-129	457
Seq_2793	otu004219	98.814	253	3	0	1	253	523	775	1.67e-127	451
Seq_2794	otu003562	98.024	253	5	0	1	253	524	776	3.61e-124	440
Seq_2795	otu004219	98.419	253	4	0	1	253	523	775	7.76e-126	446
Seq_2796	otu001066	95.652	253	11	0	1	253	508	760	3.66e-114	407
Seq_2797	otu000948	95.669	254	9	2	1	253	524	776	3.66e-114	407
Seq_2798	otu001362	96.032	252	10	0	2	253	527	778	2.83e-115	411
Seq_2799	otu001362	94.466	253	14	0	1	253	526	778	3.69e-109	390
Seq_2800	otu002861	93.281	253	17	0	1	253	524	776	3.71e-104	374
Seq_2801	otu002861	93.281	253	17	0	1	253	524	776	3.71e-104	374
Seq_2802	otu002861	93.676	253	16	0	1	253	524	776	7.98e-106	379
Seq_2803	otu002868	94.862	253	13	0	1	253	522	774	7.93e-111	396
Seq_2804	otu002202	94.071	253	15	0	1	253	528	780	1.72e-107	385
Seq_2805	otu002861	93.281	253	17	0	1	253	524	776	3.71e-104	374
Seq_2806	otu004418	98.024	253	5	0	1	253	522	774	3.61e-124	440
Seq_2807	otu004418	97.628	253	6	0	1	253	522	774	1.68e-122	435
Seq_2808	otu002822	94.882	254	11	2	1	253	526	778	7.93e-111	396
Seq_2809	otu002822	99.209	253	2	0	1	253	526	778	3.59e-129	457
Seq_2810	otu004319	96.838	253	8	0	1	253	522	774	3.64e-119	424
Seq_2811	otu004580	96.047	253	10	0	1	253	520	772	7.87e-116	412
Seq_2812	otu004319	96.443	253	9	0	1	253	522	774	1.69e-117	418
Seq_2813	otu000691	100.000	253	0	0	1	253	524	776	1.66e-132	468
Seq_2814	otu004579	100.000	253	0	0	1	253	526	778	1.66e-132	468
Seq_2815	otu003903	99.605	253	1	0	1	253	524	776	7.71e-131	462
Seq_2816	otu000917	92.885	253	18	0	1	253	522	774	1.73e-102	368
Seq_2817	otu001865	96.838	253	8	0	1	253	521	773	3.64e-119	424
Seq_2818	otu001865	97.233	253	7	0	1	253	521	773	7.82e-121	429
Seq_2819	otu001865	97.628	253	6	0	1	253	521	773	1.68e-122	435
Seq_2820	otu001865	96.863	255	4	4	1	253	521	773	3.64e-119	424
Seq_2821	otu001865	96.078	255	6	4	1	253	521	773	7.87e-116	412
Seq_2822	otu001865	97.647	255	2	4	1	253	521	773	1.68e-122	435
Seq_2823	otu001865	98.039	255	1	4	1	253	521	773	3.61e-124	440
Seq_2824	otu004330	96.443	253	9	0	1	253	524	776	1.69e-117	418
Seq_2825	otu004330	95.257	253	12	0	1	253	524	776	1.70e-112	401
Seq_2826	otu004330	99.605	253	1	0	1	253	524	776	7.71e-131	462
Seq_2827	otu000459	98.419	253	4	0	1	253	528	780	7.76e-126	446
Seq_2828	otu000459	97.233	253	7	0	1	253	528	780	7.82e-121	429
Seq_2829	otu000459	96.838	253	8	0	1	253	528	780	3.64e-119	424
Seq_2830	otu000355	96.838	253	8	0	1	253	526	778	3.64e-119	424
Seq_2831	otu000459	95.652	253	11	0	1	253	528	780	3.66e-114	407
Seq_2832	otu004330	97.628	253	6	0	1	253	524	776	1.68e-122	435
Seq_2833	otu004330	96.838	253	8	0	1	253	524	776	3.64e-119	424
Seq_2834	otu004330	97.233	253	7	0	1	253	524	776	7.82e-121	429
Seq_2835	otu000459	96.838	253	8	0	1	253	528	780	3.64e-119	424
Seq_2836	otu004330	98.419	253	4	0	1	253	524	776	7.76e-126	446
Seq_2837	otu004330	98.024	253	5	0	1	253	524	776	3.61e-124	440
Seq_2838	otu000459	98.814	253	3	0	1	253	528	780	1.67e-127	451
Seq_2839	otu000010	95.652	253	11	0	1	253	524	776	3.66e-114	407
Seq_2840	otu002861	94.862	253	13	0	1	253	524	776	7.93e-111	396
Seq_2841	otu002473	96.443	253	9	0	1	253	524	776	1.69e-117	418
Seq_2842	otu002473	96.838	253	8	0	1	253	524	776	3.64e-119	424
Seq_2843	otu002473	96.443	253	9	0	1	253	524	776	1.69e-117	418
Seq_2844	otu002473	96.838	253	8	0	1	253	524	776	3.64e-119	424
Seq_2845	otu002473	97.628	253	6	0	1	253	524	776	1.68e-122	435
Seq_2846	otu002473	95.652	253	11	0	1	253	524	776	3.66e-114	407
Seq_2847	otu002473	96.047	253	10	0	1	253	524	776	7.87e-116	412
Seq_2848	otu002473	96.838	253	8	0	1	253	524	776	3.64e-119	424
Seq_2849	otu002473	96.443	253	9	0	1	253	524	776	1.69e-117	418
Seq_2850	otu004418	96.838	253	8	0	1	253	522	774	3.64e-119	424
Seq_2851	otu004418	96.838	253	8	0	1	253	522	774	3.64e-119	424
Seq_2852	otu004418	96.443	253	9	0	1	253	522	774	1.69e-117	418
Seq_2853	otu004511	96.047	253	10	0	1	253	524	776	7.87e-116	412
Seq_2854	otu002473	97.628	253	6	0	1	253	524	776	1.68e-122	435
Seq_2855	otu002473	98.024	253	5	0	1	253	524	776	3.61e-124	440
Seq_2856	otu002473	98.419	253	4	0	1	253	524	776	7.76e-126	446
Seq_2857	otu002473	98.814	253	3	0	1	253	524	776	1.67e-127	451
Seq_2858	otu002473	98.419	253	4	0	1	253	524	776	7.76e-126	446
Seq_2859	otu002473	98.814	253	3	0	1	253	524	776	1.67e-127	451
Seq_2860	otu002473	99.209	253	2	0	1	253	524	776	3.59e-129	457
Seq_2861	otu002473	100.000	253	0	0	1	253	524	776	1.66e-132	468
Seq_2862	otu002473	99.605	253	1	0	1	253	524	776	7.71e-131	462
Seq_2863	otu002473	99.605	253	1	0	1	253	524	776	7.71e-131	462
Seq_2864	otu002473	95.652	253	11	0	1	253	524	776	3.66e-114	407
Seq_2865	otu002473	98.814	253	3	0	1	253	524	776	1.67e-127	451
Seq_2866	otu002473	97.233	253	7	0	1	253	524	776	7.82e-121	429
Seq_2867	otu002473	98.024	253	5	0	1	253	524	776	3.61e-124	440
Seq_2868	otu002473	97.628	253	6	0	1	253	524	776	1.68e-122	435
Seq_2869	otu002473	97.628	253	6	0	1	253	524	776	1.68e-122	435
Seq_2870	otu002473	96.838	253	8	0	1	253	524	776	3.64e-119	424
Seq_2871	otu002473	96.443	253	9	0	1	253	524	776	1.69e-117	418
Seq_2872	otu002473	97.233	253	7	0	1	253	524	776	7.82e-121	429
Seq_2873	otu002822	95.652	253	11	0	1	253	526	778	3.66e-114	407
Seq_2874	otu002822	96.047	253	10	0	1	253	526	778	7.87e-116	412
Seq_2875	otu001800	95.257	253	12	0	1	253	525	777	1.70e-112	401
Seq_2876	otu001800	95.652	253	11	0	1	253	525	777	3.66e-114	407
Seq_2877	otu001800	94.862	253	13	0	1	253	525	777	7.93e-111	396
Seq_2878	otu001800	95.276	254	10	2	1	253	525	777	1.70e-112	401
Seq_2879	otu001800	95.257	253	12	0	1	253	525	777	1.70e-112	401
Seq_2880	otu004418	95.257	253	12	0	1	253	522	774	1.70e-112	401
Seq_2881	otu002822	95.652	253	11	0	1	253	526	778	3.66e-114	407
Seq_2882	otu002822	95.257	253	12	0	1	253	526	778	1.70e-112	401
Seq_2883	otu001080	96.443	253	9	0	1	253	524	776	1.69e-117	418
Seq_2884	otu001080	96.838	253	8	0	1	253	524	776	3.64e-119	424
Seq_2885	otu004029	95.669	254	9	2	1	253	522	774	3.66e-114	407
Seq_2886	otu000691	95.257	253	12	0	1	253	524	776	1.70e-112	401
Seq_2887	otu002822	96.838	253	8	0	1	253	526	778	3.64e-119	424
Seq_2888	otu002473	97.233	253	7	0	1	253	524	776	7.82e-121	429
Seq_2889	otu003968	97.233	253	7	0	1	253	531	783	7.82e-121	429
Seq_2890	otu002006	97.628	253	6	0	1	253	524	776	1.68e-122	435
Seq_2891	otu004511	96.838	253	8	0	1	253	524	776	3.64e-119	424
Seq_2892	otu002383	96.047	253	10	0	1	253	523	775	7.87e-116	412
Seq_2893	otu003968	96.443	253	9	0	1	253	531	783	1.69e-117	418
Seq_2894	otu003968	96.838	253	8	0	1	253	531	783	3.64e-119	424
Seq_2895	otu003968	96.443	253	9	0	1	253	531	783	1.69e-117	418
Seq_2896	otu003968	96.047	253	10	0	1	253	531	783	7.87e-116	412
Seq_2897	otu004418	96.838	253	8	0	1	253	522	774	3.64e-119	424
Seq_2898	otu004418	96.838	253	8	0	1	253	522	774	3.64e-119	424
Seq_2899	otu002006	97.233	253	7	0	1	253	524	776	7.82e-121	429
Seq_2900	otu004418	96.047	253	10	0	1	253	522	774	7.87e-116	412
Seq_2901	otu004511	96.047	253	10	0	1	253	524	776	7.87e-116	412
Seq_2902	otu002765	96.443	253	9	0	1	253	524	776	1.69e-117	418
Seq_2903	otu002473	96.838	253	8	0	1	253	524	776	3.64e-119	424
Seq_2904	otu002195	97.233	253	7	0	1	253	524	776	7.82e-121	429
Seq_2905	otu002473	96.838	253	8	0	1	253	524	776	3.64e-119	424
Seq_2906	otu002473	97.233	253	7	0	1	253	524	776	7.82e-121	429
Seq_2907	otu002473	96.838	253	8	0	1	253	524	776	3.64e-119	424
Seq_2908	otu002473	98.024	253	5	0	1	253	524	776	3.61e-124	440
Seq_2909	otu002473	97.233	253	7	0	1	253	524	776	7.82e-121	429
Seq_2910	otu002473	97.628	253	6	0	1	253	524	776	1.68e-122	435
Seq_2911	otu002006	96.443	253	9	0	1	253	524	776	1.69e-117	418
Seq_2912	otu004418	98.419	253	4	0	1	253	522	774	7.76e-126	446
Seq_2913	otu004418	97.628	253	6	0	1	253	522	774	1.68e-122	435
Seq_2914	otu004418	94.862	253	13	0	1	253	522	774	7.93e-111	396
Seq_2915	otu004418	94.862	253	13	0	1	253	522	774	7.93e-111	396
Seq_2916	otu004418	100.000	253	0	0	1	253	522	774	1.66e-132	468
Seq_2917	otu002777	100.000	253	0	0	1	253	524	776	1.66e-132	468
Seq_2918	otu004418	96.443	253	9	0	1	253	522	774	1.69e-117	418
Seq_2919	otu002383	96.443	253	9	0	1	253	523	775	1.69e-117	418
Seq_2920	otu004418	97.233	253	7	0	1	253	522	774	7.82e-121	429
Seq_2921	otu003968	97.233	253	7	0	1	253	531	783	7.82e-121	429
Seq_2922	otu004418	98.419	253	4	0	1	253	522	774	7.76e-126	446
Seq_2923	otu004418	97.628	253	6	0	1	253	522	774	1.68e-122	435
Seq_2924	otu003634	98.024	253	5	0	1	253	522	774	3.61e-124	440
Seq_2925	otu003634	98.024	253	5	0	1	253	522	774	3.61e-124	440
Seq_2926	otu003634	100.000	253	0	0	1	253	522	774	1.66e-132	468
Seq_2927	otu003634	99.605	253	1	0	1	253	522	774	7.71e-131	462
Seq_2928	otu003634	98.419	253	4	0	1	253	522	774	7.76e-126	446
Seq_2929	otu003634	98.024	253	5	0	1	253	522	774	3.61e-124	440
Seq_2930	otu004220	96.863	255	4	4	1	253	526	778	3.64e-119	424
Seq_2931	otu004220	97.233	253	7	0	1	253	526	778	7.82e-121	429
Seq_2932	otu003634	98.419	253	4	0	1	253	522	774	7.76e-126	446
Seq_2933	otu004418	97.628	253	6	0	1	253	522	774	1.68e-122	435
Seq_2934	otu003634	98.024	253	5	0	1	253	522	774	3.61e-124	440
Seq_2935	otu001800	96.838	253	8	0	1	253	525	777	3.64e-119	424
Seq_2936	otu002006	96.838	253	8	0	1	253	524	776	3.64e-119	424
Seq_2937	otu002006	96.838	253	8	0	1	253	524	776	3.64e-119	424
Seq_2938	otu002383	96.838	253	8	0	1	253	523	775	3.64e-119	424
Seq_2939	otu003968	97.233	253	7	0	1	253	531	783	7.82e-121	429
Seq_2940	otu002006	96.838	253	8	0	1	253	524	776	3.64e-119	424
Seq_2941	otu002006	96.838	253	8	0	1	253	524	776	3.64e-119	424
Seq_2942	otu002006	97.628	253	6	0	1	253	524	776	1.68e-122	435
Seq_2943	otu003634	97.233	253	7	0	1	253	522	774	7.82e-121	429
Seq_2944	otu003968	96.838	253	8	0	1	253	531	783	3.64e-119	424
Seq_2945	otu003968	96.838	253	8	0	1	253	531	783	3.64e-119	424
Seq_2946	otu003634	97.233	253	7	0	1	253	522	774	7.82e-121	429
Seq_2947	otu003634	97.233	253	7	0	1	253	522	774	7.82e-121	429
Seq_2948	otu003634	97.628	253	6	0	1	253	522	774	1.68e-122	435
Seq_2949	otu003634	97.628	253	6	0	1	253	522	774	1.68e-122	435
Seq_2950	otu003634	98.024	253	5	0	1	253	522	774	3.61e-124	440
Seq_2951	otu003968	98.024	253	5	0	1	253	531	783	3.61e-124	440
Seq_2952	otu003968	97.628	253	6	0	1	253	531	783	1.68e-122	435
Seq_2953	otu002006	97.233	253	7	0	1	253	524	776	7.82e-121	429
Seq_2954	otu003968	95.686	255	7	4	1	253	531	783	3.66e-114	407
Seq_2955	otu004511	95.294	255	8	4	1	253	524	776	1.70e-112	401
Seq_2956	otu004511	96.838	253	8	0	1	253	524	776	3.64e-119	424
Seq_2957	otu003951	97.233	253	7	0	1	253	526	778	7.82e-121	429
Seq_2958	otu003951	97.233	253	7	0	1	253	526	778	7.82e-121	429
Seq_2959	otu003082	98.814	253	3	0	1	253	524	776	1.67e-127	451
Seq_2960	otu003951	96.443	253	9	0	1	253	526	778	1.69e-117	418
Seq_2961	otu003895	94.466	253	14	0	1	253	523	775	3.69e-109	390
Seq_2962	otu002054	96.838	253	8	0	1	253	524	776	3.64e-119	424
Seq_2963	otu004452	98.419	253	4	0	1	253	501	753	7.76e-126	446
Seq_2964	otu004452	99.209	253	2	0	1	253	501	753	3.59e-129	457
Seq_2965	otu001059	99.606	254	0	1	1	253	524	777	7.71e-131	462
Seq_2966	otu002718	97.628	253	6	0	1	253	524	776	1.68e-122	435
Seq_2967	otu002718	98.419	253	4	0	1	253	524	776	7.76e-126	446
Seq_2968	otu002718	97.628	253	6	0	1	253	524	776	1.68e-122	435
Seq_2969	otu002718	97.628	253	6	0	1	253	524	776	1.68e-122	435
Seq_2970	otu002718	98.419	253	4	0	1	253	524	776	7.76e-126	446
Seq_2971	otu004530	98.814	253	3	0	1	253	524	776	1.67e-127	451
Seq_2972	otu004452	99.605	253	1	0	1	253	501	753	7.71e-131	462
Seq_2973	otu004452	100.000	253	0	0	1	253	501	753	1.66e-132	468
Seq_2974	otu003988	100.000	253	0	0	1	253	524	776	1.66e-132	468
Seq_2975	otu003988	98.814	253	3	0	1	253	524	776	1.67e-127	451
Seq_2976	otu003988	97.628	253	6	0	1	253	524	776	1.68e-122	435
Seq_2977	otu000459	95.652	253	11	0	1	253	528	780	3.66e-114	407
Seq_2978	otu003988	95.257	253	12	0	1	253	524	776	1.70e-112	401
Seq_2979	otu004196	95.257	253	12	0	1	253	526	778	1.70e-112	401
Seq_2980	otu004330	93.281	253	17	0	1	253	524	776	3.71e-104	374
Seq_2981	otu000270	94.862	253	13	0	1	253	526	778	7.93e-111	396
Seq_2982	otu000270	95.257	253	12	0	1	253	526	778	1.70e-112	401
Seq_2983	otu000270	100.000	253	0	0	1	253	526	778	1.66e-132	468
Seq_2984	otu000270	96.047	253	10	0	1	253	526	778	7.87e-116	412
Seq_2985	otu000270	96.443	253	9	0	1	253	526	778	1.69e-117	418
Seq_2986	otu003758	95.257	253	12	0	1	253	527	779	1.70e-112	401
Seq_2987	otu000270	95.652	253	11	0	1	253	526	778	3.66e-114	407
Seq_2988	otu003758	95.652	253	11	0	1	253	527	779	3.66e-114	407
Seq_2989	otu000270	96.443	253	9	0	1	253	526	778	1.69e-117	418
Seq_2990	otu004511	97.233	253	7	0	1	253	524	776	7.82e-121	429
Seq_2991	otu003758	98.419	253	4	0	1	253	527	779	7.76e-126	446
Seq_2992	otu003758	98.419	253	4	0	1	253	527	779	7.76e-126	446
Seq_2993	otu000270	96.047	253	10	0	1	253	526	778	7.87e-116	412
Seq_2994	otu000270	96.838	253	8	0	1	253	526	778	3.64e-119	424
Seq_2995	otu002383	94.466	253	14	0	1	253	523	775	3.69e-109	390
Seq_2996	otu004377	92.913	254	16	2	1	253	524	776	1.73e-102	368
Seq_2997	otu004377	93.307	254	15	2	1	253	524	776	3.71e-104	374
Seq_2998	otu004377	94.071	253	15	0	1	253	524	776	1.72e-107	385
Seq_2999	otu004377	94.862	253	13	0	1	253	524	776	7.93e-111	396
Seq_3000	otu004377	94.466	253	14	0	1	253	524	776	3.69e-109	390
Seq_3001	otu004377	94.862	253	13	0	1	253	524	776	7.93e-111	396
Seq_3002	otu004377	93.676	253	16	0	1	253	524	776	7.98e-106	379
Seq_3003	otu004377	94.862	253	13	0	1	253	524	776	7.93e-111	396
Seq_3004	otu004377	94.094	254	13	2	1	253	524	776	1.72e-107	385
Seq_3005	otu004377	96.047	253	10	0	1	253	524	776	7.87e-116	412
Seq_3006	otu004377	94.862	253	13	0	1	253	524	776	7.93e-111	396
Seq_3007	otu004377	94.466	253	14	0	1	253	524	776	3.69e-109	390
Seq_3008	otu004377	94.071	253	15	0	1	253	524	776	1.72e-107	385
Seq_3009	otu004377	93.307	254	15	2	1	253	524	776	3.71e-104	374
Seq_3010	otu000270	96.838	253	8	0	1	253	526	778	3.64e-119	424
Seq_3011	otu001800	96.443	253	9	0	1	253	525	777	1.69e-117	418
Seq_3012	otu002822	96.047	253	10	0	1	253	526	778	7.87e-116	412
Seq_3013	otu002822	95.257	253	12	0	1	253	526	778	1.70e-112	401
Seq_3014	otu002777	93.676	253	16	0	1	253	524	776	7.98e-106	379
Seq_3015	otu000105	95.669	254	9	2	1	253	524	776	3.66e-114	407
Seq_3016	otu000105	95.276	254	10	2	1	253	524	776	1.70e-112	401
Seq_3017	otu000105	96.838	253	8	0	1	253	524	776	3.64e-119	424
Seq_3018	otu002822	95.257	253	12	0	1	253	526	778	1.70e-112	401
Seq_3019	otu002822	93.281	253	17	0	1	253	526	778	3.71e-104	374
Seq_3020	otu002822	94.071	253	15	0	1	253	526	778	1.72e-107	385
Seq_3021	otu002822	93.676	253	16	0	1	253	526	778	7.98e-106	379
Seq_3022	otu002822	93.676	253	16	0	1	253	526	778	7.98e-106	379
Seq_3023	otu004330	94.862	253	13	0	1	253	524	776	7.93e-111	396
Seq_3024	otu002822	92.885	253	18	0	1	253	526	778	1.73e-102	368
Seq_3025	otu002822	94.466	253	14	0	1	253	526	778	3.69e-109	390
Seq_3026	otu002822	97.233	253	7	0	1	253	526	778	7.82e-121	429
Seq_3027	otu002822	96.047	253	10	0	1	253	526	778	7.87e-116	412
Seq_3028	otu000407	100.000	253	0	0	1	253	526	778	1.66e-132	468
Seq_3029	otu004319	98.814	253	3	0	1	253	522	774	1.67e-127	451
Seq_3030	otu004319	97.233	253	7	0	1	253	522	774	7.82e-121	429
Seq_3031	otu004224	98.024	253	5	0	1	253	522	774	3.61e-124	440
Seq_3032	otu004224	98.419	253	4	0	1	253	522	774	7.76e-126	446
Seq_3033	otu004224	97.233	253	7	0	1	253	522	774	7.82e-121	429
Seq_3034	otu004319	97.628	253	6	0	1	253	522	774	1.68e-122	435
Seq_3035	otu002218	97.628	253	6	0	1	253	520	772	1.68e-122	435
Seq_3036	otu002218	97.233	253	7	0	1	253	520	772	7.82e-121	429
Seq_3037	otu002508	98.031	254	3	2	1	253	524	776	3.61e-124	440
Seq_3038	otu002508	98.819	254	1	2	1	253	524	776	1.67e-127	451
Seq_3039	otu003829	96.838	253	8	0	1	253	526	778	3.64e-119	424
Seq_3040	otu001663	96.838	253	8	0	1	253	499	751	3.64e-119	424
Seq_3041	otu001663	97.233	253	7	0	1	253	499	751	7.82e-121	429
Seq_3042	otu000895	98.024	253	5	0	1	253	524	776	3.61e-124	440
Seq_3043	otu000895	98.024	253	5	0	1	253	524	776	3.61e-124	440
Seq_3044	otu000895	98.419	253	4	0	1	253	524	776	7.76e-126	446
Seq_3045	otu000242	98.024	253	5	0	1	253	524	776	3.61e-124	440
Seq_3046	otu000242	97.233	253	7	0	1	253	524	776	7.82e-121	429
Seq_3047	otu000242	98.419	253	4	0	1	253	524	776	7.76e-126	446
Seq_3048	otu000242	98.814	253	3	0	1	253	524	776	1.67e-127	451
Seq_3049	otu000895	97.233	253	7	0	1	253	524	776	7.82e-121	429
Seq_3050	otu000895	96.838	253	8	0	1	253	524	776	3.64e-119	424
Seq_3051	otu001663	98.024	253	5	0	1	253	499	751	3.61e-124	440
Seq_3052	otu004319	97.628	253	6	0	1	253	522	774	1.68e-122	435
Seq_3053	otu004319	96.047	253	10	0	1	253	522	774	7.87e-116	412
Seq_3054	otu003829	99.209	253	2	0	1	253	526	778	3.59e-129	457
Seq_3055	otu003829	99.605	253	1	0	1	253	526	778	7.71e-131	462
Seq_3056	otu003829	98.814	253	3	0	1	253	526	778	1.67e-127	451
Seq_3057	otu003829	99.605	253	1	0	1	253	526	778	7.71e-131	462
Seq_3058	otu003829	100.000	253	0	0	1	253	526	778	1.66e-132	468
Seq_3059	otu003829	99.605	253	1	0	1	253	526	778	7.71e-131	462
Seq_3060	otu003829	98.814	253	3	0	1	253	526	778	1.67e-127	451
Seq_3061	otu000456	99.209	253	2	0	1	253	522	774	3.59e-129	457
Seq_3062	otu000849	99.605	253	1	0	1	253	522	774	7.71e-131	462
Seq_3063	otu003832	99.605	253	1	0	1	253	526	778	7.71e-131	462
Seq_3064	otu001985	99.216	255	0	2	1	253	520	774	9.97e-130	459
Seq_3065	otu001282	99.605	253	1	0	1	253	499	751	7.71e-131	462
Seq_3066	otu003832	98.814	253	3	0	1	253	526	778	1.67e-127	451
Seq_3067	otu003832	99.209	253	2	0	1	253	526	778	3.59e-129	457
Seq_3068	otu000895	99.209	253	2	0	1	253	524	776	3.59e-129	457
Seq_3069	otu003829	98.024	253	5	0	1	253	526	778	3.61e-124	440
Seq_3070	otu003420	99.209	253	2	0	1	253	522	774	3.59e-129	457
Seq_3071	otu003420	98.814	253	3	0	1	253	522	774	1.67e-127	451
Seq_3072	otu004017	98.419	253	4	0	1	253	524	776	7.76e-126	446
Seq_3073	otu001561	99.209	253	2	0	1	253	524	776	3.59e-129	457
Seq_3074	otu003420	98.814	253	3	0	1	253	522	774	1.67e-127	451
Seq_3075	otu003420	98.814	253	3	0	1	253	522	774	1.67e-127	451
Seq_3076	otu003420	99.605	253	1	0	1	253	522	774	7.71e-131	462
Seq_3077	otu002852	97.628	253	6	0	1	253	522	774	1.68e-122	435
Seq_3078	otu004017	97.628	253	6	0	1	253	524	776	1.68e-122	435
Seq_3079	otu003568	98.814	253	3	0	1	253	522	774	1.67e-127	451
Seq_3080	otu002852	99.605	253	1	0	1	253	522	774	7.71e-131	462
Seq_3081	otu002852	99.209	253	2	0	1	253	522	774	3.59e-129	457
Seq_3082	otu002459	100.000	253	0	0	1	253	518	770	1.66e-132	468
Seq_3083	otu002459	99.605	253	1	0	1	253	518	770	7.71e-131	462
Seq_3084	otu002459	99.209	253	2	0	1	253	518	770	3.59e-129	457
Seq_3085	otu002852	99.209	253	2	0	1	253	522	774	3.59e-129	457
Seq_3086	otu002852	98.814	253	3	0	1	253	522	774	1.67e-127	451
Seq_3087	otu002852	98.814	253	3	0	1	253	522	774	1.67e-127	451
Seq_3088	otu002852	99.209	253	2	0	1	253	522	774	3.59e-129	457
Seq_3089	otu002852	98.814	253	3	0	1	253	522	774	1.67e-127	451
Seq_3090	otu002852	98.814	253	3	0	1	253	522	774	1.67e-127	451
Seq_3091	otu002852	98.419	253	4	0	1	253	522	774	7.76e-126	446
Seq_3092	otu002852	98.024	253	5	0	1	253	522	774	3.61e-124	440
Seq_3093	otu003420	96.047	253	10	0	1	253	522	774	7.87e-116	412
Seq_3094	otu001561	96.443	253	9	0	1	253	524	776	1.69e-117	418
Seq_3095	otu004017	99.209	253	2	0	1	253	524	776	3.59e-129	457
Seq_3096	otu004017	98.814	253	3	0	1	253	524	776	1.67e-127	451
Seq_3097	otu004017	98.419	253	4	0	1	253	524	776	7.76e-126	446
Seq_3098	otu001561	99.605	253	1	0	1	253	524	776	7.71e-131	462
Seq_3099	otu003420	99.209	253	2	0	1	253	522	774	3.59e-129	457
Seq_3100	otu003420	98.814	253	3	0	1	253	522	774	1.67e-127	451
Seq_3101	otu003420	98.814	253	3	0	1	253	522	774	1.67e-127	451
Seq_3102	otu003791	98.419	253	4	0	1	253	524	776	7.76e-126	446
Seq_3103	otu004224	98.419	253	4	0	1	253	522	774	7.76e-126	446
Seq_3104	otu003791	98.419	253	4	0	1	253	524	776	7.76e-126	446
Seq_3105	otu003791	98.024	253	5	0	1	253	524	776	3.61e-124	440
Seq_3106	otu003791	99.605	253	1	0	1	253	524	776	7.71e-131	462
Seq_3107	otu004580	99.209	253	2	0	1	253	520	772	3.59e-129	457
Seq_3108	otu004580	100.000	253	0	0	1	253	520	772	1.66e-132	468
Seq_3109	otu004580	99.605	253	1	0	1	253	520	772	7.71e-131	462
Seq_3110	otu004580	99.605	253	1	0	1	253	520	772	7.71e-131	462
Seq_3111	otu004580	99.209	253	2	0	1	253	520	772	3.59e-129	457
Seq_3112	otu003791	99.209	253	2	0	1	253	524	776	3.59e-129	457
Seq_3113	otu004224	99.209	253	2	0	1	253	522	774	3.59e-129	457
Seq_3114	otu004224	100.000	253	0	0	1	253	522	774	1.66e-132	468
Seq_3115	otu004224	99.209	253	2	0	1	253	522	774	3.59e-129	457
Seq_3116	otu000948	97.255	255	3	4	1	253	524	776	7.82e-121	429
Seq_3117	otu003513	98.419	253	4	0	1	253	520	772	7.76e-126	446
Seq_3118	otu002218	96.047	253	10	0	1	253	520	772	7.87e-116	412
Seq_3119	otu002218	99.209	253	2	0	1	253	520	772	3.59e-129	457
Seq_3120	otu002508	99.209	253	2	0	1	253	524	776	3.59e-129	457
Seq_3121	otu000242	99.209	253	2	0	1	253	524	776	3.59e-129	457
Seq_3122	otu000242	100.000	253	0	0	1	253	524	776	1.66e-132	468
Seq_3123	otu000242	99.209	253	2	0	1	253	524	776	3.59e-129	457
Seq_3124	otu002508	98.024	253	5	0	1	253	524	776	3.61e-124	440
Seq_3125	otu002508	97.628	253	6	0	1	253	524	776	1.68e-122	435
Seq_3126	otu002508	99.209	253	2	0	1	253	524	776	3.59e-129	457
Seq_3127	otu002508	99.605	253	1	0	1	253	524	776	7.71e-131	462
Seq_3128	otu002218	100.000	253	0	0	1	253	520	772	1.66e-132	468
Seq_3129	otu000242	97.628	253	6	0	1	253	524	776	1.68e-122	435
Seq_3130	otu000242	98.814	253	3	0	1	253	524	776	1.67e-127	451
Seq_3131	otu001663	98.024	253	5	0	1	253	499	751	3.61e-124	440
Seq_3132	otu001663	98.814	253	3	0	1	253	499	751	1.67e-127	451
Seq_3133	otu003829	98.419	253	4	0	1	253	526	778	7.76e-126	446
Seq_3134	otu002508	98.419	253	4	0	1	253	524	776	7.76e-126	446
Seq_3135	otu004319	99.605	253	1	0	1	253	522	774	7.71e-131	462
Seq_3136	otu004319	99.209	253	2	0	1	253	522	774	3.59e-129	457
Seq_3137	otu004319	99.605	253	1	0	1	253	522	774	7.71e-131	462
Seq_3138	otu003603	99.605	253	1	0	1	253	524	776	7.71e-131	462
Seq_3139	otu003603	100.000	253	0	0	1	253	524	776	1.66e-132	468
Seq_3140	otu000555	98.814	253	3	0	1	253	520	772	1.67e-127	451
Seq_3141	otu001902	99.209	253	2	0	1	253	524	776	3.59e-129	457
Seq_3142	otu001902	99.209	253	2	0	1	253	524	776	3.59e-129	457
Seq_3143	otu001902	100.000	253	0	0	1	253	524	776	1.66e-132	468
Seq_3144	otu004569	100.000	253	0	0	1	253	515	767	1.66e-132	468
Seq_3145	otu000803	100.000	253	0	0	1	253	518	770	1.66e-132	468
Seq_3146	otu000803	99.605	253	1	0	1	253	518	770	7.71e-131	462
Seq_3147	otu000803	98.419	253	4	0	1	253	518	770	7.76e-126	446
Seq_3148	otu000803	98.024	253	5	0	1	253	518	770	3.61e-124	440
Seq_3149	otu000473	99.605	253	1	0	1	253	517	769	7.71e-131	462
Seq_3150	otu000473	100.000	253	0	0	1	253	517	769	1.66e-132	468
Seq_3151	otu002285	100.000	253	0	0	1	253	519	771	1.66e-132	468
Seq_3152	otu002218	99.209	253	2	0	1	253	520	772	3.59e-129	457
Seq_3153	otu002218	99.605	253	1	0	1	253	520	772	7.71e-131	462
Seq_3154	otu003603	99.209	253	2	0	1	253	524	776	3.59e-129	457
Seq_3155	otu002055	99.209	253	2	0	1	253	519	771	3.59e-129	457
Seq_3156	otu003603	98.814	253	3	0	1	253	524	776	1.67e-127	451
Seq_3157	otu003967	100.000	253	0	0	1	253	524	776	1.66e-132	468
Seq_3158	otu003967	99.605	253	1	0	1	253	524	776	7.71e-131	462
Seq_3159	otu003967	99.209	253	2	0	1	253	524	776	3.59e-129	457
Seq_3160	otu003967	98.419	253	4	0	1	253	524	776	7.76e-126	446
Seq_3161	otu003967	98.814	253	3	0	1	253	524	776	1.67e-127	451
Seq_3162	otu004156	99.209	253	2	0	1	253	524	776	3.59e-129	457
Seq_3163	otu003227	99.209	253	2	0	1	253	522	774	3.59e-129	457
Seq_3164	otu003227	100.000	253	0	0	1	253	522	774	1.66e-132	468
Seq_3165	otu004156	99.209	253	2	0	1	253	524	776	3.59e-129	457
Seq_3166	otu004156	98.814	253	3	0	1	253	524	776	1.67e-127	451
Seq_3167	otu004156	100.000	253	0	0	1	253	524	776	1.66e-132	468
Seq_3168	otu004156	99.605	253	1	0	1	253	524	776	7.71e-131	462
Seq_3169	otu004156	99.605	253	1	0	1	253	524	776	7.71e-131	462
Seq_3170	otu004156	99.209	253	2	0	1	253	524	776	3.59e-129	457
Seq_3171	otu003227	99.209	253	2	0	1	253	522	774	3.59e-129	457
Seq_3172	otu003227	97.628	253	6	0	1	253	522	774	1.68e-122	435
Seq_3173	otu003708	98.419	253	4	0	1	253	522	774	7.76e-126	446
Seq_3174	otu003708	98.419	253	4	0	1	253	522	774	7.76e-126	446
Seq_3175	otu002481	98.819	254	1	2	1	253	524	776	1.67e-127	451
Seq_3176	otu002481	98.425	254	2	2	1	253	524	776	7.76e-126	446
Seq_3177	otu001847	98.814	253	3	0	1	253	524	776	1.67e-127	451
Seq_3178	otu000917	93.701	254	14	2	1	253	522	774	7.98e-106	379
Seq_3179	otu000917	94.094	254	13	2	1	253	522	774	1.72e-107	385
Seq_3180	otu003082	88.933	253	28	0	1	253	524	776	8.21e-86	313
Seq_3181	otu000407	92.095	253	20	0	1	253	526	778	3.74e-99	357
Seq_3182	otu002861	90.119	253	25	0	1	253	524	776	8.15e-91	329
Seq_3183	otu002425	94.882	254	11	2	1	253	522	774	7.93e-111	396
Seq_3184	otu000504	92.520	254	17	2	1	253	529	781	8.04e-101	363
Seq_3185	otu000017	90.119	253	25	0	1	253	526	778	8.15e-91	329
Seq_3186	otu001865	92.126	254	18	2	1	253	521	773	3.74e-99	357
Seq_3187	otu003889	94.071	253	15	0	1	253	526	778	1.72e-107	385
Seq_3188	otu003889	92.885	253	18	0	1	253	526	778	1.73e-102	368
Seq_3189	otu003889	93.281	253	17	0	1	253	526	778	3.71e-104	374
Seq_3190	otu001865	84.706	255	35	4	1	253	521	773	1.82e-67	252
Seq_3191	otu000376	97.628	253	6	0	1	253	525	777	1.68e-122	435
Seq_3192	otu000376	97.233	253	7	0	1	253	525	777	7.82e-121	429
Seq_3193	otu000376	97.628	253	6	0	1	253	525	777	1.68e-122	435
Seq_3194	otu002631	97.233	253	7	0	1	253	528	780	7.82e-121	429
Seq_3195	otu003889	97.628	253	6	0	1	253	526	778	1.68e-122	435
Seq_3196	otu003889	97.233	253	7	0	1	253	526	778	7.82e-121	429
Seq_3197	otu002631	97.628	253	6	0	1	253	528	780	1.68e-122	435
Seq_3198	otu002631	97.628	253	6	0	1	253	528	780	1.68e-122	435
Seq_3199	otu000376	96.838	253	8	0	1	253	525	777	3.64e-119	424
Seq_3200	otu002631	96.838	253	8	0	1	253	528	780	3.64e-119	424
Seq_3201	otu002631	96.047	253	10	0	1	253	528	780	7.87e-116	412
Seq_3202	otu002425	97.233	253	7	0	1	253	522	774	7.82e-121	429
Seq_3203	otu002425	97.638	254	4	2	1	253	522	774	1.68e-122	435
Seq_3204	otu002425	99.605	253	1	0	1	253	522	774	7.71e-131	462
Seq_3205	otu001923	99.209	253	2	0	1	253	524	776	3.59e-129	457
Seq_3206	otu002425	98.814	253	3	0	1	253	522	774	1.67e-127	451
Seq_3207	otu002425	99.209	253	2	0	1	253	522	774	3.59e-129	457
Seq_3208	otu002425	99.605	253	1	0	1	253	522	774	7.71e-131	462
Seq_3209	otu002425	100.000	253	0	0	1	253	522	774	1.66e-132	468
Seq_3210	otu002425	98.419	253	4	0	1	253	522	774	7.76e-126	446
Seq_3211	otu004145	99.209	253	2	0	1	253	524	776	3.59e-129	457
Seq_3212	otu003727	98.814	253	3	0	1	253	530	782	1.67e-127	451
Seq_3213	otu002631	100.000	253	0	0	1	253	528	780	1.66e-132	468
Seq_3214	otu002631	98.419	253	4	0	1	253	528	780	7.76e-126	446
Seq_3215	otu002631	96.443	253	9	0	1	253	528	780	1.69e-117	418
Seq_3216	otu002631	98.419	253	4	0	1	253	528	780	7.76e-126	446
Seq_3217	otu002631	98.814	253	3	0	1	253	528	780	1.67e-127	451
Seq_3218	otu002631	96.063	254	8	2	1	253	528	780	7.87e-116	412
Seq_3219	otu000746	95.652	253	11	0	1	253	525	777	3.66e-114	407
Seq_3220	otu003727	95.257	253	12	0	1	253	530	782	1.70e-112	401
Seq_3221	otu000376	96.443	253	9	0	1	253	525	777	1.69e-117	418
Seq_3222	otu002631	96.047	253	10	0	1	253	528	780	7.87e-116	412
Seq_3223	otu000407	95.669	254	9	2	1	253	526	778	3.66e-114	407
Seq_3224	otu003154	94.466	253	14	0	1	253	531	783	3.69e-109	390
Seq_3225	otu004196	96.047	253	10	0	1	253	526	778	7.87e-116	412
Seq_3226	otu000746	94.466	253	14	0	1	253	525	777	3.69e-109	390
Seq_3227	otu000407	96.047	253	10	0	1	253	526	778	7.87e-116	412
Seq_3228	otu002383	99.209	253	2	0	1	253	523	775	3.59e-129	457
Seq_3229	otu002383	98.814	253	3	0	1	253	523	775	1.67e-127	451
Seq_3230	otu002383	99.209	253	2	0	1	253	523	775	3.59e-129	457
Seq_3231	otu002383	98.419	253	4	0	1	253	523	775	7.76e-126	446
Seq_3232	otu002383	98.814	253	3	0	1	253	523	775	1.67e-127	451
Seq_3233	otu002383	99.209	253	2	0	1	253	523	775	3.59e-129	457
Seq_3234	otu002383	98.814	253	3	0	1	253	523	775	1.67e-127	451
Seq_3235	otu002383	97.628	253	6	0	1	253	523	775	1.68e-122	435
Seq_3236	otu002383	99.209	253	2	0	1	253	523	775	3.59e-129	457
Seq_3237	otu002383	100.000	253	0	0	1	253	523	775	1.66e-132	468
Seq_3238	otu004029	95.257	253	12	0	1	253	522	774	1.70e-112	401
Seq_3239	otu000459	96.047	253	10	0	1	253	528	780	7.87e-116	412
Seq_3240	otu000459	97.233	253	7	0	1	253	528	780	7.82e-121	429
Seq_3241	otu000459	96.443	253	9	0	1	253	528	780	1.69e-117	418
Seq_3242	otu000459	96.047	253	10	0	1	253	528	780	7.87e-116	412
Seq_3243	otu000459	97.233	253	7	0	1	253	528	780	7.82e-121	429
Seq_3244	otu000459	97.233	253	7	0	1	253	528	780	7.82e-121	429
Seq_3245	otu000459	98.024	253	5	0	1	253	528	780	3.61e-124	440
Seq_3246	otu000459	97.628	253	6	0	1	253	528	780	1.68e-122	435
Seq_3247	otu000459	98.024	253	5	0	1	253	528	780	3.61e-124	440
Seq_3248	otu002447	95.652	253	11	0	1	253	524	776	3.66e-114	407
Seq_3249	otu002383	97.628	253	6	0	1	253	523	775	1.68e-122	435
Seq_3250	otu002383	96.443	253	9	0	1	253	523	775	1.69e-117	418
Seq_3251	otu002383	96.838	253	8	0	1	253	523	775	3.64e-119	424
Seq_3252	otu002383	98.024	253	5	0	1	253	523	775	3.61e-124	440
Seq_3253	otu002383	98.814	253	3	0	1	253	523	775	1.67e-127	451
Seq_3254	otu002383	98.419	253	4	0	1	253	523	775	7.76e-126	446
Seq_3255	otu002383	98.419	253	4	0	1	253	523	775	7.76e-126	446
Seq_3256	otu002383	97.628	253	6	0	1	253	523	775	1.68e-122	435
Seq_3257	otu002383	97.233	253	7	0	1	253	523	775	7.82e-121	429
Seq_3258	otu004511	98.024	253	5	0	1	253	524	776	3.61e-124	440
Seq_3259	otu002822	97.628	253	6	0	1	253	526	778	1.68e-122	435
Seq_3260	otu002383	98.419	253	4	0	1	253	523	775	7.76e-126	446
Seq_3261	otu002822	97.233	253	7	0	1	253	526	778	7.82e-121	429
Seq_3262	otu002383	98.024	253	5	0	1	253	523	775	3.61e-124	440
Seq_3263	otu001800	96.838	253	8	0	1	253	525	777	3.64e-119	424
Seq_3264	otu003895	96.838	253	8	0	1	253	523	775	3.64e-119	424
Seq_3265	otu003895	97.628	253	6	0	1	253	523	775	1.68e-122	435
Seq_3266	otu003895	96.838	253	8	0	1	253	523	775	3.64e-119	424
Seq_3267	otu003895	96.443	253	9	0	1	253	523	775	1.69e-117	418
Seq_3268	otu004418	95.652	253	11	0	1	253	522	774	3.66e-114	407
Seq_3269	otu002383	96.838	253	8	0	1	253	523	775	3.64e-119	424
Seq_3270	otu002383	96.838	253	8	0	1	253	523	775	3.64e-119	424
Seq_3271	otu002383	97.233	253	7	0	1	253	523	775	7.82e-121	429
Seq_3272	otu002383	96.047	253	10	0	1	253	523	775	7.87e-116	412
Seq_3273	otu002383	98.024	253	5	0	1	253	523	775	3.61e-124	440
Seq_3274	otu002822	97.628	253	6	0	1	253	526	778	1.68e-122	435
Seq_3275	otu002777	97.628	253	6	0	1	253	524	776	1.68e-122	435
Seq_3276	otu002822	96.838	253	8	0	1	253	526	778	3.64e-119	424
Seq_3277	otu002822	97.233	253	7	0	1	253	526	778	7.82e-121	429
Seq_3278	otu002383	96.838	253	8	0	1	253	523	775	3.64e-119	424
Seq_3279	otu002383	96.443	253	9	0	1	253	523	775	1.69e-117	418
Seq_3280	otu002383	97.628	253	6	0	1	253	523	775	1.68e-122	435
Seq_3281	otu002383	97.233	253	7	0	1	253	523	775	7.82e-121	429
Seq_3282	otu001800	100.000	253	0	0	1	253	525	777	1.66e-132	468
Seq_3283	otu002631	97.233	253	7	0	1	253	528	780	7.82e-121	429
Seq_3284	otu002383	96.443	253	9	0	1	253	523	775	1.69e-117	418
Seq_3285	otu000459	97.233	253	7	0	1	253	528	780	7.82e-121	429
Seq_3286	otu004029	96.838	253	8	0	1	253	522	774	3.64e-119	424
Seq_3287	otu004029	95.652	253	11	0	1	253	522	774	3.66e-114	407
Seq_3288	otu000459	96.047	253	10	0	1	253	528	780	7.87e-116	412
Seq_3289	otu004029	96.443	253	9	0	1	253	522	774	1.69e-117	418
Seq_3290	otu004029	96.443	253	9	0	1	253	522	774	1.69e-117	418
Seq_3291	otu004029	96.443	253	9	0	1	253	522	774	1.69e-117	418
Seq_3292	otu004029	96.047	253	10	0	1	253	522	774	7.87e-116	412
Seq_3293	otu004029	98.419	253	4	0	1	253	522	774	7.76e-126	446
Seq_3294	otu004029	98.024	253	5	0	1	253	522	774	3.61e-124	440
Seq_3295	otu004029	100.000	253	0	0	1	253	522	774	1.66e-132	468
Seq_3296	otu004029	99.605	253	1	0	1	253	522	774	7.71e-131	462
Seq_3297	otu003082	97.628	253	6	0	1	253	524	776	1.68e-122	435
Seq_3298	otu000017	98.419	253	4	0	1	253	526	778	7.76e-126	446
Seq_3299	otu000355	97.233	253	7	0	1	253	526	778	7.82e-121	429
Seq_3300	otu000017	97.628	253	6	0	1	253	526	778	1.68e-122	435
Seq_3301	otu000017	98.419	253	4	0	1	253	526	778	7.76e-126	446
Seq_3302	otu000010	98.814	253	3	0	1	253	524	776	1.67e-127	451
Seq_3303	otu002889	97.233	253	7	0	1	253	527	779	7.82e-121	429
Seq_3304	otu002889	95.652	253	11	0	1	253	527	779	3.66e-114	407
Seq_3305	otu000010	96.838	253	8	0	1	253	524	776	3.64e-119	424
Seq_3306	otu000010	97.233	253	7	0	1	253	524	776	7.82e-121	429
Seq_3307	otu002889	99.605	253	1	0	1	253	527	779	7.71e-131	462
Seq_3308	otu002889	99.605	253	1	0	1	253	527	779	7.71e-131	462
Seq_3309	otu002889	97.628	253	6	0	1	253	527	779	1.68e-122	435
Seq_3310	otu002889	100.000	253	0	0	1	253	527	779	1.66e-132	468
Seq_3311	otu002889	99.209	253	1	1	1	252	527	779	1.28e-128	455
Seq_3312	otu002868	96.838	253	8	0	1	253	522	774	3.64e-119	424
Seq_3313	otu002868	96.443	253	9	0	1	253	522	774	1.69e-117	418
Seq_3314	otu000592	100.000	253	0	0	1	253	526	778	1.66e-132	468
Seq_3315	otu000592	99.605	253	1	0	1	253	526	778	7.71e-131	462
Seq_3316	otu000592	99.209	253	2	0	1	253	526	778	3.59e-129	457
Seq_3317	otu001352	100.000	253	0	0	1	253	530	782	1.66e-132	468
Seq_3318	otu000017	97.233	253	7	0	1	253	526	778	7.82e-121	429
Seq_3319	otu000592	96.838	253	8	0	1	253	526	778	3.64e-119	424
Seq_3320	otu000407	96.443	253	9	0	1	253	526	778	1.69e-117	418
Seq_3321	otu000407	96.047	253	10	0	1	253	526	778	7.87e-116	412
Seq_3322	otu000407	96.838	253	8	0	1	253	526	778	3.64e-119	424
Seq_3323	otu002195	94.466	253	14	0	1	253	524	776	3.69e-109	390
Seq_3324	otu002195	95.652	253	11	0	1	253	524	776	3.66e-114	407
Seq_3325	otu003082	95.257	253	12	0	1	253	524	776	1.70e-112	401
Seq_3326	otu002195	95.257	253	12	0	1	253	524	776	1.70e-112	401
Seq_3327	otu002670	95.257	253	12	0	1	253	526	778	1.70e-112	401
Seq_3328	otu003889	95.257	253	12	0	1	253	526	778	1.70e-112	401
Seq_3329	otu002481	94.862	253	13	0	1	253	524	776	7.93e-111	396
Seq_3330	otu002481	94.466	253	14	0	1	253	524	776	3.69e-109	390
Seq_3331	otu002670	93.701	254	14	2	1	253	526	778	7.98e-106	379
Seq_3332	otu002670	93.701	254	14	2	1	253	526	778	7.98e-106	379
Seq_3333	otu002670	94.466	253	14	0	1	253	526	778	3.69e-109	390
Seq_3334	otu002670	94.862	253	13	0	1	253	526	778	7.93e-111	396
Seq_3335	otu003889	95.257	253	12	0	1	253	526	778	1.70e-112	401
Seq_3336	otu002670	99.209	253	2	0	1	253	526	778	3.59e-129	457
Seq_3337	otu002670	99.209	253	2	0	1	253	526	778	3.59e-129	457
Seq_3338	otu002670	98.419	253	4	0	1	253	526	778	7.76e-126	446
Seq_3339	otu002670	98.419	253	4	0	1	253	526	778	7.76e-126	446
Seq_3340	otu002670	96.838	253	8	0	1	253	526	778	3.64e-119	424
Seq_3341	otu002670	97.233	253	7	0	1	253	526	778	7.82e-121	429
Seq_3342	otu002670	97.628	253	6	0	1	253	526	778	1.68e-122	435
Seq_3343	otu002670	99.209	253	2	0	1	253	526	778	3.59e-129	457
Seq_3344	otu000407	96.443	253	9	0	1	253	526	778	1.69e-117	418
Seq_3345	otu000407	96.443	253	9	0	1	253	526	778	1.69e-117	418
Seq_3346	otu000407	95.257	253	12	0	1	253	526	778	1.70e-112	401
Seq_3347	otu000407	94.862	253	13	0	1	253	526	778	7.93e-111	396
Seq_3348	otu002822	93.676	253	16	0	1	253	526	778	7.98e-106	379
Seq_3349	otu000242	93.676	253	16	0	1	253	524	776	7.98e-106	379
Seq_3350	otu002822	94.862	253	13	0	1	253	526	778	7.93e-111	396
Seq_3351	otu002195	95.257	253	12	0	1	253	524	776	1.70e-112	401
Seq_3352	otu001362	92.188	256	14	5	1	253	526	778	3.74e-99	357
Seq_3353	otu004330	95.257	253	12	0	1	253	524	776	1.70e-112	401
Seq_3354	otu001362	94.510	255	10	4	1	253	526	778	3.69e-109	390
Seq_3355	otu003097	92.885	253	18	0	1	253	521	773	1.73e-102	368
Seq_3356	otu002195	95.652	253	11	0	1	253	524	776	3.66e-114	407
Seq_3357	otu000105	94.466	253	14	0	1	253	524	776	3.69e-109	390
Seq_3358	otu002195	94.071	253	15	0	1	253	524	776	1.72e-107	385
Seq_3359	otu002195	93.676	253	16	0	1	253	524	776	7.98e-106	379
Seq_3360	otu000295	95.257	253	12	0	1	253	527	779	1.70e-112	401
Seq_3361	otu000691	94.488	254	12	2	1	253	524	776	3.69e-109	390
Seq_3362	otu004579	94.882	254	11	2	1	253	526	778	7.93e-111	396
Seq_3363	otu004579	94.922	256	7	5	1	253	526	778	7.93e-111	396
Seq_3364	otu004029	94.882	254	11	2	1	253	522	774	7.93e-111	396
Seq_3365	otu002631	94.466	253	14	0	1	253	528	780	3.69e-109	390
Seq_3366	otu002631	94.071	253	15	0	1	253	528	780	1.72e-107	385
Seq_3367	otu002631	94.071	253	15	0	1	253	528	780	1.72e-107	385
Seq_3368	otu002631	94.862	253	13	0	1	253	528	780	7.93e-111	396
Seq_3369	otu002631	94.862	253	13	0	1	253	528	780	7.93e-111	396
Seq_3370	otu002631	94.862	253	13	0	1	253	528	780	7.93e-111	396
Seq_3371	otu004418	92.941	255	14	3	1	253	522	774	1.73e-102	368
Seq_3372	otu004418	92.520	254	17	2	1	253	522	774	8.04e-101	363
Seq_3373	otu002195	92.913	254	16	2	1	253	524	776	1.73e-102	368
Seq_3374	otu002195	91.339	254	20	2	1	253	524	776	8.10e-96	346
Seq_3375	otu004436	90.980	255	19	4	1	253	526	778	3.77e-94	340
Seq_3376	otu002195	93.676	253	16	0	1	253	524	776	7.98e-106	379
Seq_3377	otu002765	91.700	253	21	0	1	253	524	776	1.74e-97	351
Seq_3378	otu004418	92.520	254	17	2	1	253	522	774	8.04e-101	363
Seq_3379	otu002195	94.071	253	15	0	1	253	524	776	1.72e-107	385
Seq_3380	otu002195	93.281	253	17	0	1	253	524	776	3.71e-104	374
Seq_3381	otu003951	92.885	253	18	0	1	253	526	778	1.73e-102	368
Seq_3382	otu002195	92.490	253	19	0	1	253	524	776	8.04e-101	363
Seq_3383	otu002195	93.281	253	17	0	1	253	524	776	3.71e-104	374
Seq_3384	otu002631	93.281	253	17	0	1	253	528	780	3.71e-104	374
Seq_3385	otu002822	94.862	253	13	0	1	253	526	778	7.93e-111	396
Seq_3386	otu001957	88.800	250	24	4	6	253	535	782	4.94e-83	303
Seq_3387	otu002858	88.538	253	29	0	1	253	525	777	3.82e-84	307
Seq_3388	otu003906	88.538	253	29	0	1	253	523	775	3.82e-84	307
Seq_3389	otu000105	95.652	253	11	0	1	253	524	776	3.66e-114	407
Seq_3390	otu000105	94.862	253	13	0	1	253	524	776	7.93e-111	396
Seq_3391	otu004418	94.902	255	9	4	1	253	522	774	7.93e-111	396
Seq_3392	otu002195	94.882	254	11	2	1	253	524	776	7.93e-111	396
Seq_3393	otu000105	94.466	253	14	0	1	253	524	776	3.69e-109	390
Seq_3394	otu002195	94.071	253	15	0	1	253	524	776	1.72e-107	385
Seq_3395	otu004196	93.333	255	13	4	1	253	526	778	3.71e-104	374
Seq_3396	otu000407	94.094	254	13	2	1	253	526	778	1.72e-107	385
Seq_3397	otu004418	93.333	255	13	4	1	253	522	774	3.71e-104	374
Seq_3398	otu000105	94.862	253	13	0	1	253	524	776	7.93e-111	396
Seq_3399	otu000105	95.652	253	11	0	1	253	524	776	3.66e-114	407
Seq_3400	otu003751	93.281	253	17	0	1	253	508	760	3.71e-104	374
Seq_3401	otu003751	96.838	253	8	0	1	253	508	760	3.64e-119	424
Seq_3402	otu003751	96.838	253	8	0	1	253	508	760	3.64e-119	424
Seq_3403	otu003751	97.244	254	5	2	1	253	508	760	7.82e-121	429
Seq_3404	otu003751	96.850	254	6	2	1	253	508	760	3.64e-119	424
Seq_3405	otu002642	96.800	250	8	0	1	250	503	752	1.69e-117	418
Seq_3406	otu002642	95.600	250	11	0	1	250	503	752	1.70e-112	401
Seq_3407	otu002642	96.400	250	9	0	1	250	503	752	7.87e-116	412
Seq_3408	otu002642	95.600	250	11	0	1	250	503	752	1.70e-112	401
Seq_3409	otu002642	95.600	250	11	0	1	250	503	752	1.70e-112	401
Seq_3410	otu002426	96.063	254	8	2	1	253	509	761	7.87e-116	412
Seq_3411	otu002426	98.814	253	3	0	1	253	509	761	1.67e-127	451
Seq_3412	otu002426	98.024	253	5	0	1	253	509	761	3.61e-124	440
Seq_3413	otu002426	96.047	253	10	0	1	253	509	761	7.87e-116	412
Seq_3414	otu001650	94.071	253	15	0	1	253	511	763	1.72e-107	385
Seq_3415	otu003629	94.488	254	12	2	1	253	510	762	3.69e-109	390
Seq_3416	otu003629	99.605	253	1	0	1	253	510	762	7.71e-131	462
Seq_3417	otu003629	100.000	253	0	0	1	253	510	762	1.66e-132	468
Seq_3418	otu003629	99.209	253	2	0	1	253	510	762	3.59e-129	457
Seq_3419	otu003629	98.814	253	3	0	1	253	510	762	1.67e-127	451
Seq_3420	otu003629	99.209	253	2	0	1	253	510	762	3.59e-129	457
Seq_3421	otu003629	98.814	253	3	0	1	253	510	762	1.67e-127	451
Seq_3422	otu003827	94.862	253	13	0	1	253	510	762	7.93e-111	396
Seq_3423	otu003827	94.862	253	13	0	1	253	510	762	7.93e-111	396
Seq_3424	otu000498	100.000	253	0	0	1	253	509	761	1.66e-132	468
Seq_3425	otu003629	95.669	254	9	2	1	253	510	762	3.66e-114	407
Seq_3426	otu000494	100.000	253	0	0	1	253	502	754	1.66e-132	468
Seq_3427	otu003222	99.605	253	1	0	1	253	498	750	7.71e-131	462
Seq_3428	otu000494	99.209	253	2	0	1	253	502	754	3.59e-129	457
Seq_3429	otu000494	98.024	253	5	0	1	253	502	754	3.61e-124	440
Seq_3430	otu000494	98.419	253	4	0	1	253	502	754	7.76e-126	446
Seq_3431	otu002364	82.879	257	37	7	1	254	515	767	3.98e-59	224
Seq_3432	otu003319	83.858	254	39	2	1	253	523	775	3.93e-64	241
Seq_3433	otu003319	84.314	255	36	4	1	253	523	775	8.45e-66	246
Seq_3434	otu003502	94.444	252	14	0	1	252	542	793	1.32e-108	388
Seq_3435	otu003977	90.909	253	23	0	1	253	543	795	3.77e-94	340
Seq_3436	otu000502	98.024	253	5	0	1	253	504	756	3.61e-124	440
Seq_3437	otu000502	97.233	253	7	0	1	253	504	756	7.82e-121	429
Seq_3438	otu000502	96.047	253	10	0	1	253	504	756	7.87e-116	412
Seq_3439	otu000502	96.443	253	9	0	1	253	504	756	1.69e-117	418
Seq_3440	otu000502	98.024	253	5	0	1	253	504	756	3.61e-124	440
Seq_3441	otu000502	99.209	253	2	0	1	253	504	756	3.59e-129	457
Seq_3442	otu000502	100.000	253	0	0	1	253	504	756	1.66e-132	468
Seq_3443	otu000502	96.838	253	8	0	1	253	504	756	3.64e-119	424
Seq_3444	otu000502	97.233	253	7	0	1	253	504	756	7.82e-121	429
Seq_3445	otu000502	88.976	254	26	2	1	253	504	756	8.21e-86	313
Seq_3446	otu002642	87.200	250	32	0	1	250	503	752	1.79e-77	285
Seq_3447	otu004112	82.213	253	45	0	1	253	506	758	1.84e-57	219
Seq_3448	otu003629	84.109	258	31	10	1	253	510	762	3.93e-64	241
Seq_3449	otu001650	83.858	254	39	2	1	253	511	763	3.93e-64	241
Seq_3450	otu001650	84.252	254	38	2	1	253	511	763	8.45e-66	246
Seq_3451	otu001650	85.827	254	34	2	1	253	511	763	1.80e-72	268
Seq_3452	otu001650	84.252	254	38	2	1	253	511	763	8.45e-66	246
Seq_3453	otu001650	85.375	253	37	0	1	253	511	763	8.39e-71	263
Seq_3467	otu000620	75.109	229	47	10	14	237	487	710	2.50e-21	99.0
Seq_3471	otu001257	78.049	164	30	5	14	175	506	665	2.51e-21	99.0
Seq_3474	otu003684	77.049	244	48	8	14	254	535	773	6.89e-32	134
Seq_3475	otu002602	75.319	235	50	6	14	244	546	776	1.50e-23	106
Seq_3476	otu003498	76.923	247	44	13	14	253	521	761	3.19e-30	128
Seq_3477	otu003606	77.016	248	42	15	14	253	513	753	3.19e-30	128
Seq_3478	otu003606	76.613	248	43	15	14	253	513	753	1.49e-28	122
Seq_3479	otu003606	76.800	250	43	15	12	253	511	753	1.15e-29	126
Seq_3480	otu003091	75.309	243	50	9	12	249	521	758	4.16e-24	108
Seq_3481	otu003912	77.419	248	39	17	12	250	520	759	2.47e-31	132
Seq_3482	otu003912	77.419	248	39	17	12	250	520	759	2.47e-31	132
Seq_3483	otu001241	76.033	242	46	12	14	249	521	756	2.49e-26	115
Seq_3487	otu003140	76.113	247	45	12	14	253	560	799	6.91e-27	117
Seq_3488	otu003140	76.327	245	48	9	14	253	560	799	1.49e-28	122
Seq_3489	otu003752	79.184	245	46	5	12	253	536	778	2.43e-41	165
Seq_3490	otu003752	78.947	247	43	9	12	253	536	778	1.13e-39	159
Seq_3491	otu003752	78.629	248	42	11	12	253	536	778	5.27e-38	154
Seq_3492	otu003752	79.032	248	41	11	12	253	536	778	1.13e-39	159
Seq_3493	otu003726	79.839	248	39	11	12	253	537	779	5.23e-43	171
Seq_3495	otu003127	74.486	243	52	9	12	249	567	804	9.00e-21	97.1
Seq_3506	otu001326	74.597	248	54	7	11	254	515	757	6.99e-22	100
Seq_3508	otu001945	76.423	246	53	5	11	254	505	747	3.21e-30	128
Seq_3514	otu001945	75.820	244	57	2	11	253	505	747	1.49e-28	122
Seq_3515	otu001945	75.820	244	57	2	11	253	505	747	1.49e-28	122
Seq_3516	otu001945	76.639	244	55	2	11	253	505	747	6.86e-32	134
Seq_3517	otu001945	77.049	244	54	2	11	253	505	747	1.47e-33	139
Seq_3518	otu001945	76.735	245	53	4	11	253	505	747	6.86e-32	134
Seq_3519	otu001945	76.230	244	56	2	11	253	505	747	3.19e-30	128
Seq_3528	otu002522	76.984	252	42	16	1	244	508	751	8.88e-31	130
Seq_3529	otu003296	78.629	248	40	13	12	253	533	773	1.89e-37	152
Seq_3530	otu003296	78.226	248	41	13	12	253	533	773	8.81e-36	147
Seq_3531	otu004038	77.959	245	47	7	12	253	529	769	8.81e-36	147
Seq_3532	otu004038	77.236	246	47	8	12	253	529	769	1.91e-32	135
Seq_3533	otu004038	76.860	242	51	5	14	253	531	769	2.47e-31	132
Seq_3534	otu002803	75.391	256	57	6	1	253	508	760	1.92e-27	119
Seq_3535	otu000386	77.366	243	49	6	14	254	534	772	1.48e-33	139
Seq_3536	otu003991	78.800	250	48	5	6	253	527	773	8.75e-41	163
Seq_3537	otu000386	77.049	244	51	5	12	253	532	772	1.91e-32	135
Seq_3538	otu000673	75.207	242	59	1	12	253	533	773	8.94e-26	113
Seq_3541	otu002827	77.733	247	44	10	12	253	533	773	4.10e-34	141
Seq_3542	otu000689	77.778	243	52	2	12	254	533	773	2.46e-36	148
Seq_3543	otu000689	77.366	243	53	2	12	254	533	773	1.15e-34	143
Seq_3544	otu000673	78.099	242	52	1	12	253	533	773	1.89e-37	152
Seq_3547	otu003991	78.049	246	45	9	12	253	533	773	8.81e-36	147
Seq_3548	otu002522	77.821	257	49	8	1	253	508	760	1.89e-37	152
Seq_3549	otu002827	75.510	245	54	6	12	254	533	773	2.50e-26	115
Seq_3552	otu002803	76.955	243	50	6	14	253	521	760	6.86e-32	134
Seq_3553	otu001259	76.113	247	53	6	10	253	547	790	4.13e-29	124
Seq_3554	otu001259	76.518	247	52	6	10	253	547	790	8.88e-31	130
Seq_3555	otu002803	78.189	243	47	6	14	253	521	760	6.81e-37	150
Seq_3556	otu001868	74.899	247	52	10	12	253	523	764	5.38e-23	104
Seq_3558	otu003361	76.923	247	47	9	12	253	535	776	2.47e-31	132
Seq_3561	otu002275	79.098	244	47	4	12	253	520	761	2.43e-41	165
Seq_3562	otu002275	79.098	244	47	4	12	253	520	761	2.43e-41	165
Seq_3564	otu003612	77.551	245	45	9	14	253	538	777	1.47e-33	139
Seq_3565	otu003361	77.551	245	49	6	12	253	535	776	1.14e-34	143
Seq_3566	otu000241	76.735	245	51	5	12	253	536	777	2.47e-31	132
Seq_3567	otu002098	78.715	249	53	0	1	249	513	761	6.77e-42	167
Seq_3568	otu004358	74.797	246	54	7	12	253	533	774	5.38e-23	104
Seq_3569	otu003525	74.319	257	57	9	1	253	507	758	6.96e-22	100
Seq_3571	otu002200	82.716	243	40	2	12	253	541	782	2.38e-56	215
Seq_3572	otu002200	80.000	245	43	6	12	253	541	782	1.12e-44	176
Seq_3574	otu002803	77.519	258	48	10	1	253	508	760	8.81e-36	147
Seq_3575	otu001283	75.385	260	50	11	1	253	500	752	8.94e-26	113
Seq_3576	otu001283	75.385	260	50	11	1	253	500	752	8.94e-26	113
Seq_3578	otu000845	76.667	240	54	2	12	250	535	773	2.47e-31	132
Seq_3579	otu000845	75.833	240	56	2	12	250	535	773	5.34e-28	121
Seq_3580	otu000845	76.250	240	55	2	12	250	535	773	1.15e-29	126
Seq_3582	otu003296	76.639	244	46	11	12	250	533	770	4.13e-29	124
Seq_3583	otu003296	76.639	244	46	11	12	250	533	770	4.13e-29	124
Seq_3584	otu003964	79.184	245	45	6	12	253	512	753	2.43e-41	165
Seq_3585	otu003964	80.000	245	43	6	12	253	512	753	1.12e-44	176
Seq_3586	otu003991	77.824	239	38	13	14	245	535	765	6.86e-32	134
Seq_3587	otu004038	78.571	238	38	12	14	245	531	761	3.17e-35	145
Seq_3590	otu002541	76.230	244	48	9	12	250	577	815	5.34e-28	121
Seq_3591	otu001578	76.068	234	54	2	14	246	484	716	5.34e-28	121
Seq_3592	otu003233	80.105	191	28	10	14	199	551	736	6.86e-32	134
Seq_3593	otu003233	80.628	191	27	10	14	199	551	736	1.47e-33	139
Seq_3594	otu000875	78.367	245	39	13	12	249	575	812	8.81e-36	147
Seq_3595	otu004269	77.686	242	40	13	12	246	570	804	1.91e-32	135
Seq_3596	otu004269	78.974	195	27	13	12	199	570	757	5.34e-28	121
Seq_3597	otu000875	77.959	245	40	13	12	249	575	812	4.10e-34	141
Seq_3598	otu002839	79.424	243	40	10	12	249	575	812	8.75e-41	163
Seq_3599	otu003233	78.512	242	34	18	14	246	551	783	1.14e-34	143
Seq_3600	otu001232	77.872	235	48	4	14	246	485	717	1.14e-34	143
Seq_3601	otu004516	76.230	244	46	12	12	249	575	812	1.92e-27	119
Seq_3602	otu004516	76.230	244	46	12	12	249	575	812	1.92e-27	119
Seq_3603	otu004516	76.230	244	46	12	12	249	575	812	1.92e-27	119
Seq_3604	otu004516	76.829	246	41	16	12	249	575	812	4.13e-29	124
Seq_3606	otu001242	76.543	243	47	10	12	249	575	812	4.13e-29	124
Seq_3607	otu001232	77.215	237	46	8	14	246	485	717	2.47e-31	132
Seq_3608	otu000875	78.279	244	41	12	12	249	575	812	8.81e-36	147
Seq_3609	otu000875	77.959	245	40	14	12	249	575	812	4.10e-34	141
Seq_3610	otu004516	76.518	247	40	18	12	249	575	812	1.92e-27	119
Seq_3611	otu004516	76.829	246	41	16	12	249	575	812	4.13e-29	124
Seq_3612	otu003578	74.793	242	53	8	12	249	563	800	1.94e-22	102
Seq_3616	otu001065	77.021	235	53	1	12	246	530	763	6.86e-32	134
Seq_3617	otu001065	77.447	235	52	1	12	246	530	763	1.47e-33	139
Seq_3618	otu003902	78.390	236	45	6	14	246	541	773	2.45e-36	148
Seq_3619	otu001573	78.903	237	42	6	14	246	544	776	5.27e-38	154
Seq_3620	otu003693	79.424	243	40	10	12	249	541	778	8.75e-41	163
Seq_3621	otu001854	79.253	241	44	6	12	249	543	780	8.75e-41	163
Seq_3622	otu004401	76.596	235	46	9	12	242	537	766	5.34e-28	121
Seq_3625	otu000860	76.000	250	44	16	12	253	486	727	2.49e-26	115
Seq_3626	otu004534	76.210	248	47	10	12	253	485	726	5.34e-28	121
Seq_3639	otu001528	76.891	238	48	7	12	246	533	766	3.19e-30	128
Seq_3640	otu001242	78.601	243	42	9	12	249	575	812	1.89e-37	152
Seq_3641	otu001242	78.189	243	43	9	12	249	575	812	8.81e-36	147
Seq_3646	otu002333	76.033	242	47	10	14	250	574	809	2.50e-26	115
Seq_3647	otu004291	75.102	245	48	13	12	250	553	790	1.94e-22	102
Seq_3649	otu000580	74.477	239	57	4	14	250	510	746	6.96e-22	100
Seq_3650	otu000197	76.050	238	47	10	14	246	551	783	2.49e-26	115
Seq_3651	otu000943	80.169	237	47	0	14	250	642	878	3.14e-45	178
Seq_3652	otu000734	77.824	239	42	11	12	245	542	774	5.33e-33	137
Seq_3653	otu001854	77.686	242	48	6	12	250	543	781	1.14e-34	143
Seq_3656	otu004072	77.686	242	45	8	12	249	548	784	1.47e-33	139
Seq_3657	otu002551	74.689	241	59	2	14	253	515	754	1.50e-23	106
Seq_3659	otu004072	76.923	247	38	18	12	249	548	784	1.49e-28	122
Seq_3661	otu004072	76.518	247	39	18	12	249	548	784	6.91e-27	117
Seq_3662	otu004072	76.327	245	43	15	12	249	548	784	6.91e-27	117
Seq_3671	otu000845	77.083	240	54	1	12	251	535	773	5.33e-33	137
Seq_3673	otu003528	78.862	246	38	14	12	251	539	776	5.29e-38	154
Seq_3674	otu004072	79.167	240	40	10	12	247	548	781	4.09e-39	158
Seq_3675	otu001428	77.593	241	42	12	12	246	535	769	1.92e-32	135
Seq_3676	otu004072	78.243	239	41	11	12	245	548	780	1.14e-34	143
Seq_3677	otu004072	76.446	242	42	12	12	247	548	780	6.97e-27	117
Seq_3678	otu001189	76.471	238	44	12	12	243	534	765	1.93e-27	119
Seq_3679	otu001197	74.902	255	54	10	1	250	524	773	4.16e-24	108
Seq_3689	otu004072	77.049	244	45	11	12	250	548	785	8.88e-31	130
Seq_3690	otu002335	76.639	244	46	11	12	250	551	788	4.13e-29	124
Seq_3691	otu004252	77.083	240	42	12	14	246	539	772	1.15e-29	126
Seq_3692	otu004252	77.406	239	43	10	14	246	539	772	2.47e-31	132
Seq_3693	otu000628	77.406	239	43	10	14	246	538	771	2.47e-31	132
Seq_3695	otu002109	79.668	241	34	15	14	246	536	769	1.13e-39	159
Seq_3696	otu002109	79.253	241	35	15	14	246	536	769	5.27e-38	154
Seq_3697	otu002333	78.279	244	41	10	12	249	572	809	8.81e-36	147
Seq_3698	otu002333	76.033	242	46	10	14	249	574	809	2.49e-26	115
Seq_3702	otu003752	76.596	235	44	11	14	242	538	767	1.92e-27	119
Seq_3703	otu002333	76.860	242	48	8	12	249	572	809	8.88e-31	130
Seq_3704	otu004141	75.536	233	49	7	14	242	554	782	4.16e-24	108
Seq_3705	otu004200	77.391	230	44	8	12	237	498	723	8.88e-31	130
Seq_3708	otu002545	78.059	237	44	8	14	246	535	767	1.14e-34	143
Seq_3709	otu002545	78.059	237	44	8	14	246	535	767	1.14e-34	143
Seq_3710	otu001609	78.509	228	45	4	12	237	516	741	8.81e-36	147
Seq_3711	otu001428	77.824	239	42	11	14	246	537	770	5.30e-33	137
Seq_3714	otu002109	79.675	246	38	11	14	252	536	776	6.77e-42	167
Seq_3715	otu002109	79.268	246	39	11	14	252	536	776	3.15e-40	161
Seq_3716	otu003752	78.243	239	41	10	14	246	538	771	1.14e-34	143
Seq_3718	otu002602	76.033	242	45	12	12	247	544	778	8.98e-26	113
Seq_3719	otu000845	78.970	233	49	0	14	246	537	769	1.13e-39	159
Seq_3720	otu000845	78.541	233	50	0	14	246	537	769	5.27e-38	154
Seq_3723	otu003775	78.992	238	44	6	12	246	537	771	4.07e-39	158
Seq_3724	otu004252	80.000	235	40	7	12	242	537	768	6.77e-42	167
Seq_3726	otu000845	75.105	237	55	4	12	246	535	769	4.16e-24	108
Seq_3727	otu000104	75.314	239	53	6	14	249	531	766	1.16e-24	110
Seq_3728	otu002333	74.897	243	47	12	14	249	574	809	2.50e-21	99.0
Seq_3729	otu002333	75.104	241	50	9	14	249	574	809	5.38e-23	104
Seq_3730	otu003305	76.327	245	53	4	12	253	487	729	1.15e-29	126
Seq_3731	otu003305	76.543	243	52	4	14	253	489	729	3.19e-30	128
Seq_3733	otu004573	76.667	240	42	13	14	246	536	768	5.34e-28	121
Seq_3734	otu003305	76.543	243	52	5	14	253	489	729	3.19e-30	128
Seq_3736	otu004534	74.486	243	56	6	14	253	487	726	6.96e-22	100
Seq_3738	otu003305	75.104	241	59	1	14	253	489	729	3.22e-25	111
Seq_3739	otu004143	78.090	178	33	4	14	188	486	660	4.16e-24	108
Seq_3740	otu003305	76.230	244	51	7	14	253	489	729	1.49e-28	122
Seq_3741	otu004143	79.213	178	31	4	14	188	486	660	1.92e-27	119
Seq_3742	otu004343	77.542	236	43	6	14	244	505	735	6.86e-32	134
Seq_3743	otu000845	76.349	241	54	3	14	252	537	776	1.15e-29	126
Seq_3744	otu000845	75.918	245	52	7	12	252	535	776	1.92e-27	119
Seq_3745	otu000734	77.731	238	43	10	14	246	544	776	5.30e-33	137
Seq_3746	otu003752	76.860	242	39	17	14	246	538	771	5.34e-28	121
Seq_3747	otu003752	76.446	242	40	17	14	246	538	771	2.49e-26	115
Seq_3748	otu002602	76.667	240	46	10	12	246	544	778	4.13e-29	124
Seq_3749	otu002602	75.847	236	47	10	12	242	544	774	3.22e-25	111
Seq_3750	otu003752	77.686	242	37	17	14	246	538	771	2.47e-31	132
Seq_3751	otu000137	75.309	243	54	6	14	253	504	743	3.22e-25	111
Seq_3752	otu003752	77.273	242	38	17	14	246	538	771	1.15e-29	126
Seq_3753	otu004252	76.446	242	40	17	14	246	539	772	2.49e-26	115
Seq_3754	otu004252	76.860	242	39	17	14	246	539	772	5.34e-28	121
Seq_3755	otu003752	76.446	242	40	17	14	246	538	771	2.49e-26	115
Seq_3756	otu003752	76.860	242	39	17	14	246	538	771	5.34e-28	121
Seq_3757	otu001528	77.966	236	45	7	14	246	535	766	4.10e-34	141
Seq_3758	otu003752	76.860	242	39	17	14	246	538	771	5.34e-28	121
Seq_3759	otu002763	75.417	240	59	0	14	253	482	721	6.91e-27	117
Seq_3760	otu002602	76.446	242	43	14	12	246	544	778	1.92e-27	119
Seq_3761	otu003752	77.686	242	37	17	14	246	538	771	2.47e-31	132
Seq_3762	otu000971	78.189	243	32	20	14	246	535	766	1.91e-32	135
Seq_3763	otu003752	77.686	242	37	17	14	246	538	771	2.47e-31	132
Seq_3764	otu003752	80.162	247	34	15	12	250	536	775	5.23e-43	171
Seq_3765	otu003370	77.083	240	42	13	14	246	539	772	1.15e-29	126
Seq_3766	otu004072	75.833	240	52	6	14	251	550	785	6.94e-27	117
Seq_3767	otu004072	76.860	242	46	10	14	251	550	785	3.21e-30	128
Seq_3768	otu003838	78.099	242	43	10	14	250	533	769	3.17e-35	145
Seq_3769	otu001528	77.311	238	51	3	14	250	535	770	5.30e-33	137
Seq_3770	otu002491	77.049	244	42	14	14	250	537	773	3.19e-30	128
Seq_3771	otu001528	77.406	239	49	4	14	250	535	770	5.30e-33	137
Seq_3772	otu001528	76.987	239	50	4	14	250	535	770	2.47e-31	132
Seq_3779	otu003752	78.333	240	39	13	14	246	538	771	1.14e-34	143
Seq_3780	otu002333	75.833	240	50	6	14	249	574	809	2.49e-26	115
Seq_3794	otu004423	75.510	245	50	8	14	253	487	726	3.22e-25	111
Seq_3795	otu000169	79.012	162	34	0	14	175	487	648	3.22e-25	111
Seq_3796	otu000169	76.132	243	52	5	14	253	487	726	1.49e-28	122
Seq_3797	otu002333	76.860	242	44	10	14	249	574	809	1.15e-29	126
Seq_3799	otu004401	75.732	239	49	9	12	246	537	770	3.22e-25	111
Seq_3800	otu004331	75.000	248	52	7	11	253	505	747	1.50e-23	106
Seq_3806	otu002828	75.934	241	56	2	14	253	503	742	1.49e-28	122
Seq_3807	otu002828	75.820	244	51	6	14	253	503	742	6.91e-27	117
Seq_3808	otu002828	75.934	241	56	2	14	253	503	742	1.49e-28	122
Seq_3809	otu004401	77.637	237	44	9	14	246	539	770	1.91e-32	135
Seq_3822	otu002828	75.519	241	57	2	14	253	503	742	6.91e-27	117
Seq_3831	otu003752	77.686	242	41	13	12	246	536	771	1.91e-32	135
Seq_3833	otu001528	75.105	237	54	5	12	246	533	766	1.50e-23	106
Seq_3834	otu003684	77.917	240	38	15	14	246	535	766	1.91e-32	135
Seq_3835	otu002109	77.593	241	43	10	12	246	534	769	1.91e-32	135
Seq_3836	otu004072	76.955	243	47	9	12	250	548	785	8.88e-31	130
Seq_3837	otu003752	79.253	241	39	10	12	246	536	771	4.07e-39	158
Seq_3838	otu003752	80.498	241	36	11	12	246	536	771	4.04e-44	174
Seq_3839	otu003752	78.926	242	39	12	12	247	536	771	5.29e-38	154
Seq_3840	otu004423	78.189	243	52	1	12	254	485	726	5.29e-38	154
Seq_3841	otu003752	78.926	242	39	12	12	247	536	771	5.29e-38	154
Seq_3842	otu003684	78.243	239	44	8	12	247	533	766	8.85e-36	147
Seq_3843	otu003684	77.593	241	42	12	12	247	533	766	1.92e-32	135
Seq_3844	otu003684	77.593	241	42	12	12	247	533	766	1.92e-32	135
Seq_3845	otu003684	78.926	242	37	14	12	247	533	766	1.90e-37	152
Seq_3846	otu003684	78.926	242	37	14	12	247	533	766	1.90e-37	152
Seq_3847	otu003684	77.500	240	44	10	12	247	533	766	1.92e-32	135
Seq_3848	otu003752	79.339	242	38	12	12	247	536	771	1.14e-39	159
Seq_3849	otu004331	75.519	241	49	8	12	248	506	740	1.17e-24	110
Seq_3850	otu004331	76.151	239	49	7	12	246	506	740	1.92e-27	119
Seq_3851	otu004423	76.613	248	48	8	12	255	485	726	3.22e-30	128
Seq_3852	otu000169	75.806	248	50	8	12	255	485	726	6.97e-27	117
Seq_3853	otu003752	78.189	243	40	12	12	248	536	771	1.15e-34	143
Seq_3854	otu004331	76.987	239	49	5	12	248	506	740	2.49e-31	132
Seq_3855	otu002109	79.668	241	38	11	12	246	534	769	8.75e-41	163
Seq_3856	otu002109	80.083	241	37	10	12	246	534	769	1.88e-42	169
Seq_3857	otu000628	79.339	242	37	12	12	246	536	771	4.07e-39	158
Seq_3866	otu004534	75.000	248	50	10	12	253	485	726	5.38e-23	104
Seq_3869	otu003752	77.917	240	45	8	12	247	536	771	1.15e-34	143
Seq_3870	otu004331	77.215	237	46	8	12	245	506	737	2.49e-31	132
Seq_3871	otu004331	76.695	236	48	7	12	244	506	737	4.15e-29	124
Seq_3872	otu004331	76.695	236	48	7	12	244	506	737	4.15e-29	124
Seq_3873	otu004331	77.311	238	43	10	12	244	506	737	8.91e-31	130
Seq_3874	otu004331	76.793	237	46	9	12	244	506	737	4.15e-29	124
Seq_3875	otu004331	76.695	236	48	7	12	244	506	737	4.15e-29	124
Seq_3876	otu004331	76.695	236	48	7	12	244	506	737	4.15e-29	124
Seq_3877	otu004401	79.412	238	31	18	14	243	539	766	1.90e-37	152
Seq_3878	otu004401	80.169	237	31	16	14	243	539	766	8.79e-41	163
Seq_3879	otu004401	79.412	238	31	18	14	243	539	766	1.90e-37	152
Seq_3880	otu004401	78.571	238	33	18	14	243	539	766	4.12e-34	141
Seq_3881	otu004401	77.637	237	37	16	14	243	539	766	8.91e-31	130
Seq_3888	otu001106	77.253	233	45	8	14	242	531	759	8.88e-31	130
Seq_3889	otu001106	76.824	233	46	8	14	242	531	759	4.13e-29	124
Seq_3890	otu001106	77.682	233	44	8	14	242	531	759	1.91e-32	135
Seq_3891	otu004331	76.170	235	51	5	12	244	506	737	1.93e-27	119
Seq_3892	otu004331	75.949	237	48	9	12	244	506	737	8.98e-26	113
Seq_3893	otu004331	76.793	237	46	9	12	244	506	737	4.15e-29	124
Seq_3894	otu004331	76.371	237	47	8	12	244	506	737	1.93e-27	119
Seq_3895	otu004331	76.371	237	47	8	12	244	506	737	1.93e-27	119
Seq_3896	otu004331	76.793	237	46	8	12	244	506	737	4.15e-29	124
Seq_3897	otu004331	76.170	235	51	5	12	244	506	737	1.93e-27	119
Seq_3898	otu004331	76.596	235	49	6	12	243	506	737	4.13e-29	124
Seq_3899	otu004331	76.695	236	47	8	12	243	506	737	4.13e-29	124
Seq_3900	otu004331	77.215	237	45	8	12	244	506	737	8.91e-31	130
Seq_3901	otu004331	77.311	238	43	11	12	244	506	737	8.91e-31	130
Seq_3902	otu004331	78.151	238	41	11	12	244	506	737	4.12e-34	141
Seq_3903	otu004331	76.271	236	49	7	12	244	506	737	1.93e-27	119
Seq_3904	otu004331	77.215	237	45	9	12	244	506	737	8.91e-31	130
Seq_3905	otu004331	78.059	237	42	10	12	243	506	737	4.10e-34	141
Seq_3906	otu004331	77.731	238	42	11	12	244	506	737	1.92e-32	135
Seq_3907	otu004331	78.151	238	41	11	12	244	506	737	4.12e-34	141
Seq_3908	otu004331	75.949	237	43	14	14	243	508	737	1.16e-24	110
Seq_3909	otu001422	76.543	243	46	9	12	249	516	752	1.49e-28	122
Seq_3910	otu004331	76.151	239	44	13	12	244	506	737	8.98e-26	113
Seq_3911	otu002602	77.083	240	46	9	12	247	544	778	8.91e-31	130
Seq_3915	otu004401	79.828	233	38	9	14	242	539	766	3.15e-40	161
Seq_3917	otu002602	76.496	234	49	6	12	242	544	774	1.49e-28	122
Seq_3918	otu002333	76.349	241	47	9	14	249	574	809	5.34e-28	121
Seq_3919	otu004331	75.214	234	51	7	14	244	508	737	5.40e-23	104
Seq_3920	otu001889	75.104	241	59	1	14	254	485	724	3.23e-25	111
Seq_3921	otu002333	78.151	238	48	4	14	249	574	809	2.45e-36	148
Seq_3922	otu004401	77.824	239	40	13	14	246	539	770	1.91e-32	135
Seq_3923	otu004401	77.824	239	40	13	14	246	539	770	1.91e-32	135
Seq_3924	otu004401	77.824	239	40	13	14	246	539	770	1.91e-32	135
Seq_3925	otu004331	75.431	232	53	4	14	243	508	737	1.16e-24	110
Seq_3926	otu004331	76.293	232	51	4	14	243	508	737	5.34e-28	121
Seq_3927	otu001310	76.305	249	42	13	14	254	493	732	6.94e-27	117
Seq_3930	otu002828	75.309	243	58	2	12	253	501	742	2.49e-26	115
Seq_3931	otu002828	75.720	243	57	2	12	253	501	742	5.34e-28	121
Seq_3932	otu002828	75.620	242	59	0	12	253	501	742	5.34e-28	121
Seq_3933	otu002828	75.820	244	55	4	12	253	501	742	5.34e-28	121
Seq_3936	otu003449	77.178	241	51	4	12	250	513	751	5.30e-33	137
Seq_3937	otu004573	78.947	247	36	16	12	250	534	772	5.27e-38	154
Seq_3938	otu003752	77.959	245	43	11	12	250	536	775	1.14e-34	143
Seq_3939	otu003449	77.593	241	50	4	12	250	513	751	1.14e-34	143
Seq_3940	otu004573	77.551	245	43	12	12	250	534	772	5.30e-33	137
Seq_3943	otu004331	75.210	238	50	9	14	247	508	740	5.40e-23	104
Seq_3944	otu004331	77.686	242	41	13	12	247	506	740	1.92e-32	135
Seq_3946	otu000845	76.050	238	51	6	12	246	535	769	1.92e-27	119
Seq_3947	otu000104	77.593	241	44	10	14	249	531	766	5.30e-33	137
Seq_3948	otu004401	75.105	237	54	5	12	246	537	770	1.50e-23	106
Seq_3949	otu001065	78.481	237	47	4	12	247	530	763	1.90e-37	152
Seq_3950	otu001065	77.778	234	50	2	14	247	532	763	1.15e-34	143
Seq_3951	otu001065	77.350	234	51	2	14	247	532	763	5.33e-33	137
Seq_3955	otu002333	77.593	241	48	6	12	249	572	809	4.10e-34	141
Seq_3956	otu002333	76.349	241	51	6	12	249	572	809	4.13e-29	124
Seq_3957	otu002333	77.406	239	48	6	14	249	574	809	5.30e-33	137
Seq_3958	otu002333	77.778	243	44	9	12	249	572	809	4.10e-34	141
Seq_3959	otu002333	77.366	243	45	9	12	249	572	809	1.91e-32	135
Seq_3960	otu002333	76.763	241	50	6	12	249	572	809	8.88e-31	130
Seq_3961	otu002333	77.593	241	48	6	12	249	572	809	4.10e-34	141
Seq_3962	otu001106	77.311	238	48	6	12	246	529	763	1.91e-32	135
Seq_3963	otu001106	77.824	239	45	8	12	246	529	763	4.10e-34	141
Seq_3964	otu004423	75.304	247	48	9	14	254	487	726	1.50e-23	106
Seq_3965	otu002333	77.108	249	39	16	14	253	574	813	3.21e-30	128
Seq_3966	otu004573	78.571	238	41	10	14	246	536	768	2.45e-36	148
Seq_3967	otu004573	78.571	238	41	10	14	246	536	768	2.45e-36	148
Seq_3968	otu004071	76.349	241	55	2	14	253	490	729	3.19e-30	128
Seq_3969	otu000845	75.630	238	53	5	12	247	535	769	8.98e-26	113
Seq_3970	otu004124	78.750	240	37	14	14	246	557	789	2.45e-36	148
Seq_3971	otu004124	76.543	243	37	17	14	246	557	789	2.49e-26	115
Seq_3973	otu003838	74.583	240	53	8	14	249	533	768	2.50e-21	99.0
Seq_3974	otu001528	75.424	236	51	7	14	246	535	766	4.16e-24	108
Seq_3975	otu002333	75.620	242	47	10	14	249	574	809	1.16e-24	110
Seq_3976	otu000169	74.694	245	52	6	14	253	487	726	6.96e-22	100
Seq_3977	otu003528	75.833	240	43	15	14	246	541	772	4.16e-24	108
Seq_3978	otu004252	76.132	243	39	19	14	246	539	772	1.16e-24	110
Seq_3980	otu000822	76.016	246	44	14	12	250	519	756	8.98e-26	113
Seq_3981	otu002517	75.820	244	51	4	14	253	490	729	6.91e-27	117
Seq_3982	otu001528	75.519	241	42	14	14	246	535	766	1.94e-22	102
Seq_3983	otu001528	75.519	241	42	14	14	246	535	766	1.94e-22	102
Seq_3984	otu003449	75.104	241	50	10	14	249	515	750	5.38e-23	104
Seq_3985	otu001528	75.833	240	43	12	14	246	535	766	4.16e-24	108
Seq_3986	otu002333	75.410	244	44	14	14	249	574	809	5.38e-23	104
Seq_3987	otu000628	76.735	245	34	22	14	246	538	771	2.49e-26	115
Seq_3988	otu002333	75.519	241	49	9	14	249	574	809	1.16e-24	110
Seq_3989	otu004072	77.143	245	40	14	14	251	550	785	3.21e-30	128
Seq_3990	otu001528	77.966	236	46	6	14	247	535	766	1.15e-34	143
Seq_3991	otu001528	77.966	236	46	6	14	247	535	766	1.15e-34	143
Seq_3992	otu001528	77.542	236	47	6	14	247	535	766	5.33e-33	137
Seq_3993	otu002333	78.367	245	39	12	12	249	572	809	8.81e-36	147
Seq_3995	otu002109	77.178	241	44	10	12	246	534	769	8.88e-31	130
Seq_3996	otu002333	77.143	245	42	12	12	249	572	809	8.88e-31	130
Seq_3997	otu004072	77.328	247	39	17	12	250	548	785	8.88e-31	130
Seq_3998	otu001205	78.696	230	40	9	12	237	536	760	3.17e-35	145
Seq_4000	otu002333	77.869	244	42	11	12	249	572	809	4.10e-34	141
Seq_4001	otu002333	77.459	244	43	11	12	249	572	809	1.91e-32	135
Seq_4002	otu002109	77.586	232	41	10	12	237	534	760	8.88e-31	130
Seq_4003	otu001205	77.632	228	42	9	14	237	538	760	8.88e-31	130
Seq_4004	otu002333	76.327	245	40	16	14	249	574	809	2.49e-26	115
Seq_4005	otu002333	75.417	240	51	8	14	249	574	809	1.16e-24	110
Seq_4006	otu004290	84.058	138	18	4	118	253	613	748	8.88e-31	130
Seq_4007	otu001422	77.406	239	47	6	14	249	518	752	1.91e-32	135
Seq_4008	otu001957	77.872	235	48	4	14	246	543	775	1.14e-34	143
Seq_4009	otu001957	77.021	235	50	4	14	246	543	775	2.47e-31	132
Seq_4010	otu004343	78.151	238	46	5	12	246	503	737	8.81e-36	147
Seq_4011	otu003441	76.170	235	48	8	14	244	497	727	6.91e-27	117
Seq_4012	otu004343	79.832	238	38	8	12	244	503	735	2.43e-41	165
Seq_4013	otu001428	79.352	247	36	14	12	251	535	773	1.14e-39	159
Seq_4014	otu004551	76.419	229	42	12	23	245	541	763	8.94e-26	113
Seq_4015	otu001242	76.016	246	41	15	14	251	577	812	3.24e-25	111
Seq_4016	otu001242	77.733	247	38	13	12	250	575	812	1.92e-32	135
Seq_4017	otu000911	76.423	246	51	7	12	254	541	782	1.15e-29	126
Seq_4018	otu000911	75.304	247	52	8	12	254	541	782	1.16e-24	110
Seq_4019	otu000911	76.016	246	52	7	12	254	541	782	5.37e-28	121
Seq_4020	otu001528	77.872	235	47	5	14	246	535	766	4.10e-34	141
Seq_4021	otu001106	77.406	239	43	11	14	247	531	763	2.48e-31	132
Seq_4022	otu003521	77.500	240	33	18	14	243	553	781	4.15e-29	124
Seq_4024	otu003441	75.417	240	58	1	12	251	495	733	2.50e-26	115
Seq_4027	otu001256	76.327	245	42	16	14	251	512	747	6.97e-27	117
Seq_4040	otu002806	83.529	255	36	6	2	253	535	786	6.58e-62	233
Seq_4041	otu002806	84.646	254	35	4	2	253	535	786	6.53e-67	250
Seq_4042	otu002806	84.252	254	36	4	2	253	535	786	3.04e-65	244
Seq_4043	otu002806	83.399	253	40	2	2	253	535	786	6.58e-62	233
Seq_4044	otu002806	82.609	253	42	2	2	253	535	786	1.42e-58	222
Seq_4045	otu002806	83.594	256	34	8	2	253	535	786	6.58e-62	233
Seq_4046	otu002806	82.353	255	39	6	2	253	535	786	6.62e-57	217
Seq_4047	otu002806	80.709	254	45	4	2	253	535	786	3.10e-50	195
Seq_4048	otu004043	88.142	253	30	0	1	253	524	776	1.78e-82	302
Seq_4049	otu000321	85.490	255	33	4	1	253	526	778	8.39e-71	263
Seq_4050	otu003118	87.109	256	27	6	1	253	522	774	1.79e-77	285
Seq_4051	otu003118	87.008	254	31	2	1	253	522	774	1.79e-77	285
Seq_4052	otu004419	86.957	253	33	0	1	253	523	775	1.79e-77	285
Seq_4053	otu003118	88.538	253	29	0	1	253	522	774	3.82e-84	307
Seq_4054	otu003118	90.514	253	24	0	1	253	522	774	1.75e-92	335
Seq_4055	otu001821	87.747	253	31	0	1	253	523	775	8.27e-81	296
Seq_4056	otu001821	87.747	253	31	0	1	253	523	775	8.27e-81	296
Seq_4057	otu002059	87.747	253	31	0	1	253	520	772	8.27e-81	296
Seq_4058	otu003118	87.451	255	28	4	1	253	522	774	3.85e-79	291
Seq_4059	otu001215	87.795	254	29	2	1	253	523	775	8.27e-81	296
Seq_4060	otu003118	88.933	253	28	0	1	253	522	774	8.21e-86	313
Seq_4061	otu003118	88.976	254	26	2	1	253	522	774	8.21e-86	313
Seq_4062	otu003118	88.583	254	27	2	1	253	522	774	3.82e-84	307
Seq_4063	otu003118	88.583	254	27	2	1	253	522	774	3.82e-84	307
Seq_4064	otu003118	88.976	254	26	2	1	253	522	774	8.21e-86	313
Seq_4065	otu000486	89.723	253	26	0	1	253	527	779	3.79e-89	324
Seq_4066	otu000486	90.119	253	25	0	1	253	527	779	8.15e-91	329
Seq_4067	otu000486	88.933	253	28	0	1	253	527	779	8.21e-86	313
Seq_4068	otu003118	90.514	253	24	0	1	253	522	774	1.75e-92	335
Seq_4069	otu002059	88.583	254	27	2	1	253	520	772	3.82e-84	307
Seq_4070	otu002059	88.189	254	28	2	1	253	520	772	1.78e-82	302
Seq_4071	otu001215	86.614	254	32	2	1	253	523	775	8.33e-76	279
Seq_4072	otu001052	84.646	254	37	2	1	253	520	772	1.82e-67	252
Seq_4073	otu003118	87.891	256	25	6	1	253	522	774	8.27e-81	296
Seq_4074	otu004419	88.142	253	30	0	1	253	523	775	1.78e-82	302
Seq_4075	otu002891	87.352	253	32	0	1	253	522	774	3.85e-79	291
Seq_4076	otu003118	87.795	254	29	2	1	253	522	774	8.27e-81	296
Seq_4077	otu003118	88.189	254	28	2	1	253	522	774	1.78e-82	302
Seq_4078	otu003118	88.142	253	30	0	1	253	522	774	1.78e-82	302
Seq_4079	otu003118	87.402	254	30	2	1	253	522	774	3.85e-79	291
Seq_4080	otu001821	87.059	255	29	3	1	253	523	775	1.79e-77	285
Seq_4081	otu001821	87.008	254	31	2	1	253	523	775	1.79e-77	285
Seq_4082	otu003118	87.352	253	32	0	1	253	522	774	3.85e-79	291
Seq_4083	otu003118	86.220	254	33	2	1	253	522	774	3.88e-74	274
Seq_4084	otu003118	87.352	253	32	0	1	253	522	774	3.85e-79	291
Seq_4085	otu003779	87.938	257	23	8	1	253	520	772	8.27e-81	296
Seq_4086	otu003779	87.938	257	23	8	1	253	520	772	8.27e-81	296
Seq_4087	otu003118	88.538	253	29	0	1	253	522	774	3.82e-84	307
Seq_4088	otu001645	88.933	253	28	0	1	253	522	774	8.21e-86	313
Seq_4089	otu001052	88.627	255	25	4	1	253	520	772	3.82e-84	307
Seq_4090	otu001052	89.453	256	21	6	1	253	520	772	1.77e-87	318
Seq_4091	otu001052	89.063	256	22	6	1	253	520	772	8.21e-86	313
Seq_4092	otu004419	88.976	254	26	2	1	253	523	775	8.21e-86	313
Seq_4093	otu003118	88.142	253	30	0	1	253	522	774	1.78e-82	302
Seq_4094	otu004419	90.514	253	24	0	1	253	523	775	1.75e-92	335
Seq_4095	otu004419	90.514	253	24	0	1	253	523	775	1.75e-92	335
Seq_4096	otu004419	90.514	253	24	0	1	253	523	775	1.75e-92	335
Seq_4097	otu004419	91.304	253	22	0	1	253	523	775	8.10e-96	346
Seq_4098	otu004419	90.157	254	23	2	1	253	523	775	8.15e-91	329
Seq_4099	otu004419	90.514	253	24	0	1	253	523	775	1.75e-92	335
Seq_4100	otu004419	90.119	253	25	0	1	253	523	775	8.15e-91	329
Seq_4101	otu004419	89.764	254	24	2	1	253	523	775	3.79e-89	324
Seq_4102	otu004419	90.157	254	23	2	1	253	523	775	8.15e-91	329
Seq_4103	otu004419	91.700	253	21	0	1	253	523	775	1.74e-97	351
Seq_4104	otu004419	91.304	253	22	0	1	253	523	775	8.10e-96	346
Seq_4105	otu004419	91.700	253	21	0	1	253	523	775	1.74e-97	351
Seq_4106	otu004419	90.909	253	23	0	1	253	523	775	3.77e-94	340
Seq_4107	otu004419	91.304	253	22	0	1	253	523	775	8.10e-96	346
Seq_4108	otu004419	91.304	253	22	0	1	253	523	775	8.10e-96	346
Seq_4109	otu004419	91.700	253	21	0	1	253	523	775	1.74e-97	351
Seq_4110	otu001645	87.747	253	31	0	1	253	522	774	8.27e-81	296
Seq_4111	otu001052	87.938	257	23	8	1	253	520	772	8.27e-81	296
Seq_4112	otu003118	88.142	253	30	0	1	253	522	774	1.78e-82	302
Seq_4113	otu001052	87.843	255	27	4	1	253	520	772	8.27e-81	296
Seq_4114	otu001052	87.843	255	27	4	1	253	520	772	8.27e-81	296
Seq_4115	otu000365	87.795	254	29	2	1	253	519	771	8.27e-81	296
Seq_4116	otu001645	88.538	253	29	0	1	253	522	774	3.82e-84	307
Seq_4117	otu003118	88.933	253	28	0	1	253	522	774	8.21e-86	313
Seq_4118	otu003118	89.328	253	27	0	1	253	522	774	1.77e-87	318
Seq_4119	otu003118	88.933	253	28	0	1	253	522	774	8.21e-86	313
Seq_4120	otu003118	89.723	253	26	0	1	253	522	774	3.79e-89	324
Seq_4121	otu003118	89.328	253	27	0	1	253	522	774	1.77e-87	318
Seq_4122	otu003118	86.957	253	33	0	1	253	522	774	1.79e-77	285
Seq_4123	otu003954	86.957	253	33	0	1	253	531	783	1.79e-77	285
Seq_4124	otu003118	88.933	253	28	0	1	253	522	774	8.21e-86	313
Seq_4125	otu003118	87.352	253	32	0	1	253	522	774	3.85e-79	291
Seq_4126	otu003118	88.538	253	29	0	1	253	522	774	3.82e-84	307
Seq_4127	otu003779	89.020	255	24	4	1	253	520	772	8.21e-86	313
Seq_4128	otu003118	88.933	253	28	0	1	253	522	774	8.21e-86	313
Seq_4129	otu003779	87.747	253	31	0	1	253	520	772	8.27e-81	296
Seq_4130	otu004419	88.142	253	30	0	1	253	523	775	1.78e-82	302
Seq_4131	otu002891	87.352	253	32	0	1	253	522	774	3.85e-79	291
Seq_4132	otu000486	87.747	253	31	0	1	253	527	779	8.27e-81	296
Seq_4133	otu000486	88.142	253	30	0	1	253	527	779	1.78e-82	302
Seq_4134	otu003779	87.402	254	30	2	1	253	520	772	3.85e-79	291
Seq_4135	otu003118	88.538	253	29	0	1	253	522	774	3.82e-84	307
Seq_4136	otu003118	88.538	253	29	0	1	253	522	774	3.82e-84	307
Seq_4137	otu003118	88.933	253	28	0	1	253	522	774	8.21e-86	313
Seq_4138	otu004419	88.933	253	28	0	1	253	523	775	8.21e-86	313
Seq_4139	otu003779	88.538	253	29	0	1	253	520	772	3.82e-84	307
Seq_4140	otu003779	89.328	253	27	0	1	253	520	772	1.77e-87	318
Seq_4141	otu003779	88.976	254	26	2	1	253	520	772	8.21e-86	313
Seq_4142	otu003779	88.538	253	29	0	1	253	520	772	3.82e-84	307
Seq_4143	otu003779	88.583	254	27	2	1	253	520	772	3.82e-84	307
Seq_4144	otu003779	88.538	253	29	0	1	253	520	772	3.82e-84	307
Seq_4145	otu003779	88.933	253	28	0	1	253	520	772	8.21e-86	313
Seq_4146	otu000486	89.328	253	27	0	1	253	527	779	1.77e-87	318
Seq_4147	otu004419	89.328	253	27	0	1	253	523	775	1.77e-87	318
Seq_4148	otu000486	88.538	253	29	0	1	253	527	779	3.82e-84	307
Seq_4149	otu000486	88.538	253	29	0	1	253	527	779	3.82e-84	307
Seq_4150	otu000486	89.328	253	27	0	1	253	527	779	1.77e-87	318
Seq_4151	otu000486	88.933	253	28	0	1	253	527	779	8.21e-86	313
Seq_4152	otu000486	88.933	253	28	0	1	253	527	779	8.21e-86	313
Seq_4153	otu003779	88.142	253	30	0	1	253	520	772	1.78e-82	302
Seq_4154	otu002891	88.142	253	30	0	1	253	522	774	1.78e-82	302
Seq_4155	otu003118	88.538	253	29	0	1	253	522	774	3.82e-84	307
Seq_4156	otu003118	88.933	253	28	0	1	253	522	774	8.21e-86	313
Seq_4157	otu003118	88.538	253	29	0	1	253	522	774	3.82e-84	307
Seq_4158	otu003118	88.933	253	28	0	1	253	522	774	8.21e-86	313
Seq_4159	otu004419	90.514	253	24	0	1	253	523	775	1.75e-92	335
Seq_4160	otu004419	88.538	253	29	0	1	253	523	775	3.82e-84	307
Seq_4161	otu004419	88.538	253	29	0	1	253	523	775	3.82e-84	307
Seq_4162	otu004419	90.196	255	21	3	1	253	523	775	8.15e-91	329
Seq_4163	otu000486	89.328	253	27	0	1	253	527	779	1.77e-87	318
Seq_4164	otu004419	89.412	255	23	3	1	253	523	775	1.77e-87	318
Seq_4165	otu004419	89.412	255	23	3	1	253	523	775	1.77e-87	318
Seq_4166	otu002891	88.933	253	28	0	1	253	522	774	8.21e-86	313
Seq_4167	otu004419	89.804	255	22	4	1	253	523	775	3.79e-89	324
Seq_4168	otu001052	86.275	255	31	4	1	253	520	772	3.88e-74	274
Seq_4169	otu004419	90.588	255	20	4	1	253	523	775	1.75e-92	335
Seq_4170	otu004419	89.764	254	24	2	1	253	523	775	3.79e-89	324
Seq_4171	otu004419	88.976	254	27	1	1	254	523	775	8.25e-86	313
Seq_4172	otu004419	88.976	254	27	1	1	254	523	775	8.25e-86	313
Seq_4173	otu004419	88.583	254	28	1	1	254	523	775	3.84e-84	307
Seq_4174	otu002590	88.976	254	27	1	1	254	520	772	8.25e-86	313
Seq_4175	otu004419	90.157	254	23	2	1	253	523	775	8.15e-91	329
Seq_4176	otu004419	90.119	253	25	0	1	253	523	775	8.15e-91	329
Seq_4177	otu004419	90.909	253	23	0	1	253	523	775	3.77e-94	340
Seq_4178	otu004419	90.514	253	24	0	1	253	523	775	1.75e-92	335
Seq_4179	otu004419	92.520	254	17	2	1	253	523	775	8.04e-101	363
Seq_4180	otu003118	89.328	253	27	0	1	253	522	774	1.77e-87	318
Seq_4181	otu001052	86.719	256	28	6	1	253	520	772	8.33e-76	279
Seq_4182	otu001052	87.843	255	27	4	1	253	520	772	8.27e-81	296
Seq_4183	otu001052	85.882	255	32	4	1	253	520	772	1.80e-72	268
Seq_4184	otu003118	87.795	254	29	2	1	253	522	774	8.27e-81	296
Seq_4185	otu003118	88.583	254	27	2	1	253	522	774	3.82e-84	307
Seq_4186	otu003118	84.375	256	34	4	1	253	522	774	8.45e-66	246
Seq_4187	otu003118	84.766	256	33	5	1	253	522	774	1.82e-67	252
Seq_4188	otu001821	87.795	254	29	2	1	253	523	775	8.27e-81	296
Seq_4189	otu001821	88.583	254	27	2	1	253	523	775	3.82e-84	307
Seq_4190	otu003118	86.220	254	33	2	1	253	522	774	3.88e-74	274
Seq_4191	otu001052	82.677	254	40	4	2	253	521	772	1.42e-58	222
Seq_4192	otu001821	83.730	252	41	0	2	253	524	775	1.41e-63	239
Seq_4193	otu002876	81.890	254	42	3	2	253	521	772	3.08e-55	211
Seq_4194	otu001052	81.818	253	44	2	2	253	521	772	3.08e-55	211
Seq_4195	otu000008	83.984	256	33	8	2	253	526	777	1.41e-63	239
Seq_4196	otu000834	85.317	252	37	0	2	253	528	779	3.02e-70	261
Seq_4197	otu002876	81.890	254	42	3	2	253	521	772	3.08e-55	211
Seq_4198	otu000378	86.822	258	22	12	2	253	523	774	3.00e-75	278
Seq_4199	otu003118	88.235	255	26	4	1	253	522	774	1.78e-82	302
Seq_4200	otu002097	91.732	254	19	2	1	253	523	775	1.74e-97	351
Seq_4201	otu003118	88.142	253	30	0	1	253	522	774	1.78e-82	302
Seq_4202	otu003118	88.142	253	30	0	1	253	522	774	1.78e-82	302
Seq_4203	otu004419	86.561	253	34	0	1	253	523	775	8.33e-76	279
Seq_4204	otu003118	86.561	253	34	0	1	253	522	774	8.33e-76	279
Seq_4205	otu003118	85.375	253	37	0	1	253	522	774	8.39e-71	263
Seq_4206	otu003118	89.328	253	27	0	1	253	522	774	1.77e-87	318
Seq_4207	otu004126	83.203	256	37	6	1	253	527	779	8.51e-61	230
Seq_4208	otu001821	88.142	253	30	0	1	253	523	775	1.78e-82	302
Seq_4209	otu004126	87.500	256	26	6	1	253	527	779	3.85e-79	291
Seq_4210	otu001214	89.328	253	27	0	1	253	522	774	1.77e-87	318
Seq_4211	otu000720	89.328	253	27	0	1	253	528	780	1.77e-87	318
Seq_4212	otu000720	88.142	253	30	0	1	253	528	780	1.78e-82	302
Seq_4213	otu003118	88.976	254	26	2	1	253	522	774	8.21e-86	313
Seq_4214	otu002266	86.381	257	27	8	1	253	521	773	3.88e-74	274
Seq_4215	otu003401	87.302	252	28	4	1	250	526	775	1.79e-77	285
Seq_4216	otu002876	87.059	255	29	4	1	253	520	772	1.79e-77	285
Seq_4217	otu001821	90.945	254	21	2	1	253	523	775	3.77e-94	340
Seq_4218	otu003118	88.538	253	29	0	1	253	522	774	3.82e-84	307
Seq_4219	otu001821	88.976	254	26	2	1	253	523	775	8.21e-86	313
Seq_4220	otu001821	88.933	253	28	0	1	253	523	775	8.21e-86	313
Seq_4221	otu001821	88.933	253	28	0	1	253	523	775	8.21e-86	313
Seq_4222	otu001821	90.514	253	24	0	1	253	523	775	1.75e-92	335
Seq_4223	otu001821	89.764	254	24	2	1	253	523	775	3.79e-89	324
Seq_4224	otu001821	88.976	254	26	2	1	253	523	775	8.21e-86	313
Seq_4225	otu001821	89.370	254	25	2	1	253	523	775	1.77e-87	318
Seq_4226	otu001821	90.945	254	21	2	1	253	523	775	3.77e-94	340
Seq_4227	otu001821	90.157	254	23	2	1	253	523	775	8.15e-91	329
Seq_4228	otu001821	90.945	254	21	2	1	253	523	775	3.77e-94	340
Seq_4229	otu001821	91.700	253	21	0	1	253	523	775	1.74e-97	351
Seq_4230	otu001821	88.933	253	28	0	1	253	523	775	8.21e-86	313
Seq_4231	otu001821	90.551	254	22	2	1	253	523	775	1.75e-92	335
Seq_4232	otu001821	90.551	254	22	2	1	253	523	775	1.75e-92	335
Seq_4233	otu001821	91.339	254	20	2	1	253	523	775	8.10e-96	346
Seq_4234	otu001821	90.945	254	21	2	1	253	523	775	3.77e-94	340
Seq_4235	otu001821	90.514	253	24	0	1	253	523	775	1.75e-92	335
Seq_4236	otu001249	90.514	253	24	0	1	253	523	775	1.75e-92	335
Seq_4237	otu001821	90.157	254	23	2	1	253	523	775	8.15e-91	329
Seq_4238	otu001249	90.514	253	24	0	1	253	523	775	1.75e-92	335
Seq_4239	otu003118	89.328	253	27	0	1	253	522	774	1.77e-87	318
Seq_4240	otu001249	88.933	253	28	0	1	253	523	775	8.21e-86	313
Seq_4241	otu001249	89.328	253	27	0	1	253	523	775	1.77e-87	318
Seq_4242	otu001249	89.328	253	27	0	1	253	523	775	1.77e-87	318
Seq_4243	otu001821	90.514	253	24	0	1	253	523	775	1.75e-92	335
Seq_4244	otu001821	90.945	254	21	2	1	253	523	775	3.77e-94	340
Seq_4245	otu001821	90.551	254	22	2	1	253	523	775	1.75e-92	335
Seq_4246	otu001821	90.551	254	22	2	1	253	523	775	1.75e-92	335
Seq_4247	otu001249	87.795	254	29	2	1	253	523	775	8.27e-81	296
Seq_4248	otu001249	87.747	253	31	0	1	253	523	775	8.27e-81	296
Seq_4249	otu002590	88.142	253	30	0	1	253	520	772	1.78e-82	302
Seq_4250	otu001821	88.235	255	26	4	1	253	523	775	1.78e-82	302
Seq_4251	otu001821	90.514	253	24	0	1	253	523	775	1.75e-92	335
Seq_4252	otu001821	89.723	253	26	0	1	253	523	775	3.79e-89	324
Seq_4253	otu001821	92.095	253	20	0	1	253	523	775	3.74e-99	357
Seq_4254	otu001821	90.119	253	25	0	1	253	523	775	8.15e-91	329
Seq_4255	otu001821	89.020	255	24	4	1	253	523	775	8.21e-86	313
Seq_4256	otu004126	87.451	255	28	4	1	253	527	779	3.85e-79	291
Seq_4257	otu001249	87.747	253	31	0	1	253	523	775	8.27e-81	296
Seq_4258	otu004126	86.719	256	28	6	1	253	527	779	8.33e-76	279
Seq_4259	otu000008	86.220	254	33	2	1	253	525	777	3.88e-74	274
Seq_4260	otu001821	88.189	254	28	2	1	253	523	775	1.78e-82	302
Seq_4261	otu003118	87.938	257	23	8	1	253	522	774	8.27e-81	296
Seq_4262	otu003295	87.891	256	25	6	1	253	523	775	8.27e-81	296
Seq_4263	otu003295	88.281	256	24	6	1	253	523	775	1.78e-82	302
Seq_4264	otu003295	87.795	254	29	2	1	253	523	775	8.27e-81	296
Seq_4265	otu003118	87.352	253	32	0	1	253	522	774	3.85e-79	291
Seq_4266	otu001249	88.142	253	30	0	1	253	523	775	1.78e-82	302
Seq_4267	otu001249	87.747	253	31	0	1	253	523	775	8.27e-81	296
Seq_4268	otu003118	89.328	253	27	0	1	253	522	774	1.77e-87	318
Seq_4269	otu000486	88.538	253	29	0	1	253	527	779	3.82e-84	307
Seq_4270	otu000486	88.538	253	29	0	1	253	527	779	3.82e-84	307
Seq_4271	otu000486	94.071	253	15	0	1	253	527	779	1.72e-107	385
Seq_4272	otu000486	98.419	253	4	0	1	253	527	779	7.76e-126	446
Seq_4273	otu000486	98.024	253	5	0	1	253	527	779	3.61e-124	440
Seq_4274	otu000486	97.628	253	6	0	1	253	527	779	1.68e-122	435
Seq_4275	otu000486	98.024	253	5	0	1	253	527	779	3.61e-124	440
Seq_4276	otu000486	98.024	253	5	0	1	253	527	779	3.61e-124	440
Seq_4277	otu000486	97.628	253	6	0	1	253	527	779	1.68e-122	435
Seq_4278	otu000486	97.233	253	7	0	1	253	527	779	7.82e-121	429
Seq_4279	otu000486	96.443	253	9	0	1	253	527	779	1.69e-117	418
Seq_4280	otu000486	95.652	253	11	0	1	253	527	779	3.66e-114	407
Seq_4281	otu000486	97.233	253	7	0	1	253	527	779	7.82e-121	429
Seq_4282	otu000486	98.814	253	3	0	1	253	527	779	1.67e-127	451
Seq_4283	otu000486	98.419	253	4	0	1	253	527	779	7.76e-126	446
Seq_4284	otu000486	98.024	253	5	0	1	253	527	779	3.61e-124	440
Seq_4285	otu000486	100.000	253	0	0	1	253	527	779	1.66e-132	468
Seq_4286	otu000486	99.605	253	1	0	1	253	527	779	7.71e-131	462
Seq_4287	otu000486	99.605	253	1	0	1	253	527	779	7.71e-131	462
Seq_4288	otu000486	98.419	253	4	0	1	253	527	779	7.76e-126	446
Seq_4289	otu000486	97.628	253	6	0	1	253	527	779	1.68e-122	435
Seq_4290	otu000486	98.024	253	5	0	1	253	527	779	3.61e-124	440
Seq_4291	otu000486	98.419	253	4	0	1	253	527	779	7.76e-126	446
Seq_4292	otu000486	97.628	253	6	0	1	253	527	779	1.68e-122	435
Seq_4293	otu000486	98.024	253	5	0	1	253	527	779	3.61e-124	440
Seq_4294	otu000486	95.257	253	12	0	1	253	527	779	1.70e-112	401
Seq_4295	otu000486	97.233	253	7	0	1	253	527	779	7.82e-121	429
Seq_4296	otu000486	94.862	253	13	0	1	253	527	779	7.93e-111	396
Seq_4297	otu000486	96.443	253	9	0	1	253	527	779	1.69e-117	418
Seq_4298	otu000486	96.443	253	9	0	1	253	527	779	1.69e-117	418
Seq_4299	otu000486	94.071	253	15	0	1	253	527	779	1.72e-107	385
Seq_4300	otu000486	94.862	253	13	0	1	253	527	779	7.93e-111	396
Seq_4301	otu000486	93.676	253	16	0	1	253	527	779	7.98e-106	379
Seq_4302	otu000486	94.071	253	15	0	1	253	527	779	1.72e-107	385
Seq_4303	otu000486	93.281	253	17	0	1	253	527	779	3.71e-104	374
Seq_4304	otu000486	93.281	253	17	0	1	253	527	779	3.71e-104	374
Seq_4305	otu000486	93.281	253	17	0	1	253	527	779	3.71e-104	374
Seq_4306	otu000486	94.466	253	14	0	1	253	527	779	3.69e-109	390
Seq_4307	otu000486	94.466	253	14	0	1	253	527	779	3.69e-109	390
Seq_4308	otu000486	93.676	253	16	0	1	253	527	779	7.98e-106	379
Seq_4309	otu000486	93.676	253	16	0	1	253	527	779	7.98e-106	379
Seq_4310	otu000486	95.257	253	12	0	1	253	527	779	1.70e-112	401
Seq_4311	otu000486	92.885	253	18	0	1	253	527	779	1.73e-102	368
Seq_4312	otu000486	95.257	253	12	0	1	253	527	779	1.70e-112	401
Seq_4313	otu002891	88.538	253	29	0	1	253	522	774	3.82e-84	307
Seq_4314	otu002891	88.933	253	28	0	1	253	522	774	8.21e-86	313
Seq_4315	otu004412	88.583	254	27	2	1	253	532	784	3.82e-84	307
Seq_4316	otu004295	88.538	253	29	0	1	253	526	778	3.82e-84	307
Seq_4317	otu004412	88.538	253	29	0	1	253	532	784	3.82e-84	307
Seq_4318	otu004295	89.723	253	26	0	1	253	526	778	3.79e-89	324
Seq_4319	otu001214	88.933	253	28	0	1	253	522	774	8.21e-86	313
Seq_4320	otu000226	89.328	253	27	0	1	253	527	779	1.77e-87	318
Seq_4321	otu004295	89.723	253	26	0	1	253	526	778	3.79e-89	324
Seq_4322	otu000321	90.551	254	22	2	1	253	526	778	1.75e-92	335
Seq_4323	otu000321	91.304	253	22	0	1	253	526	778	8.10e-96	346
Seq_4324	otu000486	94.466	253	14	0	1	253	527	779	3.69e-109	390
Seq_4325	otu000486	93.676	253	16	0	1	253	527	779	7.98e-106	379
Seq_4326	otu001821	90.909	253	23	0	1	253	523	775	3.77e-94	340
Seq_4327	otu001821	91.700	253	21	0	1	253	523	775	1.74e-97	351
Seq_4328	otu001821	90.909	253	23	0	1	253	523	775	3.77e-94	340
Seq_4329	otu001821	90.514	253	24	0	1	253	523	775	1.75e-92	335
Seq_4330	otu003118	89.370	254	25	2	1	253	522	774	1.77e-87	318
Seq_4331	otu004419	89.328	253	27	0	1	253	523	775	1.77e-87	318
Seq_4332	otu004419	88.583	254	27	2	1	253	523	775	3.82e-84	307
Seq_4333	otu000486	88.281	256	24	5	1	253	527	779	1.78e-82	302
Seq_4334	otu000486	90.909	253	23	0	1	253	527	779	3.77e-94	340
Seq_4335	otu000486	90.909	253	23	0	1	253	527	779	3.77e-94	340
Seq_4336	otu004419	89.328	253	27	0	1	253	523	775	1.77e-87	318
Seq_4337	otu004419	89.723	253	26	0	1	253	523	775	3.79e-89	324
Seq_4338	otu000486	86.220	254	33	2	1	253	527	779	3.88e-74	274
Seq_4339	otu000486	86.614	254	32	2	1	253	527	779	8.33e-76	279
Seq_4340	otu003102	86.561	253	34	0	1	253	523	775	8.33e-76	279
Seq_4341	otu001969	86.220	254	33	2	1	253	523	775	3.88e-74	274
Seq_4342	otu004188	85.882	255	32	4	1	253	526	778	1.80e-72	268
Seq_4343	otu001969	85.827	254	34	2	1	253	523	775	1.80e-72	268
Seq_4344	otu004419	88.933	253	28	0	1	253	523	775	8.21e-86	313
Seq_4345	otu000486	90.909	253	23	0	1	253	527	779	3.77e-94	340
Seq_4346	otu000486	91.700	253	21	0	1	253	527	779	1.74e-97	351
Seq_4347	otu002590	88.627	255	25	4	1	253	520	772	3.82e-84	307
Seq_4348	otu002876	88.627	255	25	2	1	253	520	772	3.82e-84	307
Seq_4349	otu002891	83.137	255	39	4	1	253	522	774	8.51e-61	230
Seq_4350	otu001821	88.976	254	26	2	1	253	523	775	8.21e-86	313
Seq_4351	otu001821	89.804	255	22	4	1	253	523	775	3.79e-89	324
Seq_4352	otu001821	87.402	254	30	2	1	253	523	775	3.85e-79	291
Seq_4353	otu001821	88.189	254	28	2	1	253	523	775	1.78e-82	302
Seq_4354	otu001821	87.402	254	30	2	1	253	523	775	3.85e-79	291
Seq_4355	otu001821	87.008	254	31	2	1	253	523	775	1.79e-77	285
Seq_4356	otu001821	90.196	255	21	4	1	253	523	775	8.15e-91	329
Seq_4357	otu001249	91.700	253	21	0	1	253	523	775	1.74e-97	351
Seq_4358	otu001821	89.723	253	26	0	1	253	523	775	3.79e-89	324
Seq_4359	otu001821	89.370	254	25	2	1	253	523	775	1.77e-87	318
Seq_4360	otu002590	88.933	253	28	0	1	253	520	772	8.21e-86	313
Seq_4361	otu001821	90.157	254	23	2	1	253	523	775	8.15e-91	329
Seq_4362	otu001821	90.551	254	22	2	1	253	523	775	1.75e-92	335
Seq_4363	otu004419	87.843	255	27	4	1	253	523	775	8.27e-81	296
Seq_4364	otu001821	88.933	253	28	0	1	253	523	775	8.21e-86	313
Seq_4365	otu003118	88.538	253	29	0	1	253	522	774	3.82e-84	307
Seq_4366	otu004419	84.980	253	38	0	1	253	523	775	3.90e-69	257
Seq_4367	otu000008	87.795	254	29	2	1	253	525	777	8.27e-81	296
Seq_4368	otu003779	87.352	253	32	0	1	253	520	772	3.85e-79	291
Seq_4369	otu003779	88.933	253	28	0	1	253	520	772	8.21e-86	313
Seq_4370	otu003779	88.538	253	29	0	1	253	520	772	3.82e-84	307
Seq_4371	otu001052	86.328	256	29	6	1	253	520	772	3.88e-74	274
Seq_4372	otu001052	86.275	255	31	4	1	253	520	772	3.88e-74	274
Seq_4373	otu001821	92.095	253	20	0	1	253	523	775	3.74e-99	357
Seq_4374	otu001249	90.119	253	25	0	1	253	523	775	8.15e-91	329
Seq_4375	otu004419	90.945	254	21	2	1	253	523	775	3.77e-94	340
Seq_4376	otu001052	87.451	255	28	4	1	253	520	772	3.85e-79	291
Seq_4377	otu003118	92.490	253	19	0	1	253	522	774	8.04e-101	363
Seq_4378	otu003118	90.514	253	24	0	1	253	522	774	1.75e-92	335
Seq_4379	otu004419	87.352	253	32	0	1	253	523	775	3.85e-79	291
Seq_4380	otu001249	90.909	253	23	0	1	253	523	775	3.77e-94	340
Seq_4381	otu001821	87.352	253	32	0	1	253	523	775	3.85e-79	291
Seq_4382	otu001821	87.008	254	31	2	1	253	523	775	1.79e-77	285
Seq_4383	otu001821	87.008	254	31	2	1	253	523	775	1.79e-77	285
Seq_4384	otu001821	90.514	253	24	0	1	253	523	775	1.75e-92	335
Seq_4385	otu003118	89.723	253	26	0	1	253	522	774	3.79e-89	324
Seq_4386	otu003118	90.157	254	23	2	1	253	522	774	8.15e-91	329
Seq_4387	otu004419	90.909	253	23	0	1	253	523	775	3.77e-94	340
Seq_4388	otu003118	91.700	253	21	0	1	253	522	774	1.74e-97	351
Seq_4389	otu004419	90.909	253	23	0	1	253	523	775	3.77e-94	340
Seq_4390	otu004419	92.095	253	20	0	1	253	523	775	3.74e-99	357
Seq_4391	otu004419	91.700	253	21	0	1	253	523	775	1.74e-97	351
Seq_4392	otu003118	90.196	255	22	3	1	254	522	774	8.19e-91	329
Seq_4393	otu001645	91.304	253	22	0	1	253	522	774	8.10e-96	346
Seq_4394	otu001821	88.583	254	27	2	1	253	523	775	3.82e-84	307
Seq_4395	otu001821	89.063	256	22	6	1	253	523	775	8.21e-86	313
Seq_4396	otu001821	88.538	253	29	0	1	253	523	775	3.82e-84	307
Seq_4397	otu001249	88.538	253	29	0	1	253	523	775	3.82e-84	307
Seq_4398	otu001249	88.538	253	29	0	1	253	523	775	3.82e-84	307
Seq_4399	otu003118	88.538	253	29	0	1	253	522	774	3.82e-84	307
Seq_4400	otu001821	89.723	253	26	0	1	253	523	775	3.79e-89	324
Seq_4401	otu003779	88.627	255	25	4	1	253	520	772	3.82e-84	307
Seq_4402	otu003118	90.945	254	21	2	1	253	522	774	3.77e-94	340
Seq_4403	otu003118	91.700	253	21	0	1	253	522	774	1.74e-97	351
Seq_4404	otu003779	92.095	253	20	0	1	253	520	772	3.74e-99	357
Seq_4405	otu003779	91.304	253	22	0	1	253	520	772	8.10e-96	346
Seq_4406	otu003779	92.095	253	20	0	1	253	520	772	3.74e-99	357
Seq_4407	otu003118	90.119	253	25	0	1	253	522	774	8.15e-91	329
Seq_4408	otu003118	90.514	253	24	0	1	253	522	774	1.75e-92	335
Seq_4409	otu003118	90.514	253	24	0	1	253	522	774	1.75e-92	335
Seq_4410	otu003779	91.304	253	22	0	1	253	520	772	8.10e-96	346
Seq_4411	otu003779	90.514	253	24	0	1	253	520	772	1.75e-92	335
Seq_4412	otu004419	89.328	253	27	0	1	253	523	775	1.77e-87	318
Seq_4413	otu004419	89.328	253	27	0	1	253	523	775	1.77e-87	318
Seq_4414	otu004419	89.723	253	26	0	1	253	523	775	3.79e-89	324
Seq_4415	otu004419	91.700	253	21	0	1	253	523	775	1.74e-97	351
Seq_4416	otu004419	88.235	255	26	4	1	253	523	775	1.78e-82	302
Seq_4417	otu004419	90.514	253	24	0	1	253	523	775	1.75e-92	335
Seq_4418	otu003118	89.723	253	26	0	1	253	522	774	3.79e-89	324
Seq_4419	otu003118	88.933	253	28	0	1	253	522	774	8.21e-86	313
Seq_4420	otu003118	89.328	253	27	0	1	253	522	774	1.77e-87	318
Seq_4421	otu003118	88.933	253	28	0	1	253	522	774	8.21e-86	313
Seq_4422	otu004502	94.862	253	13	0	1	253	517	769	7.93e-111	396
Seq_4423	otu004502	96.047	253	10	0	1	253	517	769	7.87e-116	412
Seq_4424	otu004502	95.652	253	11	0	1	253	517	769	3.66e-114	407
Seq_4425	otu000238	96.047	253	10	0	1	253	519	771	7.87e-116	412
Seq_4426	otu000238	94.862	253	13	0	1	253	519	771	7.93e-111	396
Seq_4427	otu000238	98.024	253	5	0	1	253	519	771	3.61e-124	440
Seq_4428	otu000238	96.047	253	10	0	1	253	519	771	7.87e-116	412
Seq_4429	otu004460	94.466	253	14	0	1	253	519	771	3.69e-109	390
Seq_4430	otu000238	95.257	253	12	0	1	253	519	771	1.70e-112	401
Seq_4431	otu004502	96.047	253	10	0	1	253	517	769	7.87e-116	412
Seq_4432	otu004502	94.862	253	13	0	1	253	517	769	7.93e-111	396
Seq_4433	otu004502	95.652	253	11	0	1	253	517	769	3.66e-114	407
Seq_4434	otu004502	97.628	253	6	0	1	253	517	769	1.68e-122	435
Seq_4435	otu001011	97.233	253	7	0	1	253	519	771	7.82e-121	429
Seq_4436	otu004502	97.628	253	6	0	1	253	517	769	1.68e-122	435
Seq_4437	otu002928	99.209	253	2	0	1	253	519	771	3.59e-129	457
Seq_4438	otu002928	99.605	253	1	0	1	253	519	771	7.71e-131	462
Seq_4439	otu002928	99.209	253	2	0	1	253	519	771	3.59e-129	457
Seq_4440	otu000224	96.838	253	8	0	1	253	521	773	3.64e-119	424
Seq_4441	otu004502	99.209	253	2	0	1	253	517	769	3.59e-129	457
Seq_4442	otu004502	98.814	253	3	0	1	253	517	769	1.67e-127	451
Seq_4443	otu004502	98.419	253	4	0	1	253	517	769	7.76e-126	446
Seq_4444	otu001024	99.605	253	1	0	1	253	519	771	7.71e-131	462
Seq_4445	otu001024	99.209	253	2	0	1	253	519	771	3.59e-129	457
Seq_4446	otu002266	98.024	253	5	0	1	253	521	773	3.61e-124	440
Seq_4447	otu002117	97.628	253	6	0	1	253	521	773	1.68e-122	435
Seq_4448	otu004502	95.652	253	11	0	1	253	517	769	3.66e-114	407
Seq_4449	otu004502	97.233	253	7	0	1	253	517	769	7.82e-121	429
Seq_4450	otu003741	98.039	255	1	4	1	253	519	771	3.61e-124	440
Seq_4451	otu001648	96.078	255	6	4	1	253	519	771	7.87e-116	412
Seq_4452	otu004502	98.024	253	5	0	1	253	517	769	3.61e-124	440
Seq_4453	otu004097	98.024	253	5	0	1	253	519	771	3.61e-124	440
Seq_4454	otu004502	97.233	253	7	0	1	253	517	769	7.82e-121	429
Seq_4455	otu004502	95.257	253	12	0	1	253	517	769	1.70e-112	401
Seq_4456	otu004097	95.257	253	12	0	1	253	519	771	1.70e-112	401
Seq_4457	otu000238	95.257	253	12	0	1	253	519	771	1.70e-112	401
Seq_4458	otu000855	96.838	253	8	0	1	253	520	772	3.64e-119	424
Seq_4459	otu000855	96.047	253	10	0	1	253	520	772	7.87e-116	412
Seq_4460	otu000855	96.443	253	9	0	1	253	520	772	1.69e-117	418
Seq_4461	otu002460	98.024	253	5	0	1	253	521	773	3.61e-124	440
Seq_4462	otu002460	98.419	253	4	0	1	253	521	773	7.76e-126	446
Seq_4463	otu003120	82.031	256	38	7	2	253	524	775	3.08e-55	211
Seq_4464	otu003120	82.422	256	37	7	2	253	524	775	6.62e-57	217
Seq_4465	otu001174	83.398	259	31	12	1	253	530	782	8.51e-61	230
Seq_4466	otu001706	82.745	255	38	6	2	253	549	800	1.42e-58	222
Seq_4467	otu001174	82.101	257	38	8	1	253	530	782	8.57e-56	213
Seq_4468	otu001706	82.946	258	32	11	2	253	549	800	1.42e-58	222
Seq_4469	otu001706	83.594	256	34	8	2	253	549	800	6.58e-62	233
Seq_4470	otu001174	83.594	256	36	6	1	253	530	782	1.83e-62	235
Seq_4471	otu001174	82.745	255	40	4	1	253	530	782	3.96e-59	224
Seq_4472	otu001706	84.047	257	31	10	2	253	549	800	1.41e-63	239
Seq_4473	otu001706	83.658	257	32	10	2	253	549	800	6.58e-62	233
Seq_4474	otu001706	83.529	255	36	6	2	253	549	800	6.58e-62	233
Seq_4475	otu001686	83.534	249	38	3	7	253	530	777	8.51e-61	230
Seq_4476	otu001706	83.658	257	32	9	2	253	549	800	6.58e-62	233
Seq_4477	otu001706	83.658	257	32	9	2	253	549	800	6.58e-62	233
Seq_4478	otu001300	80.859	256	43	6	1	253	472	724	8.63e-51	196
Seq_4479	otu001174	81.323	257	40	7	1	253	530	782	1.85e-52	202
Seq_4480	otu003120	81.250	256	40	7	2	253	524	775	6.67e-52	200
Seq_4481	otu001137	87.352	253	32	0	1	253	541	793	3.85e-79	291
Seq_4482	otu000095	90.514	253	22	2	2	253	545	796	6.30e-92	333
Seq_4483	otu004477	84.980	253	38	0	1	253	528	780	3.90e-69	257
Seq_4484	otu002245	85.771	253	36	0	1	253	543	795	1.80e-72	268
Seq_4485	otu002245	85.771	253	36	0	1	253	543	795	1.80e-72	268
Seq_4486	otu002245	86.957	253	33	0	1	253	543	795	1.79e-77	285
Seq_4487	otu002913	86.561	253	34	0	1	253	544	796	8.33e-76	279
Seq_4488	otu002245	88.142	253	30	0	1	253	543	795	1.78e-82	302
Seq_4489	otu002245	86.957	253	33	0	1	253	543	795	1.79e-77	285
Seq_4490	otu002245	88.142	253	30	0	1	253	543	795	1.78e-82	302
Seq_4491	otu000095	87.402	254	28	4	2	253	545	796	1.38e-78	289
Seq_4492	otu000095	86.905	252	33	0	2	253	545	796	6.44e-77	283
Seq_4493	otu000095	87.352	253	30	2	2	253	545	796	1.38e-78	289
Seq_4494	otu000095	88.889	252	28	0	2	253	545	796	2.95e-85	311
Seq_4495	otu000095	91.270	252	22	0	2	253	545	796	2.91e-95	344
Seq_4496	otu000095	90.079	252	25	0	2	253	545	796	2.93e-90	327
Seq_4497	otu004547	89.328	253	27	0	1	253	529	781	1.77e-87	318
Seq_4498	otu004087	88.933	253	28	0	1	253	531	783	8.21e-86	313
Seq_4499	otu000095	89.286	252	27	0	2	253	545	796	6.35e-87	316
Seq_4500	otu000095	89.683	252	26	0	2	253	545	796	1.36e-88	322
Seq_4501	otu000095	90.157	254	21	4	2	253	545	796	2.93e-90	327
Seq_4502	otu000095	87.698	252	31	0	2	253	545	796	2.97e-80	294
Seq_4503	otu000095	88.889	252	28	0	2	253	545	796	2.95e-85	311
Seq_4504	otu000095	88.492	252	29	0	2	253	545	796	1.37e-83	305
Seq_4505	otu000095	85.425	247	36	0	7	253	550	796	3.90e-69	257
Seq_4506	otu003821	85.375	253	37	0	1	253	531	783	8.39e-71	263
Seq_4507	otu001209	84.980	253	38	0	1	253	544	796	3.90e-69	257
Seq_4508	otu000095	88.538	253	27	2	2	253	545	796	1.37e-83	305
Seq_4509	otu000424	89.328	253	27	0	1	253	542	794	1.77e-87	318
Seq_4510	otu000424	88.933	253	28	0	1	253	542	794	8.21e-86	313
Seq_4511	otu001046	88.933	253	28	0	1	253	544	796	8.21e-86	313
Seq_4512	otu000095	88.538	253	27	2	2	253	545	796	1.37e-83	305
Seq_4513	otu000907	88.933	253	28	0	1	253	544	796	8.21e-86	313
Seq_4514	otu001696	89.600	250	22	4	6	253	478	725	2.28e-86	315
Seq_4515	otu004276	100.000	253	0	0	1	253	517	769	1.66e-132	468
Seq_4516	otu000065	99.605	253	1	0	1	253	474	726	7.71e-131	462
Seq_4517	otu002592	98.024	253	5	0	1	253	475	727	3.61e-124	440
Seq_4518	otu004337	98.814	253	3	0	1	253	474	726	1.67e-127	451
Seq_4519	otu004337	98.814	253	3	0	1	253	474	726	1.67e-127	451
Seq_4520	otu004337	98.419	253	4	0	1	253	474	726	7.76e-126	446
Seq_4521	otu001944	96.838	253	8	0	1	253	476	728	3.64e-119	424
Seq_4522	otu000383	99.605	253	1	0	1	253	474	726	7.71e-131	462
Seq_4523	otu000383	96.443	253	9	0	1	253	474	726	1.69e-117	418
Seq_4524	otu001418	99.209	253	2	0	1	253	473	725	3.59e-129	457
Seq_4525	otu001418	100.000	253	0	0	1	253	473	725	1.66e-132	468
Seq_4526	otu001417	100.000	253	0	0	1	253	473	725	1.66e-132	468
Seq_4527	otu001417	98.814	253	3	0	1	253	473	725	1.67e-127	451
Seq_4528	otu003869	97.233	253	7	0	1	253	474	726	7.82e-121	429
Seq_4529	otu003869	92.885	253	18	0	1	253	474	726	1.73e-102	368
Seq_4530	otu001373	92.941	255	14	4	1	253	474	726	1.73e-102	368
Seq_4531	otu002422	96.443	253	9	0	1	253	473	725	1.69e-117	418
Seq_4532	otu002422	98.419	253	4	0	1	253	473	725	7.76e-126	446
Seq_4533	otu002686	98.419	253	4	0	1	253	474	726	7.76e-126	446
Seq_4534	otu002686	98.024	253	5	0	1	253	474	726	3.61e-124	440
Seq_4535	otu003809	98.419	253	4	0	1	253	474	726	7.76e-126	446
Seq_4536	otu002686	99.209	253	2	0	1	253	474	726	3.59e-129	457
Seq_4537	otu002686	99.605	253	1	0	1	253	474	726	7.71e-131	462
Seq_4538	otu002686	97.628	253	6	0	1	253	474	726	1.68e-122	435
Seq_4539	otu003068	98.814	253	3	0	1	253	473	725	1.67e-127	451
Seq_4540	otu003068	99.605	253	1	0	1	253	473	725	7.71e-131	462
Seq_4541	otu003068	98.024	253	5	0	1	253	473	725	3.61e-124	440
Seq_4542	otu001072	100.000	253	0	0	1	253	471	723	1.66e-132	468
Seq_4543	otu003155	100.000	253	0	0	1	253	473	725	1.66e-132	468
Seq_4544	otu002287	97.244	254	5	2	1	253	474	726	7.82e-121	429
Seq_4545	otu003916	96.850	254	7	1	1	253	468	721	3.64e-119	424
Seq_4546	otu003916	97.638	254	5	1	1	253	468	721	1.68e-122	435
Seq_4547	otu003916	97.638	254	5	1	1	253	468	721	1.68e-122	435
Seq_4548	otu003916	98.031	254	4	1	1	253	468	721	3.61e-124	440
Seq_4549	otu001182	94.141	256	9	4	1	253	474	726	1.72e-107	385
Seq_4550	otu001182	93.385	257	9	6	1	253	474	726	3.71e-104	374
Seq_4551	otu001182	92.218	257	12	6	1	253	474	726	3.74e-99	357
Seq_4552	otu001182	93.359	256	11	4	1	253	474	726	3.71e-104	374
Seq_4553	otu000487	97.233	253	7	0	1	253	472	724	7.82e-121	429
Seq_4554	otu000450	97.233	253	7	0	1	253	474	726	7.82e-121	429
Seq_4555	otu000450	97.638	254	4	2	1	253	474	726	1.68e-122	435
Seq_4556	otu000450	97.638	254	4	2	1	253	474	726	1.68e-122	435
Seq_4557	otu000487	96.047	253	10	0	1	253	472	724	7.87e-116	412
Seq_4558	otu000450	97.233	253	7	0	1	253	474	726	7.82e-121	429
Seq_4559	otu000487	98.024	253	5	0	1	253	472	724	3.61e-124	440
Seq_4560	otu000487	98.024	253	5	0	1	253	472	724	3.61e-124	440
Seq_4561	otu000487	96.838	253	8	0	1	253	472	724	3.64e-119	424
Seq_4562	otu000487	96.850	254	6	2	1	253	472	724	3.64e-119	424
Seq_4563	otu000750	86.220	254	33	2	1	253	485	737	3.88e-74	274
Seq_4564	otu000750	85.827	254	34	2	1	253	485	737	1.80e-72	268
Seq_4565	otu000750	86.166	253	35	0	1	253	485	737	3.88e-74	274
Seq_4566	otu000750	86.420	243	33	0	11	253	495	737	6.48e-72	267
Seq_4567	otu002485	85.827	254	34	2	1	253	559	811	1.80e-72	268
Seq_4568	otu000750	86.831	243	32	0	11	253	495	737	1.39e-73	272
Seq_4569	otu003637	87.352	253	32	0	1	253	484	736	3.85e-79	291
Seq_4570	otu000750	86.328	256	29	6	1	253	485	737	3.88e-74	274
Seq_4571	otu000167	86.957	253	33	0	1	253	546	798	1.79e-77	285
Seq_4572	otu000167	87.747	253	31	0	1	253	546	798	8.27e-81	296
Seq_4573	otu000167	87.352	253	32	0	1	253	546	798	3.85e-79	291
Seq_4574	otu001782	85.547	256	31	6	1	253	544	796	8.39e-71	263
Seq_4575	otu000167	85.433	254	35	2	1	253	546	798	8.39e-71	263
Seq_4576	otu004230	86.328	256	29	6	1	253	540	792	3.88e-74	274
Seq_4577	otu000656	86.220	254	33	2	1	253	538	790	3.88e-74	274
Seq_4578	otu001782	86.328	256	29	6	1	253	544	796	3.88e-74	274
Seq_4579	otu000167	87.402	254	30	2	1	253	546	798	3.85e-79	291
Seq_4580	otu000167	87.795	254	29	2	1	253	546	798	8.27e-81	296
Seq_4581	otu001046	88.933	253	28	0	1	253	544	796	8.21e-86	313
Seq_4582	otu001046	87.747	253	31	0	1	253	544	796	8.27e-81	296
Seq_4583	otu001046	86.166	253	35	0	1	253	544	796	3.88e-74	274
Seq_4584	otu001046	87.352	253	32	0	1	253	544	796	3.85e-79	291
Seq_4585	otu001046	87.352	253	32	0	1	253	544	796	3.85e-79	291
Seq_4586	otu001046	88.142	253	30	0	1	253	544	796	1.78e-82	302
Seq_4587	otu001046	89.328	253	27	0	1	253	544	796	1.77e-87	318
Seq_4588	otu002245	87.451	255	28	4	1	253	543	795	3.85e-79	291
Seq_4589	otu001782	88.672	256	23	6	1	253	544	796	3.82e-84	307
Seq_4590	otu001782	89.063	256	22	6	1	253	544	796	8.21e-86	313
Seq_4591	otu002245	87.843	255	27	4	1	253	543	795	8.27e-81	296
Seq_4592	otu001782	87.500	256	26	6	1	253	544	796	3.85e-79	291
Seq_4593	otu001782	87.984	258	21	9	1	253	544	796	8.27e-81	296
Seq_4594	otu001046	88.142	253	30	0	1	253	544	796	1.78e-82	302
Seq_4595	otu001046	87.352	253	32	0	1	253	544	796	3.85e-79	291
Seq_4596	otu001046	86.957	253	33	0	1	253	544	796	1.79e-77	285
Seq_4597	otu001782	88.372	258	20	9	1	253	544	796	1.78e-82	302
Seq_4598	otu002856	89.804	255	22	4	1	253	474	726	3.79e-89	324
Seq_4599	otu002856	89.764	254	24	2	1	253	474	726	3.79e-89	324
Seq_4600	otu002856	88.933	253	28	0	1	253	474	726	8.21e-86	313
Seq_4601	otu001032	88.889	252	28	0	2	253	487	738	2.95e-85	311
Seq_4602	otu001032	89.286	252	27	0	2	253	487	738	6.35e-87	316
Seq_4603	otu003479	90.079	252	25	0	2	253	472	723	2.93e-90	327
Seq_4604	otu003479	88.627	255	25	4	1	253	471	723	3.82e-84	307
Seq_4605	otu003479	88.142	253	30	0	1	253	471	723	1.78e-82	302
Seq_4606	otu004211	85.827	254	34	2	1	253	469	721	1.80e-72	268
Seq_4607	otu004510	84.825	257	31	8	1	253	460	712	1.82e-67	252
Seq_4608	otu002713	90.119	253	25	0	1	253	475	727	8.15e-91	329
Seq_4610	otu001651	79.528	254	50	2	1	253	540	792	8.69e-46	180
Seq_4611	otu001651	79.921	254	49	2	1	253	540	792	1.87e-47	185
Seq_4612	otu000799	83.529	255	38	4	1	253	542	794	1.83e-62	235
Seq_4613	otu004471	87.008	254	31	2	1	253	487	739	1.79e-77	285
Seq_4614	otu004446	84.583	240	37	0	11	250	554	793	1.41e-63	239
Seq_4615	otu003140	84.400	250	37	2	2	250	548	796	3.04e-65	244
Seq_4616	otu004446	83.750	240	39	0	11	250	554	793	3.06e-60	228
Seq_4617	otu004446	83.817	241	37	2	11	250	554	793	3.06e-60	228
Seq_4618	otu003637	83.665	251	39	2	1	250	484	733	1.83e-62	235
Seq_4619	otu004446	83.333	240	40	0	11	250	554	793	1.42e-58	222
Seq_4620	otu000543	90.514	253	24	0	1	253	489	741	1.75e-92	335
Seq_4621	otu000543	88.142	253	30	0	1	253	489	741	1.78e-82	302
Seq_4622	otu003637	86.434	258	25	10	1	253	484	736	3.88e-74	274
Seq_4623	otu002449	87.109	256	27	6	1	253	489	741	1.79e-77	285
Seq_4624	otu001782	85.490	255	33	4	1	253	544	796	8.39e-71	263
Seq_4625	otu001782	86.275	255	31	4	1	253	544	796	3.88e-74	274
Seq_4626	otu004471	87.008	254	31	2	1	253	487	739	1.79e-77	285
Seq_4627	otu003333	89.804	255	22	4	1	253	483	735	3.79e-89	324
Seq_4628	otu003479	89.844	256	20	6	1	253	471	723	3.79e-89	324
Seq_4629	otu004189	90.551	254	22	2	1	253	471	723	1.75e-92	335
Seq_4630	otu003902	91.700	253	19	2	2	253	529	780	6.26e-97	350
Seq_4631	otu000527	94.510	255	10	4	1	253	474	726	3.69e-109	390
Seq_4632	otu001182	94.094	254	13	2	1	253	474	726	1.72e-107	385
Seq_4633	otu000527	98.814	253	3	0	1	253	474	726	1.67e-127	451
Seq_4634	otu000527	98.419	253	4	0	1	253	474	726	7.76e-126	446
Seq_4635	otu000527	99.209	253	2	0	1	253	474	726	3.59e-129	457
Seq_4636	otu000527	99.605	253	1	0	1	253	474	726	7.71e-131	462
Seq_4637	otu000527	99.209	253	2	0	1	253	474	726	3.59e-129	457
Seq_4638	otu000527	98.419	253	4	0	1	253	474	726	7.76e-126	446
Seq_4639	otu000527	100.000	253	0	0	1	253	474	726	1.66e-132	468
Seq_4640	otu000527	98.814	253	3	0	1	253	474	726	1.67e-127	451
Seq_4641	otu000527	96.838	253	8	0	1	253	474	726	3.64e-119	424
Seq_4642	otu000527	98.419	253	4	0	1	253	474	726	7.76e-126	446
Seq_4643	otu000527	96.063	254	8	2	1	253	474	726	7.87e-116	412
Seq_4644	otu000527	96.457	254	7	2	1	253	474	726	1.69e-117	418
Seq_4645	otu001182	93.307	254	15	2	1	253	474	726	3.71e-104	374
Seq_4646	otu000527	92.885	253	18	0	1	253	474	726	1.73e-102	368
Seq_4647	otu001182	92.549	255	15	3	1	253	474	726	8.04e-101	363
Seq_4648	otu001182	97.233	253	7	0	1	253	474	726	7.82e-121	429
Seq_4649	otu001182	98.814	253	3	0	1	253	474	726	1.67e-127	451
Seq_4650	otu001182	99.209	253	2	0	1	253	474	726	3.59e-129	457
Seq_4651	otu001182	99.209	253	2	0	1	253	474	726	3.59e-129	457
Seq_4652	otu001182	98.814	253	3	0	1	253	474	726	1.67e-127	451
Seq_4653	otu001182	98.024	253	5	0	1	253	474	726	3.61e-124	440
Seq_4654	otu001182	96.443	253	9	0	1	253	474	726	1.69e-117	418
Seq_4655	otu001182	96.838	253	8	0	1	253	474	726	3.64e-119	424
Seq_4656	otu001182	95.652	253	11	0	1	253	474	726	3.66e-114	407
Seq_4657	otu001182	94.862	253	13	0	1	253	474	726	7.93e-111	396
Seq_4658	otu000300	90.551	254	22	2	1	253	471	723	1.75e-92	335
Seq_4659	otu004572	90.119	253	25	0	1	253	484	736	8.15e-91	329
Seq_4660	otu004572	94.071	253	15	0	1	253	484	736	1.72e-107	385
Seq_4661	otu004572	89.328	253	27	0	1	253	484	736	1.77e-87	318
Seq_4662	otu004572	89.723	253	26	0	1	253	484	736	3.79e-89	324
Seq_4663	otu000071	93.307	254	15	2	1	253	476	728	3.71e-104	374
Seq_4664	otu003637	91.765	255	17	4	1	253	484	736	1.74e-97	351
Seq_4665	otu002449	91.339	254	20	2	1	253	489	741	8.10e-96	346
Seq_4666	otu003637	89.804	255	22	4	1	253	484	736	3.79e-89	324
Seq_4667	otu003637	92.157	255	16	4	1	253	484	736	3.74e-99	357
Seq_4668	otu003637	91.765	255	17	4	1	253	484	736	1.74e-97	351
Seq_4669	otu003452	92.490	253	19	0	1	253	470	722	8.04e-101	363
Seq_4670	otu003452	92.885	253	18	0	1	253	470	722	1.73e-102	368
Seq_4671	otu000161	92.095	253	20	0	1	253	473	725	3.74e-99	357
Seq_4672	otu000161	91.700	253	21	0	1	253	473	725	1.74e-97	351
Seq_4673	otu001479	83.004	253	43	0	1	253	472	724	8.51e-61	230
Seq_4674	otu001479	84.190	253	40	0	1	253	472	724	8.45e-66	246
Seq_4675	otu002974	83.465	254	40	2	1	253	533	785	1.83e-62	235
Seq_4676	otu003927	81.423	253	47	0	1	253	476	728	3.99e-54	207
Seq_4677	otu003927	81.818	253	46	0	1	253	476	728	8.57e-56	213
Seq_4678	otu001479	85.771	253	36	0	1	253	472	724	1.80e-72	268
Seq_4679	otu003710	85.375	253	37	0	1	253	474	726	8.39e-71	263
Seq_4680	otu002993	86.957	253	33	0	1	253	471	723	1.79e-77	285
Seq_4681	otu003710	88.142	253	30	0	1	253	474	726	1.78e-82	302
Seq_4682	otu003479	87.402	254	30	2	1	253	471	723	3.85e-79	291
Seq_4683	otu002309	89.328	253	27	0	1	253	473	725	1.77e-87	318
Seq_4684	otu003916	85.039	254	37	1	1	253	468	721	3.90e-69	257
Seq_4685	otu003384	83.858	254	39	2	1	253	514	766	3.93e-64	241
Seq_4686	otu002864	90.079	252	25	0	2	253	475	726	2.93e-90	327
Seq_4687	otu002864	93.676	253	16	0	1	253	474	726	7.98e-106	379
Seq_4688	otu000383	91.700	253	21	0	1	253	474	726	1.74e-97	351
Seq_4689	otu002864	94.071	253	15	0	1	253	474	726	1.72e-107	385
Seq_4690	otu003332	92.885	253	18	0	1	253	473	725	1.73e-102	368
Seq_4691	otu003332	92.490	253	19	0	1	253	473	725	8.04e-101	363
Seq_4692	otu000767	96.443	253	9	0	1	253	476	728	1.69e-117	418
Seq_4693	otu003332	97.638	254	4	2	1	253	473	725	1.68e-122	435
Seq_4694	otu003938	98.419	253	4	0	1	253	474	726	7.76e-126	446
Seq_4695	otu003938	97.628	253	6	0	1	253	474	726	1.68e-122	435
Seq_4696	otu001373	99.605	253	1	0	1	253	474	726	7.71e-131	462
Seq_4697	otu000787	100.000	253	0	0	1	253	476	728	1.66e-132	468
Seq_4698	otu000787	98.814	253	3	0	1	253	476	728	1.67e-127	451
Seq_4699	otu003990	99.605	253	1	0	1	253	474	726	7.71e-131	462
Seq_4700	otu003332	100.000	253	0	0	1	253	473	725	1.66e-132	468
Seq_4701	otu003990	100.000	253	0	0	1	253	474	726	1.66e-132	468
Seq_4702	otu003990	98.814	253	3	0	1	253	474	726	1.67e-127	451
Seq_4703	otu000029	100.000	253	0	0	1	253	474	726	1.66e-132	468
Seq_4704	otu000029	99.209	253	2	0	1	253	474	726	3.59e-129	457
Seq_4705	otu000029	88.142	253	28	2	2	253	475	726	6.39e-82	300
Seq_4706	otu000123	86.853	251	26	7	6	253	476	722	3.88e-74	274
Seq_4707	otu003025	91.700	253	21	0	1	253	471	723	1.74e-97	351
Seq_4708	otu003025	90.909	253	23	0	1	253	471	723	3.77e-94	340
Seq_4709	otu001032	89.020	255	25	3	1	254	486	738	8.25e-86	313
Seq_4710	otu002449	88.583	254	28	1	1	254	489	741	3.84e-84	307
Seq_4711	otu001032	89.723	253	26	0	1	253	486	738	3.79e-89	324
Seq_4712	otu001032	90.119	253	25	0	1	253	486	738	8.15e-91	329
Seq_4713	otu003431	89.453	256	21	6	1	253	474	726	1.77e-87	318
Seq_4714	otu000300	98.024	253	5	0	1	253	471	723	3.61e-124	440
Seq_4715	otu000300	91.304	253	22	0	1	253	471	723	8.10e-96	346
Seq_4716	otu000842	92.126	254	18	2	1	253	474	726	3.74e-99	357
Seq_4717	otu000233	100.000	253	0	0	1	253	474	726	1.66e-132	468
Seq_4718	otu002143	99.209	253	2	0	1	253	474	726	3.59e-129	457
Seq_4719	otu002143	98.419	253	4	0	1	253	474	726	7.76e-126	446
Seq_4720	otu002143	100.000	253	0	0	1	253	474	726	1.66e-132	468
Seq_4721	otu002143	99.605	253	1	0	1	253	474	726	7.71e-131	462
Seq_4722	otu002143	99.209	253	2	0	1	253	474	726	3.59e-129	457
Seq_4723	otu002143	99.605	253	1	0	1	253	474	726	7.71e-131	462
Seq_4724	otu002143	98.814	253	3	0	1	253	474	726	1.67e-127	451
Seq_4725	otu002143	98.024	253	5	0	1	253	474	726	3.61e-124	440
Seq_4726	otu002143	98.814	253	3	0	1	253	474	726	1.67e-127	451
Seq_4727	otu002143	98.814	253	3	0	1	253	474	726	1.67e-127	451
Seq_4728	otu000233	99.605	253	1	0	1	253	474	726	7.71e-131	462
Seq_4729	otu000233	98.814	253	3	0	1	253	474	726	1.67e-127	451
Seq_4730	otu000233	98.419	253	4	0	1	253	474	726	7.76e-126	446
Seq_4731	otu000233	99.209	253	2	0	1	253	474	726	3.59e-129	457
Seq_4732	otu000233	99.209	253	2	0	1	253	474	726	3.59e-129	457
Seq_4733	otu002179	99.209	253	2	0	1	253	474	726	3.59e-129	457
Seq_4734	otu000233	99.605	253	1	0	1	253	474	726	7.71e-131	462
Seq_4735	otu002482	100.000	253	0	0	1	253	474	726	1.66e-132	468
Seq_4736	otu004250	98.419	253	4	0	1	253	473	725	7.76e-126	446
Seq_4737	otu000814	98.419	253	4	0	1	253	473	725	7.76e-126	446
Seq_4738	otu001919	100.000	253	0	0	1	253	471	723	1.66e-132	468
Seq_4739	otu000842	98.419	253	4	0	1	253	474	726	7.76e-126	446
Seq_4740	otu000842	99.209	253	2	0	1	253	474	726	3.59e-129	457
Seq_4741	otu000842	98.419	253	4	0	1	253	474	726	7.76e-126	446
Seq_4742	otu000842	98.419	253	4	0	1	253	474	726	7.76e-126	446
Seq_4743	otu000842	98.419	253	4	0	1	253	474	726	7.76e-126	446
Seq_4744	otu002143	97.628	253	6	0	1	253	474	726	1.68e-122	435
Seq_4745	otu002804	96.838	253	8	0	1	253	473	725	3.64e-119	424
Seq_4746	otu003025	96.443	253	9	0	1	253	471	723	1.69e-117	418
Seq_4747	otu003431	96.443	253	9	0	1	253	474	726	1.69e-117	418
Seq_4748	otu004294	94.862	253	13	0	1	253	543	795	7.93e-111	396
Seq_4749	otu002804	95.652	253	11	0	1	253	473	725	3.66e-114	407
Seq_4750	otu002804	97.628	253	6	0	1	253	473	725	1.68e-122	435
Seq_4751	otu000140	100.000	253	0	0	1	253	473	725	1.66e-132	468
Seq_4752	otu000140	96.838	253	8	0	1	253	473	725	3.64e-119	424
Seq_4753	otu002813	92.095	253	20	0	1	253	473	725	3.74e-99	357
Seq_4754	otu002813	92.490	253	19	0	1	253	473	725	8.04e-101	363
Seq_4755	otu002813	92.126	254	18	2	1	253	473	725	3.74e-99	357
Seq_4756	otu002813	91.339	254	20	2	1	253	473	725	8.10e-96	346
Seq_4757	otu004294	91.700	253	21	0	1	253	543	795	1.74e-97	351
Seq_4758	otu004294	92.095	253	20	0	1	253	543	795	3.74e-99	357
Seq_4759	otu000627	89.412	255	23	4	1	253	471	723	1.77e-87	318
Seq_4760	otu002451	94.466	253	14	0	1	253	474	726	3.69e-109	390
Seq_4761	otu002451	96.838	253	8	0	1	253	474	726	3.64e-119	424
Seq_4762	otu002451	100.000	253	0	0	1	253	474	726	1.66e-132	468
Seq_4763	otu002451	96.047	253	10	0	1	253	474	726	7.87e-116	412
Seq_4764	otu002451	94.862	253	13	0	1	253	474	726	7.93e-111	396
Seq_4765	otu002451	96.047	253	10	0	1	253	474	726	7.87e-116	412
Seq_4766	otu000723	98.814	253	3	0	1	253	471	723	1.67e-127	451
Seq_4767	otu000723	98.024	253	5	0	1	253	471	723	3.61e-124	440
Seq_4768	otu002790	90.119	253	25	0	1	253	471	723	8.15e-91	329
Seq_4769	otu002731	98.024	253	5	0	1	253	463	715	3.61e-124	440
Seq_4770	otu004510	98.024	253	5	0	1	253	460	712	3.61e-124	440
Seq_4771	otu002731	98.419	253	4	0	1	253	463	715	7.76e-126	446
Seq_4772	otu004407	100.000	253	0	0	1	253	473	725	1.66e-132	468
Seq_4773	otu004407	98.024	253	5	0	1	253	473	725	3.61e-124	440
Seq_4774	otu004407	96.047	253	10	0	1	253	473	725	7.87e-116	412
Seq_4775	otu004407	96.838	253	8	0	1	253	473	725	3.64e-119	424
Seq_4776	otu004407	95.257	253	12	0	1	253	473	725	1.70e-112	401
Seq_4777	otu001193	100.000	253	0	0	1	253	473	725	1.66e-132	468
Seq_4778	otu001931	96.838	253	8	0	1	253	471	723	3.64e-119	424
Seq_4779	otu001931	96.047	253	10	0	1	253	471	723	7.87e-116	412
Seq_4780	otu001931	94.862	253	13	0	1	253	471	723	7.93e-111	396
Seq_4781	otu001931	94.466	253	14	0	1	253	471	723	3.69e-109	390
Seq_4782	otu004266	97.628	253	6	0	1	253	471	723	1.68e-122	435
Seq_4783	otu003194	96.838	253	8	0	1	253	474	726	3.64e-119	424
Seq_4784	otu003927	99.605	253	1	0	1	253	476	728	7.71e-131	462
Seq_4785	otu003927	100.000	253	0	0	1	253	476	728	1.66e-132	468
Seq_4786	otu000786	96.047	253	10	0	1	253	473	725	7.87e-116	412
Seq_4787	otu000664	100.000	253	0	0	1	253	472	724	1.66e-132	468
Seq_4788	otu000786	95.652	253	11	0	1	253	473	725	3.66e-114	407
Seq_4789	otu000664	95.652	253	11	0	1	253	472	724	3.66e-114	407
Seq_4790	otu004102	94.488	254	12	2	1	253	477	729	3.69e-109	390
Seq_4791	otu000664	94.862	253	13	0	1	253	472	724	7.93e-111	396
Seq_4792	otu000664	96.838	253	8	0	1	253	472	724	3.64e-119	424
Seq_4793	otu000786	96.443	253	9	0	1	253	473	725	1.69e-117	418
Seq_4794	otu004266	100.000	253	0	0	1	253	471	723	1.66e-132	468
Seq_4795	otu004266	96.047	253	10	0	1	253	471	723	7.87e-116	412
Seq_4796	otu003188	99.209	253	2	0	1	253	473	725	3.59e-129	457
Seq_4797	otu003188	98.814	253	3	0	1	253	473	725	1.67e-127	451
Seq_4798	otu002219	100.000	253	0	0	1	253	473	725	1.66e-132	468
Seq_4799	otu002219	99.209	253	2	0	1	253	473	725	3.59e-129	457
Seq_4800	otu002219	99.605	253	1	0	1	253	473	725	7.71e-131	462
Seq_4801	otu002219	99.209	253	2	0	1	253	473	725	3.59e-129	457
Seq_4802	otu002219	98.024	253	5	0	1	253	473	725	3.61e-124	440
Seq_4803	otu003188	100.000	253	0	0	1	253	473	725	1.66e-132	468
Seq_4804	otu001199	100.000	253	0	0	1	253	470	722	1.66e-132	468
Seq_4805	otu001199	99.209	253	2	0	1	253	470	722	3.59e-129	457
Seq_4806	otu001199	98.814	253	3	0	1	253	470	722	1.67e-127	451
Seq_4807	otu001199	99.605	253	1	0	1	253	470	722	7.71e-131	462
Seq_4808	otu001878	99.209	253	2	0	1	253	474	726	3.59e-129	457
Seq_4809	otu000398	98.814	253	3	0	1	253	474	726	1.67e-127	451
Seq_4810	otu000398	98.814	253	3	0	1	253	474	726	1.67e-127	451
Seq_4811	otu000398	98.024	253	5	0	1	253	474	726	3.61e-124	440
Seq_4812	otu000398	95.257	253	12	0	1	253	474	726	1.70e-112	401
Seq_4813	otu003511	94.466	253	14	0	1	253	475	727	3.69e-109	390
Seq_4814	otu001199	95.652	253	11	0	1	253	470	722	3.66e-114	407
Seq_4815	otu003511	100.000	253	0	0	1	253	475	727	1.66e-132	468
Seq_4816	otu001199	95.257	253	12	0	1	253	470	722	1.70e-112	401
Seq_4817	otu003511	96.838	253	8	0	1	253	475	727	3.64e-119	424
Seq_4818	otu003511	96.443	253	9	0	1	253	475	727	1.69e-117	418
Seq_4819	otu003511	96.063	254	9	1	1	254	475	727	7.90e-116	412
Seq_4820	otu001972	95.669	254	10	1	1	254	474	726	3.68e-114	407
Seq_4821	otu003511	96.443	253	9	0	1	253	475	727	1.69e-117	418
Seq_4822	otu003511	96.838	253	8	0	1	253	475	727	3.64e-119	424
Seq_4823	otu001199	96.443	253	9	0	1	253	470	722	1.69e-117	418
Seq_4824	otu004236	94.488	254	13	1	1	254	472	724	3.70e-109	390
Seq_4825	otu001878	94.862	253	13	0	1	253	474	726	7.93e-111	396
Seq_4826	otu003511	94.466	253	14	0	1	253	475	727	3.69e-109	390
Seq_4827	otu001199	94.118	255	11	4	1	253	470	722	1.72e-107	385
Seq_4828	otu002297	95.257	253	12	0	1	253	471	723	1.70e-112	401
Seq_4829	otu002297	95.652	253	11	0	1	253	471	723	3.66e-114	407
Seq_4830	otu002297	95.257	253	12	0	1	253	471	723	1.70e-112	401
Seq_4831	otu001688	95.652	253	11	0	1	253	471	723	3.66e-114	407
Seq_4832	otu001688	96.047	253	10	0	1	253	471	723	7.87e-116	412
Seq_4833	otu001688	95.257	253	12	0	1	253	471	723	1.70e-112	401
Seq_4834	otu000450	95.686	255	7	4	1	253	474	726	3.66e-114	407
Seq_4835	otu000450	94.862	253	13	0	1	253	474	726	7.93e-111	396
Seq_4836	otu003916	94.488	254	13	1	1	253	468	721	3.69e-109	390
Seq_4837	otu000450	94.862	253	13	0	1	253	474	726	7.93e-111	396
Seq_4838	otu000450	94.862	253	13	0	1	253	474	726	7.93e-111	396
Seq_4839	otu000450	93.676	253	16	0	1	253	474	726	7.98e-106	379
Seq_4840	otu000450	93.281	253	17	0	1	253	474	726	3.71e-104	374
Seq_4841	otu000450	94.466	253	14	0	1	253	474	726	3.69e-109	390
Seq_4842	otu002297	94.071	253	15	0	1	253	471	723	1.72e-107	385
Seq_4843	otu003431	96.838	253	8	0	1	253	474	726	3.64e-119	424
Seq_4844	otu000782	98.419	253	4	0	1	253	473	725	7.76e-126	446
Seq_4845	otu000782	98.419	253	4	0	1	253	473	725	7.76e-126	446
Seq_4846	otu003022	96.047	253	10	0	1	253	474	726	7.87e-116	412
Seq_4847	otu002093	98.024	253	5	0	1	253	472	724	3.61e-124	440
Seq_4848	otu004161	98.024	253	5	0	1	253	471	723	3.61e-124	440
Seq_4849	otu000782	97.628	253	6	0	1	253	473	725	1.68e-122	435
Seq_4850	otu003138	96.443	253	9	0	1	253	473	725	1.69e-117	418
Seq_4851	otu003022	97.233	253	7	0	1	253	474	726	7.82e-121	429
Seq_4852	otu003022	96.443	253	9	0	1	253	474	726	1.69e-117	418
Seq_4853	otu003431	96.443	253	9	0	1	253	474	726	1.69e-117	418
Seq_4854	otu002131	96.838	253	8	0	1	253	473	725	3.64e-119	424
Seq_4855	otu004408	96.838	253	8	0	1	253	472	724	3.64e-119	424
Seq_4856	otu003266	98.024	253	5	0	1	253	472	724	3.61e-124	440
Seq_4857	otu000262	99.209	253	2	0	1	253	471	723	3.59e-129	457
Seq_4858	otu000262	98.814	253	3	0	1	253	471	723	1.67e-127	451
Seq_4859	otu000262	100.000	253	0	0	1	253	471	723	1.66e-132	468
Seq_4860	otu000234	99.605	253	1	0	1	253	468	720	7.71e-131	462
Seq_4861	otu004211	100.000	253	0	0	1	253	469	721	1.66e-132	468
Seq_4862	otu001392	99.605	253	1	0	1	253	472	724	7.71e-131	462
Seq_4863	otu002662	100.000	253	0	0	1	253	471	723	1.66e-132	468
Seq_4864	otu004294	99.209	253	2	0	1	253	543	795	3.59e-129	457
Seq_4865	otu003452	99.605	253	1	0	1	253	470	722	7.71e-131	462
Seq_4866	otu003452	98.024	253	5	0	1	253	470	722	3.61e-124	440
Seq_4867	otu000723	94.466	253	14	0	1	253	471	723	3.69e-109	390
Seq_4868	otu000723	90.551	254	22	2	1	253	471	723	1.75e-92	335
Seq_4869	otu001972	90.514	253	24	0	1	253	474	726	1.75e-92	335
Seq_4870	otu001392	99.605	253	1	0	1	253	472	724	7.71e-131	462
Seq_4871	otu001392	100.000	253	0	0	1	253	472	724	1.66e-132	468
Seq_4872	otu000234	100.000	253	0	0	1	253	468	720	1.66e-132	468
Seq_4873	otu002790	98.814	253	3	0	1	253	471	723	1.67e-127	451
Seq_4874	otu002790	97.628	253	6	0	1	253	471	723	1.68e-122	435
Seq_4875	otu002790	97.233	253	7	0	1	253	471	723	7.82e-121	429
Seq_4876	otu001135	100.000	253	0	0	1	253	472	724	1.66e-132	468
Seq_4877	otu000450	98.024	253	5	0	1	253	474	726	3.61e-124	440
Seq_4878	otu004082	97.628	253	6	0	1	253	472	724	1.68e-122	435
Seq_4879	otu003415	97.628	253	6	0	1	253	469	721	1.68e-122	435
Seq_4880	otu004082	98.031	254	4	1	1	254	472	724	3.63e-124	440
Seq_4881	otu004082	99.209	253	2	0	1	253	472	724	3.59e-129	457
Seq_4882	otu003415	99.605	253	1	0	1	253	469	721	7.71e-131	462
Seq_4883	otu003415	98.419	253	4	0	1	253	469	721	7.76e-126	446
Seq_4884	otu003415	98.419	253	4	0	1	253	469	721	7.76e-126	446
Seq_4885	otu004082	96.457	254	7	2	1	253	472	724	1.69e-117	418
Seq_4886	otu002092	96.838	253	8	0	1	253	472	724	3.64e-119	424
Seq_4887	otu002092	96.457	254	7	2	1	253	472	724	1.69e-117	418
Seq_4888	otu002092	96.838	253	8	0	1	253	472	724	3.64e-119	424
Seq_4889	otu002092	98.419	253	4	0	1	253	472	724	7.76e-126	446
Seq_4890	otu002092	98.419	253	4	0	1	253	472	724	7.76e-126	446
Seq_4891	otu002092	98.419	253	4	0	1	253	472	724	7.76e-126	446
Seq_4892	otu002092	99.209	253	2	0	1	253	472	724	3.59e-129	457
Seq_4893	otu002092	98.814	253	3	0	1	253	472	724	1.67e-127	451
Seq_4894	otu002092	97.233	253	7	0	1	253	472	724	7.82e-121	429
Seq_4895	otu004236	94.862	253	13	0	1	253	472	724	7.93e-111	396
Seq_4896	otu004082	93.676	253	16	0	1	253	472	724	7.98e-106	379
Seq_4897	otu004082	94.466	253	14	0	1	253	472	724	3.69e-109	390
Seq_4898	otu002069	97.233	253	7	0	1	253	471	723	7.82e-121	429
Seq_4899	otu000928	98.419	253	4	0	1	253	468	720	7.76e-126	446
Seq_4900	otu002951	94.510	255	10	4	1	253	471	723	3.69e-109	390
Seq_4901	otu000928	100.000	253	0	0	1	253	468	720	1.66e-132	468
Seq_4902	otu003077	98.419	253	4	0	1	253	476	728	7.76e-126	446
Seq_4903	otu003077	98.419	253	4	0	1	253	476	728	7.76e-126	446
Seq_4904	otu001274	99.209	253	2	0	1	253	476	728	3.59e-129	457
Seq_4905	otu001274	99.209	253	2	0	1	253	476	728	3.59e-129	457
Seq_4906	otu001274	99.605	253	1	0	1	253	476	728	7.71e-131	462
Seq_4907	otu002553	99.209	253	2	0	1	253	475	727	3.59e-129	457
Seq_4908	otu002553	98.419	253	4	0	1	253	475	727	7.76e-126	446
Seq_4909	otu003077	100.000	253	0	0	1	253	476	728	1.66e-132	468
Seq_4910	otu003467	100.000	253	0	0	1	253	476	728	1.66e-132	468
Seq_4911	otu003022	96.047	253	10	0	1	253	474	726	7.87e-116	412
Seq_4912	otu004484	96.047	253	10	0	1	253	474	726	7.87e-116	412
Seq_4913	otu002092	96.838	253	8	0	1	253	472	724	3.64e-119	424
Seq_4914	otu003079	98.419	253	4	0	1	253	469	721	7.76e-126	446
Seq_4915	otu003079	98.024	253	5	0	1	253	469	721	3.61e-124	440
Seq_4916	otu003079	98.419	253	4	0	1	253	469	721	7.76e-126	446
Seq_4917	otu004007	98.814	253	3	0	1	253	471	723	1.67e-127	451
Seq_4918	otu004369	97.233	253	7	0	1	253	472	724	7.82e-121	429
Seq_4919	otu004369	95.652	253	11	0	1	253	472	724	3.66e-114	407
Seq_4920	otu004369	96.838	253	8	0	1	253	472	724	3.64e-119	424
Seq_4921	otu004369	97.233	253	7	0	1	253	472	724	7.82e-121	429
Seq_4922	otu004369	100.000	253	0	0	1	253	472	724	1.66e-132	468
Seq_4923	otu004369	98.419	253	4	0	1	253	472	724	7.76e-126	446
Seq_4924	otu004236	98.024	253	5	0	1	253	472	724	3.61e-124	440
Seq_4925	otu004236	99.605	253	1	0	1	253	472	724	7.71e-131	462
Seq_4926	otu004236	100.000	253	0	0	1	253	472	724	1.66e-132	468
Seq_4927	otu001809	94.862	253	13	0	1	253	470	722	7.93e-111	396
Seq_4928	otu003452	94.882	254	11	2	1	253	470	722	7.93e-111	396
Seq_4929	otu004236	94.862	253	13	0	1	253	472	724	7.93e-111	396
Seq_4930	otu002093	93.676	253	16	0	1	253	472	724	7.98e-106	379
Seq_4931	otu000450	96.047	253	10	0	1	253	474	726	7.87e-116	412
Seq_4932	otu002905	98.419	253	4	0	1	253	470	722	7.76e-126	446
Seq_4933	otu001470	97.628	253	6	0	1	253	472	724	1.68e-122	435
Seq_4934	otu000782	97.233	253	7	0	1	253	473	725	7.82e-121	429
Seq_4935	otu000782	99.209	253	2	0	1	253	473	725	3.59e-129	457
Seq_4936	otu000782	96.443	253	9	0	1	253	473	725	1.69e-117	418
Seq_4937	otu002905	98.031	254	3	2	1	253	470	722	3.61e-124	440
Seq_4938	otu000565	85.827	254	32	4	2	253	474	725	6.48e-72	267
Seq_4939	otu000749	84.585	253	37	2	2	253	528	779	6.53e-67	250
Seq_4940	otu000749	84.585	253	37	2	2	253	528	779	6.53e-67	250
Seq_4941	otu000071	87.302	252	32	0	2	253	477	728	1.38e-78	289
Seq_4942	otu001322	89.286	252	27	0	2	253	474	725	6.35e-87	316
Seq_4943	otu002666	88.492	252	29	0	2	253	473	724	1.37e-83	305
Seq_4944	otu002666	90.763	249	21	2	6	253	477	724	2.27e-91	331
Seq_4945	otu002857	88.281	256	24	5	1	253	474	726	1.78e-82	302
Seq_4946	otu002297	89.147	258	18	7	1	253	471	723	8.21e-86	313
Seq_4947	otu001032	89.412	255	23	4	1	253	486	738	1.77e-87	318
Seq_4948	otu000071	89.804	255	22	4	1	253	476	728	3.79e-89	324
Seq_4949	otu001570	90.514	253	24	0	1	253	474	726	1.75e-92	335
Seq_4950	otu001570	89.723	253	26	0	1	253	474	726	3.79e-89	324
Seq_4951	otu002297	89.804	255	22	4	1	253	471	723	3.79e-89	324
Seq_4952	otu002297	90.196	255	21	4	1	253	471	723	8.15e-91	329
Seq_4953	otu001570	88.538	253	29	0	1	253	474	726	3.82e-84	307
Seq_4954	otu002297	89.412	255	23	4	1	253	471	723	1.77e-87	318
Seq_4955	otu002297	90.661	257	16	7	1	253	471	723	1.75e-92	335
Seq_4956	otu002297	90.588	255	20	4	1	253	471	723	1.75e-92	335
Seq_4957	otu001696	91.700	253	21	0	1	253	473	725	1.74e-97	351
Seq_4958	otu004478	89.764	254	24	2	1	253	474	726	3.79e-89	324
Seq_4959	otu001570	89.063	256	22	6	1	253	474	726	8.21e-86	313
Seq_4960	otu001570	88.627	255	25	4	1	253	474	726	3.82e-84	307
Seq_4961	otu004211	88.235	255	26	4	1	253	469	721	1.78e-82	302
Seq_4962	otu004572	91.304	253	22	0	1	253	484	736	8.10e-96	346
Seq_4963	otu004572	91.700	253	21	0	1	253	484	736	1.74e-97	351
Seq_4964	otu002131	91.440	257	14	8	1	253	473	725	8.10e-96	346
Seq_4965	otu004572	90.119	253	25	0	1	253	484	736	8.15e-91	329
Seq_4966	otu000071	92.885	253	18	0	1	253	476	728	1.73e-102	368
Seq_4967	otu000071	97.233	253	7	0	1	253	476	728	7.82e-121	429
Seq_4968	otu002348	100.000	253	0	0	1	253	474	726	1.66e-132	468
Seq_4969	otu001696	100.000	253	0	0	1	253	473	725	1.66e-132	468
Seq_4970	otu001696	96.850	254	6	2	1	253	473	725	3.64e-119	424
Seq_4971	otu002348	88.142	253	30	0	1	253	474	726	1.78e-82	302
Seq_4972	otu003627	87.059	255	29	4	1	253	473	725	1.79e-77	285
Seq_4973	otu002913	87.402	254	30	2	1	253	544	796	3.85e-79	291
Seq_4974	otu003710	88.142	253	30	0	1	253	474	726	1.78e-82	302
Seq_4975	otu002422	87.747	253	31	0	1	253	473	725	8.27e-81	296
Seq_4976	otu002422	85.375	253	37	0	1	253	473	725	8.39e-71	263
Seq_4977	otu002913	87.451	255	28	4	1	253	544	796	3.85e-79	291
Seq_4978	otu002993	88.976	254	26	2	1	253	471	723	8.21e-86	313
Seq_4979	otu003481	88.142	253	30	0	1	253	478	730	1.78e-82	302
Seq_4980	otu003862	90.196	255	21	4	1	253	475	727	8.15e-91	329
Seq_4981	otu000690	90.909	253	23	0	1	253	472	724	3.77e-94	340
Seq_4982	otu003637	91.732	254	19	2	1	253	484	736	1.74e-97	351
Seq_4983	otu003658	90.980	255	19	4	1	253	475	727	3.77e-94	340
Seq_4984	otu003481	93.676	253	16	0	1	253	478	730	7.98e-106	379
Seq_4985	otu003852	93.725	255	12	4	1	253	479	731	7.98e-106	379
Seq_4986	otu001563	95.257	253	12	0	1	253	479	731	1.70e-112	401
Seq_4987	otu001563	96.047	253	10	0	1	253	479	731	7.87e-116	412
Seq_4988	otu003591	93.725	255	12	2	1	253	474	726	7.98e-106	379
Seq_4989	otu003591	94.118	255	11	2	1	253	474	726	1.72e-107	385
Seq_4990	otu003862	91.304	253	22	0	1	253	475	727	8.10e-96	346
Seq_4991	otu003591	90.514	253	24	0	1	253	474	726	1.75e-92	335
Seq_4992	otu001563	91.339	254	20	2	1	253	479	731	8.10e-96	346
Seq_4993	otu001563	93.701	254	14	2	1	253	479	731	7.98e-106	379
Seq_4994	otu001563	93.307	254	15	2	1	253	479	731	3.71e-104	374
Seq_4995	otu003591	94.071	253	15	0	1	253	474	726	1.72e-107	385
Seq_4996	otu003591	94.071	253	15	0	1	253	474	726	1.72e-107	385
Seq_4997	otu003591	94.466	253	14	0	1	253	474	726	3.69e-109	390
Seq_4998	otu003591	94.466	253	14	0	1	253	474	726	3.69e-109	390
Seq_4999	otu003591	93.676	253	16	0	1	253	474	726	7.98e-106	379
Seq_5000	otu003591	96.047	253	10	0	1	253	474	726	7.87e-116	412
Seq_5001	otu001563	95.276	254	10	2	1	253	479	731	1.70e-112	401
Seq_5002	otu003591	94.488	254	12	2	1	253	474	726	3.69e-109	390
Seq_5003	otu003591	94.862	253	13	0	1	253	474	726	7.93e-111	396
Seq_5004	otu001563	93.676	253	16	0	1	253	479	731	7.98e-106	379
Seq_5005	otu001563	93.676	253	16	0	1	253	479	731	7.98e-106	379
Seq_5006	otu003637	98.419	253	4	0	1	253	484	736	7.76e-126	446
Seq_5007	otu001092	99.605	253	1	0	1	253	471	723	7.71e-131	462
Seq_5008	otu001092	100.000	253	0	0	1	253	471	723	1.66e-132	468
Seq_5009	otu001092	98.814	253	3	0	1	253	471	723	1.67e-127	451
Seq_5010	otu001092	98.024	253	5	0	1	253	471	723	3.61e-124	440
Seq_5011	otu001092	98.419	253	4	0	1	253	471	723	7.76e-126	446
Seq_5012	otu001092	99.209	253	2	0	1	253	471	723	3.59e-129	457
Seq_5013	otu002993	96.838	253	8	0	1	253	471	723	3.64e-119	424
Seq_5014	otu003637	97.233	253	7	0	1	253	484	736	7.82e-121	429
Seq_5015	otu003637	96.838	253	8	0	1	253	484	736	3.64e-119	424
Seq_5016	otu001444	96.443	253	9	0	1	253	484	736	1.69e-117	418
Seq_5017	otu003333	92.941	255	14	4	1	253	483	735	1.73e-102	368
Seq_5018	otu003333	95.686	255	7	4	1	253	483	735	3.66e-114	407
Seq_5019	otu003333	96.078	255	6	4	1	253	483	735	7.87e-116	412
Seq_5020	otu004189	98.024	253	5	0	1	253	471	723	3.61e-124	440
Seq_5021	otu002993	98.024	253	5	0	1	253	471	723	3.61e-124	440
Seq_5022	otu002993	98.024	253	5	0	1	253	471	723	3.61e-124	440
Seq_5023	otu002993	97.233	253	7	0	1	253	471	723	7.82e-121	429
Seq_5024	otu002993	97.628	253	6	0	1	253	471	723	1.68e-122	435
Seq_5025	otu002993	90.945	254	21	2	1	253	471	723	3.77e-94	340
Seq_5026	otu002449	88.583	254	27	2	1	253	489	741	3.82e-84	307
Seq_5027	otu003402	90.980	255	21	2	1	253	473	727	1.05e-94	342
Seq_5028	otu003402	90.588	255	22	2	1	253	473	727	4.87e-93	337
Seq_5029	otu003333	92.520	254	17	2	1	253	483	735	8.04e-101	363
Seq_5030	otu002993	94.094	254	13	2	1	253	471	723	1.72e-107	385
Seq_5031	otu001322	92.157	255	16	4	1	253	473	725	3.74e-99	357
Seq_5032	otu002449	91.373	255	18	4	1	253	489	741	8.10e-96	346
Seq_5033	otu002449	91.373	255	18	3	1	253	489	741	8.10e-96	346
Seq_5034	otu002449	91.373	255	18	3	1	253	489	741	8.10e-96	346
Seq_5035	otu003479	91.016	256	15	8	2	253	472	723	1.35e-93	339
Seq_5036	otu001444	92.126	254	18	2	1	253	484	736	3.74e-99	357
Seq_5037	otu003479	92.885	253	18	0	1	253	471	723	1.73e-102	368
Seq_5038	otu004572	90.551	254	22	2	1	253	484	736	1.75e-92	335
Seq_5039	otu003479	90.196	255	21	4	1	253	471	723	8.15e-91	329
Seq_5040	otu004572	90.119	253	25	0	1	253	484	736	8.15e-91	329
Seq_5041	otu004572	90.119	253	25	0	1	253	484	736	8.15e-91	329
Seq_5042	otu004572	90.119	253	25	0	1	253	484	736	8.15e-91	329
Seq_5043	otu004572	89.328	253	27	0	1	253	484	736	1.77e-87	318
Seq_5044	otu004572	91.304	253	22	0	1	253	484	736	8.10e-96	346
Seq_5045	otu002449	91.270	252	22	0	2	253	490	741	2.91e-95	344
Seq_5046	otu002449	92.126	254	18	2	1	253	489	741	3.74e-99	357
Seq_5047	otu002449	92.520	254	17	2	1	253	489	741	8.04e-101	363
Seq_5048	otu002449	92.520	254	17	2	1	253	489	741	8.04e-101	363
Seq_5049	otu003479	91.700	253	21	0	1	253	471	723	1.74e-97	351
Seq_5050	otu002449	92.126	254	18	2	1	253	489	741	3.74e-99	357
Seq_5051	otu003479	90.909	253	23	0	1	253	471	723	3.77e-94	340
Seq_5052	otu002449	92.913	254	16	2	1	253	489	741	1.73e-102	368
Seq_5053	otu002449	92.913	254	16	2	1	253	489	741	1.73e-102	368
Seq_5054	otu002449	93.307	254	15	2	1	253	489	741	3.71e-104	374
Seq_5055	otu002856	90.079	252	25	0	2	253	475	726	2.93e-90	327
Seq_5056	otu002856	88.538	253	27	2	2	253	475	726	1.37e-83	305
Seq_5057	otu002856	89.328	253	25	2	2	253	475	726	6.35e-87	316
Seq_5058	otu002449	93.725	255	12	4	1	253	489	741	7.98e-106	379
Seq_5059	otu001322	95.669	254	9	2	1	253	473	725	3.66e-114	407
Seq_5060	otu003479	98.024	253	5	0	1	253	471	723	3.61e-124	440
Seq_5061	otu003479	98.024	253	5	0	1	253	471	723	3.61e-124	440
Seq_5062	otu003479	98.419	253	4	0	1	253	471	723	7.76e-126	446
Seq_5063	otu003479	96.838	253	8	0	1	253	471	723	3.64e-119	424
Seq_5064	otu003479	96.443	253	9	0	1	253	471	723	1.69e-117	418
Seq_5065	otu003479	88.976	254	26	2	1	253	471	723	8.21e-86	313
Seq_5066	otu002993	89.328	253	27	0	1	253	471	723	1.77e-87	318
Seq_5067	otu002993	88.538	253	29	0	1	253	471	723	3.82e-84	307
Seq_5068	otu002449	91.339	254	20	2	1	253	489	741	8.10e-96	346
Seq_5069	otu002449	92.188	256	14	5	1	253	489	741	3.74e-99	357
Seq_5070	otu003637	90.196	255	21	4	1	253	484	736	8.15e-91	329
Seq_5071	otu004471	90.514	253	24	0	1	253	487	739	1.75e-92	335
Seq_5072	otu002449	91.339	254	20	2	1	253	489	741	8.10e-96	346
Seq_5073	otu003637	90.119	253	25	0	1	253	484	736	8.15e-91	329
Seq_5074	otu004189	88.933	253	28	0	1	253	471	723	8.21e-86	313
Seq_5075	otu003637	92.126	254	19	1	1	254	484	736	3.76e-99	357
Seq_5076	otu003637	90.980	255	20	3	1	254	484	736	3.78e-94	340
Seq_5077	otu001322	90.551	254	23	1	1	254	473	725	1.76e-92	335
Seq_5078	otu000424	87.747	253	31	0	1	253	542	794	8.27e-81	296
Seq_5079	otu000907	91.304	253	22	0	1	253	544	796	8.10e-96	346
Seq_5080	otu002255	90.588	255	20	4	1	253	542	794	1.75e-92	335
Seq_5081	otu002830	91.373	255	18	4	1	253	540	792	8.10e-96	346
Seq_5082	otu002830	91.339	254	20	2	1	253	540	792	8.10e-96	346
Seq_5083	otu001380	88.142	253	30	0	1	253	541	793	1.78e-82	302
Seq_5084	otu001380	87.795	254	29	2	1	253	541	793	8.27e-81	296
Seq_5085	otu002255	96.838	253	8	0	1	253	542	794	3.64e-119	424
Seq_5086	otu001014	97.233	253	7	0	1	253	544	796	7.82e-121	429
Seq_5087	otu002255	96.443	253	9	0	1	253	542	794	1.69e-117	418
Seq_5088	otu003128	92.490	253	19	0	1	253	542	794	8.04e-101	363
Seq_5089	otu003128	92.490	253	19	0	1	253	542	794	8.04e-101	363
Seq_5090	otu004446	97.233	253	7	0	1	253	544	796	7.82e-121	429
Seq_5091	otu004446	96.838	253	8	0	1	253	544	796	3.64e-119	424
Seq_5092	otu004446	96.443	253	9	0	1	253	544	796	1.69e-117	418
Seq_5093	otu004446	96.471	255	5	4	1	253	544	796	1.69e-117	418
Seq_5094	otu001014	97.628	253	6	0	1	253	544	796	1.68e-122	435
Seq_5095	otu001014	97.628	253	6	0	1	253	544	796	1.68e-122	435
Seq_5096	otu001014	98.024	253	5	0	1	253	544	796	3.61e-124	440
Seq_5097	otu001380	96.838	253	8	0	1	253	541	793	3.64e-119	424
Seq_5098	otu000424	96.443	253	9	0	1	253	542	794	1.69e-117	418
Seq_5099	otu000424	96.443	253	9	0	1	253	542	794	1.69e-117	418
Seq_5100	otu000424	96.838	253	8	0	1	253	542	794	3.64e-119	424
Seq_5101	otu001380	96.047	253	10	0	1	253	541	793	7.87e-116	412
Seq_5102	otu001380	96.838	253	8	0	1	253	541	793	3.64e-119	424
Seq_5103	otu001380	96.443	253	9	0	1	253	541	793	1.69e-117	418
Seq_5104	otu000424	96.443	253	9	0	1	253	542	794	1.69e-117	418
Seq_5105	otu001380	97.628	253	6	0	1	253	541	793	1.68e-122	435
Seq_5106	otu003128	96.443	253	9	0	1	253	542	794	1.69e-117	418
Seq_5107	otu001380	97.233	253	7	0	1	253	541	793	7.82e-121	429
Seq_5108	otu001380	98.024	253	5	0	1	253	541	793	3.61e-124	440
Seq_5109	otu001380	97.628	253	6	0	1	253	541	793	1.68e-122	435
Seq_5110	otu001380	97.628	253	6	0	1	253	541	793	1.68e-122	435
Seq_5111	otu003205	99.209	253	2	0	1	253	543	795	3.59e-129	457
Seq_5112	otu004116	99.209	253	2	0	1	253	542	794	3.59e-129	457
Seq_5113	otu001776	100.000	253	0	0	1	253	542	794	1.66e-132	468
Seq_5114	otu004116	100.000	253	0	0	1	253	542	794	1.66e-132	468
Seq_5115	otu003205	99.209	253	2	0	1	253	543	795	3.59e-129	457
Seq_5116	otu003205	99.209	253	2	0	1	253	543	795	3.59e-129	457
Seq_5117	otu003205	98.814	253	3	0	1	253	543	795	1.67e-127	451
Seq_5118	otu003205	98.419	253	4	0	1	253	543	795	7.76e-126	446
Seq_5119	otu001651	96.838	253	8	0	1	253	540	792	3.64e-119	424
Seq_5120	otu003205	98.024	253	5	0	1	253	543	795	3.61e-124	440
Seq_5121	otu003128	98.419	253	4	0	1	253	542	794	7.76e-126	446
Seq_5122	otu003205	97.628	253	6	0	1	253	543	795	1.68e-122	435
Seq_5123	otu001651	97.233	253	7	0	1	253	540	792	7.82e-121	429
Seq_5124	otu001651	96.838	253	8	0	1	253	540	792	3.64e-119	424
Seq_5125	otu000836	99.209	253	2	0	1	253	540	792	3.59e-129	457
Seq_5126	otu000836	98.814	253	3	0	1	253	540	792	1.67e-127	451
Seq_5127	otu000836	97.233	253	7	0	1	253	540	792	7.82e-121	429
Seq_5128	otu000836	96.047	253	10	0	1	253	540	792	7.87e-116	412
Seq_5129	otu001776	96.838	253	8	0	1	253	542	794	3.64e-119	424
Seq_5130	otu003128	96.838	253	8	0	1	253	542	794	3.64e-119	424
Seq_5131	otu001776	98.024	253	5	0	1	253	542	794	3.61e-124	440
Seq_5132	otu001776	97.233	253	7	0	1	253	542	794	7.82e-121	429
Seq_5133	otu000836	96.838	253	8	0	1	253	540	792	3.64e-119	424
Seq_5134	otu000836	100.000	253	0	0	1	253	540	792	1.66e-132	468
Seq_5135	otu000836	98.814	253	3	0	1	253	540	792	1.67e-127	451
Seq_5136	otu000836	98.419	253	4	0	1	253	540	792	7.76e-126	446
Seq_5137	otu000836	99.209	253	2	0	1	253	540	792	3.59e-129	457
Seq_5138	otu000836	99.209	253	2	0	1	253	540	792	3.59e-129	457
Seq_5139	otu000836	98.814	253	3	0	1	253	540	792	1.67e-127	451
Seq_5140	otu000836	99.209	253	2	0	1	253	540	792	3.59e-129	457
Seq_5141	otu000836	98.024	253	5	0	1	253	540	792	3.61e-124	440
Seq_5142	otu000836	97.233	253	7	0	1	253	540	792	7.82e-121	429
Seq_5143	otu000836	98.419	253	4	0	1	253	540	792	7.76e-126	446
Seq_5144	otu000836	99.605	253	1	0	1	253	540	792	7.71e-131	462
Seq_5145	otu000836	98.814	253	3	0	1	253	540	792	1.67e-127	451
Seq_5146	otu000836	99.209	253	2	0	1	253	540	792	3.59e-129	457
Seq_5147	otu000836	99.209	253	2	0	1	253	540	792	3.59e-129	457
Seq_5148	otu001651	97.628	253	6	0	1	253	540	792	1.68e-122	435
Seq_5149	otu000836	97.233	253	7	0	1	253	540	792	7.82e-121	429
Seq_5150	otu000836	96.838	253	8	0	1	253	540	792	3.64e-119	424
Seq_5151	otu001651	97.233	253	7	0	1	253	540	792	7.82e-121	429
Seq_5152	otu001651	98.024	253	5	0	1	253	540	792	3.61e-124	440
Seq_5153	otu001651	98.419	253	4	0	1	253	540	792	7.76e-126	446
Seq_5154	otu001651	100.000	253	0	0	1	253	540	792	1.66e-132	468
Seq_5155	otu001651	98.419	253	4	0	1	253	540	792	7.76e-126	446
Seq_5156	otu000836	98.024	253	5	0	1	253	540	792	3.61e-124	440
Seq_5157	otu000836	97.628	253	6	0	1	253	540	792	1.68e-122	435
Seq_5158	otu000836	97.233	253	7	0	1	253	540	792	7.82e-121	429
Seq_5159	otu000836	98.024	253	5	0	1	253	540	792	3.61e-124	440
Seq_5160	otu000836	97.233	253	7	0	1	253	540	792	7.82e-121	429
Seq_5161	otu000836	97.628	253	6	0	1	253	540	792	1.68e-122	435
Seq_5162	otu000836	97.628	253	6	0	1	253	540	792	1.68e-122	435
Seq_5163	otu000836	96.443	253	9	0	1	253	540	792	1.69e-117	418
Seq_5164	otu000836	98.419	253	4	0	1	253	540	792	7.76e-126	446
Seq_5165	otu001651	98.024	253	5	0	1	253	540	792	3.61e-124	440
Seq_5166	otu001651	98.419	253	4	0	1	253	540	792	7.76e-126	446
Seq_5167	otu001651	98.419	253	4	0	1	253	540	792	7.76e-126	446
Seq_5168	otu001651	98.814	253	3	0	1	253	540	792	1.67e-127	451
Seq_5169	otu001651	97.628	253	6	0	1	253	540	792	1.68e-122	435
Seq_5170	otu001651	98.024	253	5	0	1	253	540	792	3.61e-124	440
Seq_5171	otu001651	97.628	253	6	0	1	253	540	792	1.68e-122	435
Seq_5172	otu001651	97.628	253	6	0	1	253	540	792	1.68e-122	435
Seq_5173	otu003205	96.838	253	8	0	1	253	543	795	3.64e-119	424
Seq_5174	otu003128	96.838	253	8	0	1	253	542	794	3.64e-119	424
Seq_5175	otu003128	98.024	253	5	0	1	253	542	794	3.61e-124	440
Seq_5176	otu003128	97.628	253	6	0	1	253	542	794	1.68e-122	435
Seq_5177	otu003128	96.838	253	8	0	1	253	542	794	3.64e-119	424
Seq_5178	otu003128	96.838	253	8	0	1	253	542	794	3.64e-119	424
Seq_5179	otu003128	97.628	253	6	0	1	253	542	794	1.68e-122	435
Seq_5180	otu003128	97.244	254	5	2	1	253	542	794	7.82e-121	429
Seq_5181	otu000178	96.838	253	8	0	1	253	541	793	3.64e-119	424
Seq_5182	otu000957	84.585	253	37	2	2	253	504	755	6.53e-67	250
Seq_5183	otu000836	86.561	253	32	2	2	253	541	792	3.00e-75	278
Seq_5184	otu004461	94.466	253	14	0	1	253	503	755	3.69e-109	390
Seq_5185	otu000957	92.126	254	18	2	1	253	503	755	3.74e-99	357
Seq_5186	otu004446	86.694	248	31	2	7	253	550	796	3.88e-74	274
Seq_5187	otu000095	92.460	252	19	0	2	253	545	796	2.89e-100	361
Seq_5188	otu000095	93.651	252	16	0	2	253	545	796	2.87e-105	377
Seq_5189	otu000095	90.476	252	24	0	2	253	545	796	6.30e-92	333
Seq_5190	otu003776	90.551	254	22	2	1	253	536	788	1.75e-92	335
Seq_5191	otu000095	90.873	252	23	0	2	253	545	796	1.35e-93	339
Seq_5192	otu000095	90.079	252	25	0	2	253	545	796	2.93e-90	327
Seq_5193	otu000095	90.873	252	23	0	2	253	545	796	1.35e-93	339
Seq_5194	otu001235	90.909	253	23	0	1	253	543	795	3.77e-94	340
Seq_5195	otu003776	90.551	254	22	2	1	253	536	788	1.75e-92	335
Seq_5196	otu002245	90.909	253	23	0	1	253	543	795	3.77e-94	340
Seq_5197	otu001235	91.270	252	22	0	2	253	544	795	2.91e-95	344
Seq_5198	otu002245	88.933	253	28	0	1	253	543	795	8.21e-86	313
Seq_5199	otu004446	90.980	255	20	3	1	254	544	796	3.78e-94	340
Seq_5200	otu004446	90.980	255	20	3	1	254	544	796	3.78e-94	340
Seq_5201	otu002245	90.909	253	23	0	1	253	543	795	3.77e-94	340
Seq_5202	otu000095	91.667	252	21	0	2	253	545	796	6.26e-97	350
Seq_5203	otu002245	87.854	247	30	0	7	253	549	795	3.85e-79	291
Seq_5204	otu002245	87.854	247	30	0	7	253	549	795	3.85e-79	291
Seq_5205	otu002245	90.763	249	19	4	7	253	549	795	8.15e-91	329
Seq_5206	otu002245	89.474	247	26	0	7	253	549	795	8.21e-86	313
Seq_5207	otu002245	89.474	247	26	0	7	253	549	795	8.21e-86	313
Seq_5208	otu002245	89.474	247	26	0	7	253	549	795	8.21e-86	313
Seq_5209	otu002245	89.558	249	22	4	7	253	549	795	8.21e-86	313
Seq_5210	otu002245	89.558	249	22	4	7	253	549	795	8.21e-86	313
Seq_5211	otu002245	88.353	249	25	4	7	253	549	795	8.27e-81	296
Seq_5212	otu002245	89.558	249	22	4	7	253	549	795	8.21e-86	313
Seq_5213	otu002245	91.765	255	17	3	1	253	543	795	1.74e-97	351
Seq_5214	otu001571	96.443	253	9	0	1	253	540	792	1.69e-117	418
Seq_5215	otu001571	96.047	253	10	0	1	253	540	792	7.87e-116	412
Seq_5216	otu001571	92.490	253	19	0	1	253	540	792	8.04e-101	363
Seq_5217	otu001571	94.048	252	15	0	2	253	541	792	6.17e-107	383
Seq_5218	otu001571	96.063	254	8	2	1	253	540	792	7.87e-116	412
Seq_5219	otu001571	95.652	253	11	0	1	253	540	792	3.66e-114	407
Seq_5220	otu001571	94.466	253	14	0	1	253	540	792	3.69e-109	390
Seq_5221	otu001571	94.071	253	15	0	1	253	540	792	1.72e-107	385
Seq_5222	otu001571	92.885	253	18	0	1	253	540	792	1.73e-102	368
Seq_5223	otu001571	92.885	253	18	0	1	253	540	792	1.73e-102	368
Seq_5224	otu001662	92.549	255	15	4	1	253	540	792	8.04e-101	363
Seq_5225	otu001662	92.549	255	15	4	1	253	540	792	8.04e-101	363
Seq_5226	otu001571	92.490	253	19	0	1	253	540	792	8.04e-101	363
Seq_5227	otu001571	92.490	253	19	0	1	253	540	792	8.04e-101	363
Seq_5228	otu001571	94.071	253	15	0	1	253	540	792	1.72e-107	385
Seq_5229	otu001571	92.490	253	19	0	1	253	540	792	8.04e-101	363
Seq_5230	otu001571	92.095	253	20	0	1	253	540	792	3.74e-99	357
Seq_5231	otu001571	92.490	253	19	0	1	253	540	792	8.04e-101	363
Seq_5232	otu001571	90.119	253	25	0	1	253	540	792	8.15e-91	329
Seq_5233	otu001571	88.933	253	28	0	1	253	540	792	8.21e-86	313
Seq_5234	otu001571	89.723	253	26	0	1	253	540	792	3.79e-89	324
Seq_5235	otu001571	89.286	252	27	0	2	253	541	792	6.35e-87	316
Seq_5236	otu001571	90.909	253	23	0	1	253	540	792	3.77e-94	340
Seq_5237	otu001571	88.933	253	28	0	1	253	540	792	8.21e-86	313
Seq_5238	otu001571	89.328	253	27	0	1	253	540	792	1.77e-87	318
Seq_5239	otu001571	89.328	253	27	0	1	253	540	792	1.77e-87	318
Seq_5240	otu001571	90.119	253	25	0	1	253	540	792	8.15e-91	329
Seq_5241	otu001571	90.119	253	25	0	1	253	540	792	8.15e-91	329
Seq_5242	otu001571	89.723	253	26	0	1	253	540	792	3.79e-89	324
Seq_5243	otu001571	92.885	253	18	0	1	253	540	792	1.73e-102	368
Seq_5244	otu001571	92.885	253	18	0	1	253	540	792	1.73e-102	368
Seq_5245	otu001571	92.490	253	19	0	1	253	540	792	8.04e-101	363
Seq_5246	otu001571	92.095	253	20	0	1	253	540	792	3.74e-99	357
Seq_5247	otu001571	91.700	253	21	0	1	253	540	792	1.74e-97	351
Seq_5248	otu001571	91.700	253	21	0	1	253	540	792	1.74e-97	351
Seq_5249	otu001571	91.700	253	21	0	1	253	540	792	1.74e-97	351
Seq_5250	otu001571	90.909	253	23	0	1	253	540	792	3.77e-94	340
Seq_5251	otu001571	90.873	252	23	0	2	253	541	792	1.35e-93	339
Seq_5252	otu001571	93.281	253	17	0	1	253	540	792	3.71e-104	374
Seq_5253	otu001571	94.071	253	15	0	1	253	540	792	1.72e-107	385
Seq_5254	otu001571	93.676	253	16	0	1	253	540	792	7.98e-106	379
Seq_5255	otu001571	93.676	253	16	0	1	253	540	792	7.98e-106	379
Seq_5256	otu001571	93.281	253	17	0	1	253	540	792	3.71e-104	374
Seq_5257	otu001571	89.328	253	27	0	1	253	540	792	1.77e-87	318
Seq_5258	otu001571	96.443	253	9	0	1	253	540	792	1.69e-117	418
Seq_5259	otu001571	92.095	253	20	0	1	253	540	792	3.74e-99	357
Seq_5260	otu001571	94.488	254	12	2	1	253	540	792	3.69e-109	390
Seq_5261	otu001571	93.281	253	17	0	1	253	540	792	3.71e-104	374
Seq_5262	otu001571	93.281	253	17	0	1	253	540	792	3.71e-104	374
Seq_5263	otu001571	93.676	253	16	0	1	253	540	792	7.98e-106	379
Seq_5264	otu001662	91.373	255	18	4	1	253	540	792	8.10e-96	346
Seq_5265	otu001571	92.490	253	19	0	1	253	540	792	8.04e-101	363
Seq_5266	otu001109	90.551	254	22	2	1	253	539	791	1.75e-92	335
Seq_5267	otu001571	88.189	254	28	2	1	253	540	792	1.78e-82	302
Seq_5268	otu003664	88.095	252	30	0	2	253	539	790	6.39e-82	300
Seq_5269	otu003664	90.079	252	25	0	2	253	539	790	2.93e-90	327
Seq_5270	otu003664	90.909	253	23	0	1	253	538	790	3.77e-94	340
Seq_5271	otu003664	91.667	252	21	0	2	253	539	790	6.26e-97	350
Seq_5272	otu000095	88.189	254	28	2	1	253	544	796	1.78e-82	302
Seq_5273	otu000095	89.328	253	27	0	1	253	544	796	1.77e-87	318
Seq_5274	otu003664	89.683	252	26	0	2	253	539	790	1.36e-88	322
Seq_5275	otu001571	89.723	253	26	0	1	253	540	792	3.79e-89	324
Seq_5276	otu004098	89.919	248	22	3	8	253	648	894	6.35e-87	316
Seq_5277	otu000095	87.891	256	25	6	1	253	544	796	8.27e-81	296
Seq_5278	otu003664	88.933	253	26	2	2	253	539	790	2.95e-85	311
Seq_5279	otu001662	89.020	255	24	4	1	253	540	792	8.21e-86	313
Seq_5280	otu001662	89.020	255	24	4	1	253	540	792	8.21e-86	313
Seq_5281	otu001571	87.747	253	31	0	1	253	540	792	8.27e-81	296
Seq_5282	otu001571	88.538	253	29	0	1	253	540	792	3.82e-84	307
Seq_5283	otu002888	92.913	254	16	2	1	253	541	793	1.73e-102	368
Seq_5284	otu002245	90.945	254	21	2	1	253	543	795	3.77e-94	340
Seq_5285	otu001235	93.281	253	17	0	1	253	543	795	3.71e-104	374
Seq_5286	otu002888	91.339	254	20	2	1	253	541	793	8.10e-96	346
Seq_5287	otu003977	90.945	254	21	2	1	253	543	795	3.77e-94	340
Seq_5288	otu003977	90.909	253	23	0	1	253	543	795	3.77e-94	340
Seq_5289	otu001286	91.732	254	19	2	1	253	538	790	1.74e-97	351
Seq_5290	otu003977	88.933	253	28	0	1	253	543	795	8.21e-86	313
Seq_5291	otu003637	90.800	250	20	3	6	254	489	736	2.28e-91	331
Seq_5292	otu001380	89.683	252	26	0	2	253	542	793	1.36e-88	322
Seq_5293	otu000424	90.476	252	24	0	2	253	543	794	6.30e-92	333
Seq_5294	otu002993	89.919	248	25	0	6	253	476	723	4.91e-88	320
Seq_5295	otu002888	88.583	254	25	4	2	253	542	793	1.37e-83	305
Seq_5296	otu002888	89.328	253	25	2	2	253	542	793	6.35e-87	316
Seq_5297	otu003637	90.000	250	21	4	6	253	489	736	4.91e-88	320
Seq_5298	otu002993	90.323	248	24	0	6	253	476	723	1.05e-89	326
Seq_5299	otu003637	90.323	248	24	0	6	253	489	736	1.05e-89	326
Seq_5300	otu003637	90.726	248	23	0	6	253	489	736	2.27e-91	331
Seq_5301	otu003637	90.726	248	23	0	6	253	489	736	2.27e-91	331
Seq_5302	otu002888	89.286	252	27	0	2	253	542	793	6.35e-87	316
Seq_5303	otu003977	90.079	252	25	0	2	253	544	795	2.93e-90	327
Seq_5304	otu001286	90.157	254	21	4	2	253	539	790	2.93e-90	327
Seq_5305	otu002245	88.492	252	29	0	2	253	544	795	1.37e-83	305
Seq_5306	otu001286	88.889	252	28	0	2	253	539	790	2.95e-85	311
Seq_5307	otu003977	88.235	255	26	4	1	253	543	795	1.78e-82	302
Seq_5308	otu003977	89.412	255	23	4	1	253	543	795	1.77e-87	318
Seq_5309	otu001286	87.747	253	31	0	1	253	538	790	8.27e-81	296
Seq_5310	otu001571	90.551	254	20	4	2	253	541	792	6.30e-92	333
Seq_5311	otu001662	89.286	252	27	0	2	253	541	792	6.35e-87	316
Seq_5312	otu003977	89.535	258	17	10	1	253	543	795	1.77e-87	318
Seq_5313	otu004246	89.063	256	22	5	1	253	538	790	8.21e-86	313
Seq_5314	otu001235	94.094	254	13	2	1	253	543	795	1.72e-107	385
Seq_5315	otu001235	92.520	254	17	2	1	253	543	795	8.04e-101	363
Seq_5316	otu002245	86.166	253	35	0	1	253	543	795	3.88e-74	274
Seq_5317	otu004446	88.933	253	28	0	1	253	544	796	8.21e-86	313
Seq_5318	otu003664	93.307	254	13	4	2	253	539	790	1.34e-103	372
Seq_5319	otu003664	93.281	253	17	0	1	253	538	790	3.71e-104	374
Seq_5320	otu003664	93.701	254	14	2	1	253	538	790	7.98e-106	379
Seq_5321	otu000095	86.667	255	28	4	2	253	545	796	3.00e-75	278
Seq_5322	otu000095	88.627	255	23	5	2	253	545	796	1.37e-83	305
Seq_5323	otu002255	88.583	254	28	1	1	254	542	794	3.84e-84	307
Seq_5324	otu000095	88.538	253	28	1	2	254	545	796	1.38e-83	305
Seq_5325	otu001235	88.933	253	28	0	1	253	543	795	8.21e-86	313
Seq_5326	otu000095	90.873	252	23	0	2	253	545	796	1.35e-93	339
Seq_5327	otu002255	90.909	253	23	0	1	253	542	794	3.77e-94	340
Seq_5328	otu000095	98.419	253	4	0	1	253	544	796	7.76e-126	446
Seq_5329	otu000095	98.024	253	5	0	1	253	544	796	3.61e-124	440
Seq_5330	otu000095	97.628	253	6	0	1	253	544	796	1.68e-122	435
Seq_5331	otu000095	92.095	253	20	0	1	253	544	796	3.74e-99	357
Seq_5332	otu000095	98.419	253	4	0	1	253	544	796	7.76e-126	446
Seq_5333	otu000095	99.209	253	2	0	1	253	544	796	3.59e-129	457
Seq_5334	otu000095	99.209	253	2	0	1	253	544	796	3.59e-129	457
Seq_5335	otu000095	91.270	252	22	0	2	253	545	796	2.91e-95	344
Seq_5336	otu000095	86.561	253	32	2	2	253	545	796	3.00e-75	278
Seq_5337	otu004087	86.166	253	35	0	1	253	531	783	3.88e-74	274
Seq_5338	otu003103	88.189	254	28	2	1	253	532	784	1.78e-82	302
Seq_5339	otu003103	88.933	253	28	0	1	253	532	784	8.21e-86	313
Seq_5340	otu003103	88.933	253	28	0	1	253	532	784	8.21e-86	313
Seq_5341	otu000095	92.520	254	18	1	1	254	544	796	8.07e-101	363
Seq_5342	otu000095	91.339	254	21	1	1	254	544	796	8.13e-96	346
Seq_5343	otu000095	90.945	254	22	1	1	254	544	796	3.78e-94	340
Seq_5344	otu000095	90.873	252	23	0	2	253	545	796	1.35e-93	339
Seq_5345	otu000095	90.873	252	23	0	2	253	545	796	1.35e-93	339
Seq_5346	otu003103	89.020	255	22	6	2	253	533	784	2.95e-85	311
Seq_5347	otu000095	89.286	252	27	0	2	253	545	796	6.35e-87	316
Seq_5348	otu000095	88.933	253	26	2	2	253	545	796	2.95e-85	311
Seq_5349	otu000095	89.286	252	27	0	2	253	545	796	6.35e-87	316
Seq_5350	otu000095	85.098	255	32	6	2	253	545	796	1.40e-68	255
Seq_5351	otu004446	90.909	253	23	0	1	253	544	796	3.77e-94	340
Seq_5352	otu000424	88.933	253	26	2	2	253	543	794	2.95e-85	311
Seq_5353	otu000424	88.538	253	27	2	2	253	543	794	1.37e-83	305
Seq_5354	otu000424	88.142	253	28	2	2	253	543	794	6.39e-82	300
Seq_5355	otu000424	88.142	253	28	2	2	253	543	794	6.39e-82	300
Seq_5356	otu002694	94.071	253	15	0	1	253	543	795	1.72e-107	385
Seq_5357	otu002694	95.257	253	12	0	1	253	543	795	1.70e-112	401
Seq_5358	otu002694	94.466	253	14	0	1	253	543	795	3.69e-109	390
Seq_5359	otu002694	94.071	253	15	0	1	253	543	795	1.72e-107	385
Seq_5360	otu002694	94.862	253	13	0	1	253	543	795	7.93e-111	396
Seq_5361	otu002694	94.862	253	13	0	1	253	543	795	7.93e-111	396
Seq_5362	otu002694	94.862	253	13	0	1	253	543	795	7.93e-111	396
Seq_5363	otu002694	94.466	253	14	0	1	253	543	795	3.69e-109	390
Seq_5364	otu002694	93.281	253	17	0	1	253	543	795	3.71e-104	374
Seq_5365	otu002694	94.466	253	14	0	1	253	543	795	3.69e-109	390
Seq_5366	otu002694	95.257	253	12	0	1	253	543	795	1.70e-112	401
Seq_5367	otu002694	95.257	253	12	0	1	253	543	795	1.70e-112	401
Seq_5368	otu002694	94.862	253	13	0	1	253	543	795	7.93e-111	396
Seq_5369	otu002694	94.466	253	14	0	1	253	543	795	3.69e-109	390
Seq_5370	otu002694	94.466	253	14	0	1	253	543	795	3.69e-109	390
Seq_5371	otu002694	94.862	253	13	0	1	253	543	795	7.93e-111	396
Seq_5372	otu002694	94.071	253	15	0	1	253	543	795	1.72e-107	385
Seq_5373	otu002694	93.676	253	16	0	1	253	543	795	7.98e-106	379
Seq_5374	otu002694	92.095	253	20	0	1	253	543	795	3.74e-99	357
Seq_5375	otu002694	91.339	254	20	2	1	253	543	795	8.10e-96	346
Seq_5376	otu002694	93.676	253	16	0	1	253	543	795	7.98e-106	379
Seq_5377	otu002255	89.370	254	25	2	1	253	542	794	1.77e-87	318
Seq_5378	otu002913	88.976	254	26	2	1	253	544	796	8.21e-86	313
Seq_5379	otu002913	89.370	254	25	2	1	253	544	796	1.77e-87	318
Seq_5380	otu002913	88.583	254	27	2	1	253	544	796	3.82e-84	307
Seq_5381	otu002913	89.723	253	26	0	1	253	544	796	3.79e-89	324
Seq_5382	otu002255	89.453	256	21	6	1	253	542	794	1.77e-87	318
Seq_5383	otu004446	88.538	253	29	0	1	253	544	796	3.82e-84	307
Seq_5384	otu004446	87.352	253	32	0	1	253	544	796	3.85e-79	291
Seq_5385	otu002255	87.008	254	31	2	1	253	542	794	1.79e-77	285
Seq_5386	otu002913	87.451	255	28	4	1	253	544	796	3.85e-79	291
Seq_5387	otu002913	88.583	254	27	2	1	253	544	796	3.82e-84	307
Seq_5388	otu002913	88.976	254	26	2	1	253	544	796	8.21e-86	313
Seq_5389	otu002913	89.370	254	25	2	1	253	544	796	1.77e-87	318
Seq_5390	otu002830	88.538	253	29	0	1	253	540	792	3.82e-84	307
Seq_5391	otu002830	88.538	253	29	0	1	253	540	792	3.82e-84	307
Seq_5392	otu002913	88.538	253	29	0	1	253	544	796	3.82e-84	307
Seq_5393	otu004446	87.891	256	25	5	1	253	544	796	8.27e-81	296
Seq_5394	otu001014	94.882	254	11	2	1	253	544	796	7.93e-111	396
Seq_5395	otu001014	94.488	254	12	2	1	253	544	796	3.69e-109	390
Seq_5396	otu002255	94.488	254	12	2	1	253	542	794	3.69e-109	390
Seq_5397	otu004446	88.933	253	28	0	1	253	544	796	8.21e-86	313
Seq_5398	otu004446	92.490	253	19	0	1	253	544	796	8.04e-101	363
Seq_5399	otu002913	92.460	252	19	0	2	253	545	796	2.89e-100	361
Seq_5400	otu002255	91.667	252	21	0	2	253	543	794	6.26e-97	350
Seq_5401	otu001046	90.873	252	23	0	2	253	545	796	1.35e-93	339
Seq_5402	otu001046	90.873	252	23	0	2	253	545	796	1.35e-93	339
Seq_5403	otu001046	91.667	252	21	0	2	253	545	796	6.26e-97	350
Seq_5404	otu002913	95.257	253	12	0	1	253	544	796	1.70e-112	401
Seq_5405	otu002913	95.276	254	10	2	1	253	544	796	1.70e-112	401
Seq_5406	otu001235	91.304	253	22	0	1	253	543	795	8.10e-96	346
Seq_5407	otu001235	91.304	253	22	0	1	253	543	795	8.10e-96	346
Seq_5408	otu001235	91.304	253	22	0	1	253	543	795	8.10e-96	346
Seq_5409	otu000095	91.304	253	20	2	2	253	545	796	2.91e-95	344
Seq_5410	otu000095	90.514	253	22	2	2	253	545	796	6.30e-92	333
Seq_5411	otu001235	89.328	253	27	0	1	253	543	795	1.77e-87	318
Seq_5412	otu001235	89.328	253	27	0	1	253	543	795	1.77e-87	318
Seq_5413	otu002888	88.976	254	26	2	1	253	541	793	8.21e-86	313
Seq_5414	otu001322	85.938	256	30	6	1	253	473	725	1.80e-72	268
Seq_5415	otu003244	88.281	256	24	5	1	253	540	792	1.78e-82	302
Seq_5416	otu003244	87.500	256	26	5	1	253	540	792	3.85e-79	291
Seq_5417	otu001235	88.235	255	26	4	1	253	543	795	1.78e-82	302
Seq_5418	otu003244	87.008	254	31	2	1	253	540	792	1.79e-77	285
Seq_5419	otu003244	87.109	256	27	5	1	253	540	792	1.79e-77	285
Seq_5420	otu001235	88.933	253	28	0	1	253	543	795	8.21e-86	313
Seq_5421	otu001662	87.795	254	27	4	2	253	541	792	2.97e-80	294
Seq_5422	otu003244	87.451	255	28	3	1	253	540	792	3.85e-79	291
Seq_5423	otu003244	87.500	256	26	5	1	253	540	792	3.85e-79	291
Seq_5424	otu001235	87.795	254	29	2	1	253	543	795	8.27e-81	296
Seq_5425	otu001235	88.142	253	30	0	1	253	543	795	1.78e-82	302
Seq_5426	otu001109	83.922	255	35	6	2	253	540	791	1.41e-63	239
Seq_5427	otu001235	84.825	257	31	8	1	253	543	795	1.82e-67	252
Seq_5428	otu001235	87.500	256	26	6	1	253	543	795	3.85e-79	291
Seq_5429	otu004093	84.766	256	31	8	2	253	471	722	6.53e-67	250
Seq_5430	otu003977	84.436	257	32	8	1	253	543	795	8.45e-66	246
Seq_5431	otu004446	84.980	253	38	0	1	253	544	796	3.90e-69	257
Seq_5432	otu002830	84.706	255	35	2	1	253	540	792	1.82e-67	252
Seq_5433	otu003479	82.213	253	45	0	1	253	471	723	1.84e-57	219
Seq_5434	otu003479	83.399	253	42	0	1	253	471	723	1.83e-62	235
Seq_5435	otu003479	83.794	253	41	0	1	253	471	723	3.93e-64	241
Seq_5436	otu003479	82.609	253	44	0	1	253	471	723	3.96e-59	224
Seq_5437	otu001380	82.813	256	38	5	1	253	541	793	3.96e-59	224
Seq_5438	otu004478	82.609	253	44	0	1	253	474	726	3.96e-59	224
Seq_5439	otu004478	81.102	254	46	2	1	253	474	726	1.85e-52	202
Seq_5440	otu004478	82.213	253	45	0	1	253	474	726	1.84e-57	219
Seq_5441	otu001380	82.171	258	36	9	1	253	541	793	8.57e-56	213
Seq_5442	otu001380	81.569	255	43	4	1	253	541	793	3.99e-54	207
Seq_5443	otu003479	81.961	255	42	3	1	253	471	723	8.57e-56	213
Seq_5444	otu002208	82.213	253	45	0	1	253	471	723	1.84e-57	219
Seq_5445	otu001235	92.095	253	20	0	1	253	543	795	3.74e-99	357
Seq_5446	otu001235	90.909	253	23	0	1	253	543	795	3.77e-94	340
Seq_5447	otu001235	91.304	253	22	0	1	253	543	795	8.10e-96	346
Seq_5448	otu001235	91.700	253	21	0	1	253	543	795	1.74e-97	351
Seq_5449	otu003977	90.119	253	25	0	1	253	543	795	8.15e-91	329
Seq_5450	otu001235	92.095	253	20	0	1	253	543	795	3.74e-99	357
Seq_5451	otu001235	92.095	253	20	0	1	253	543	795	3.74e-99	357
Seq_5452	otu001235	96.838	253	8	0	1	253	543	795	3.64e-119	424
Seq_5453	otu001235	96.457	254	7	2	1	253	543	795	1.69e-117	418
Seq_5454	otu001235	96.850	254	6	2	1	253	543	795	3.64e-119	424
Seq_5455	otu001235	95.257	253	12	0	1	253	543	795	1.70e-112	401
Seq_5456	otu001235	93.307	254	15	2	1	253	543	795	3.71e-104	374
Seq_5457	otu001235	92.095	253	20	0	1	253	543	795	3.74e-99	357
Seq_5458	otu001235	91.700	253	21	0	1	253	543	795	1.74e-97	351
Seq_5459	otu000442	91.700	253	21	0	1	253	538	790	1.74e-97	351
Seq_5460	otu000442	91.700	253	21	0	1	253	538	790	1.74e-97	351
Seq_5461	otu001235	90.945	254	21	2	1	253	543	795	3.77e-94	340
Seq_5462	otu001235	92.095	253	20	0	1	253	543	795	3.74e-99	357
Seq_5463	otu001235	91.700	253	21	0	1	253	543	795	1.74e-97	351
Seq_5464	otu003977	90.945	254	21	2	1	253	543	795	3.77e-94	340
Seq_5465	otu003977	92.885	253	18	0	1	253	543	795	1.73e-102	368
Seq_5466	otu003977	91.304	253	22	0	1	253	543	795	8.10e-96	346
Seq_5467	otu003977	92.885	253	18	0	1	253	543	795	1.73e-102	368
Seq_5468	otu003977	92.095	253	20	0	1	253	543	795	3.74e-99	357
Seq_5469	otu001235	92.885	253	18	0	1	253	543	795	1.73e-102	368
Seq_5470	otu003977	93.281	253	17	0	1	253	543	795	3.71e-104	374
Seq_5471	otu000442	92.885	253	18	0	1	253	538	790	1.73e-102	368
Seq_5472	otu001235	95.669	254	9	2	1	253	543	795	3.66e-114	407
Seq_5473	otu001235	95.669	254	9	2	1	253	543	795	3.66e-114	407
Seq_5474	otu001235	93.725	255	12	4	1	253	543	795	7.98e-106	379
Seq_5475	otu001235	93.701	254	14	2	1	253	543	795	7.98e-106	379
Seq_5476	otu001235	94.118	255	11	4	1	253	543	795	1.72e-107	385
Seq_5477	otu003244	98.419	253	4	0	1	253	540	792	7.76e-126	446
Seq_5478	otu004246	94.466	253	14	0	1	253	538	790	3.69e-109	390
Seq_5479	otu004246	94.466	253	14	0	1	253	538	790	3.69e-109	390
Seq_5480	otu001759	93.307	254	15	2	1	253	540	792	3.71e-104	374
Seq_5481	otu004246	95.257	253	12	0	1	253	538	790	1.70e-112	401
Seq_5482	otu004246	96.443	253	9	0	1	253	538	790	1.69e-117	418
Seq_5483	otu004246	96.047	253	10	0	1	253	538	790	7.87e-116	412
Seq_5484	otu001759	95.257	253	12	0	1	253	540	792	1.70e-112	401
Seq_5485	otu001286	94.862	253	13	0	1	253	538	790	7.93e-111	396
Seq_5486	otu001286	94.071	253	15	0	1	253	538	790	1.72e-107	385
Seq_5487	otu004246	94.466	253	14	0	1	253	538	790	3.69e-109	390
Seq_5488	otu002245	93.725	255	12	4	1	253	543	795	7.98e-106	379
Seq_5489	otu002245	93.701	254	14	2	1	253	543	795	7.98e-106	379
Seq_5490	otu002245	93.725	255	12	4	1	253	543	795	7.98e-106	379
Seq_5491	otu002245	90.726	248	21	2	7	253	549	795	8.15e-91	329
Seq_5492	otu002245	91.532	248	19	2	7	253	549	795	3.77e-94	340
Seq_5493	otu002245	91.935	248	18	2	7	253	549	795	8.10e-96	346
Seq_5494	otu002245	91.532	248	19	2	7	253	549	795	3.77e-94	340
Seq_5495	otu002245	91.304	253	22	0	1	253	543	795	8.10e-96	346
Seq_5496	otu002245	90.514	253	24	0	1	253	543	795	1.75e-92	335
Seq_5497	otu002245	91.700	253	21	0	1	253	543	795	1.74e-97	351
Seq_5498	otu002245	91.700	253	21	0	1	253	543	795	1.74e-97	351
Seq_5499	otu002245	92.885	253	18	0	1	253	543	795	1.73e-102	368
Seq_5500	otu002245	91.700	253	21	0	1	253	543	795	1.74e-97	351
Seq_5501	otu003982	87.352	253	32	0	1	253	544	796	3.85e-79	291
Seq_5502	otu001235	91.304	253	22	0	1	253	543	795	8.10e-96	346
Seq_5503	otu002245	89.370	254	25	2	1	253	543	795	1.77e-87	318
Seq_5504	otu003977	90.119	253	25	0	1	253	543	795	8.15e-91	329
Seq_5505	otu001235	90.909	253	23	0	1	253	543	795	3.77e-94	340
Seq_5506	otu000836	90.909	253	23	0	1	253	540	792	3.77e-94	340
Seq_5507	otu000095	90.079	252	25	0	2	253	545	796	2.93e-90	327
Seq_5508	otu000095	89.286	252	27	0	2	253	545	796	6.35e-87	316
Seq_5509	otu003982	91.700	253	21	0	1	253	544	796	1.74e-97	351
Seq_5510	otu003982	92.126	254	18	2	1	253	544	796	3.74e-99	357
Seq_5511	otu003982	94.071	253	15	0	1	253	544	796	1.72e-107	385
Seq_5512	otu003982	93.281	253	17	0	1	253	544	796	3.71e-104	374
Seq_5513	otu003982	92.885	253	18	0	1	253	544	796	1.73e-102	368
Seq_5514	otu003982	93.307	254	15	2	1	253	544	796	3.71e-104	374
Seq_5515	otu003982	95.276	254	10	2	1	253	544	796	1.70e-112	401
Seq_5516	otu001966	84.375	256	37	1	1	256	528	780	2.38e-66	248
Seq_5517	otu003909	83.268	257	38	3	1	256	531	783	2.40e-61	231
Seq_5518	otu003909	82.490	257	40	3	1	256	531	783	5.19e-58	220
Seq_5519	otu003776	84.252	254	38	2	1	253	536	788	8.45e-66	246
Seq_5520	otu002295	85.433	254	35	2	1	253	528	780	8.39e-71	263
Seq_5521	otu002786	85.039	254	36	2	1	253	528	780	3.90e-69	257
Seq_5522	otu004531	86.957	253	33	0	1	253	528	780	1.79e-77	285
Seq_5523	otu004531	86.561	253	34	0	1	253	528	780	8.33e-76	279
Seq_5524	otu000845	83.658	257	34	8	1	253	524	776	1.83e-62	235
Seq_5525	otu002888	84.337	249	37	2	6	253	546	793	1.09e-64	243
Seq_5526	otu003977	80.080	251	44	6	6	253	548	795	2.42e-46	182
Seq_5527	otu003977	80.556	252	41	7	6	253	548	795	5.19e-48	187
Seq_5528	otu004446	90.119	253	25	0	1	253	544	796	8.15e-91	329
Seq_5529	otu004446	90.119	253	25	0	1	253	544	796	8.15e-91	329
Seq_5530	otu004446	90.909	253	23	0	1	253	544	796	3.77e-94	340
Seq_5531	otu004446	90.945	254	21	2	1	253	544	796	3.77e-94	340
Seq_5532	otu002255	90.514	253	24	0	1	253	542	794	1.75e-92	335
Seq_5533	otu004446	90.514	253	24	0	1	253	544	796	1.75e-92	335
Seq_5534	otu004446	91.304	253	22	0	1	253	544	796	8.10e-96	346
Seq_5535	otu004446	90.514	253	24	0	1	253	544	796	1.75e-92	335
Seq_5536	otu004446	91.700	253	21	0	1	253	544	796	1.74e-97	351
Seq_5537	otu004446	91.304	253	22	0	1	253	544	796	8.10e-96	346
Seq_5538	otu004446	88.933	253	28	0	1	253	544	796	8.21e-86	313
Seq_5539	otu004446	91.700	253	21	0	1	253	544	796	1.74e-97	351
Seq_5540	otu003982	90.945	254	21	2	1	253	544	796	3.77e-94	340
Seq_5541	otu004446	89.328	253	27	0	1	253	544	796	1.77e-87	318
Seq_5542	otu004446	90.119	253	25	0	1	253	544	796	8.15e-91	329
Seq_5543	otu004446	90.119	253	25	0	1	253	544	796	8.15e-91	329
Seq_5544	otu004446	90.514	253	24	0	1	253	544	796	1.75e-92	335
Seq_5545	otu003977	87.200	250	32	0	1	250	543	792	1.79e-77	285
Seq_5546	otu003479	85.882	255	30	6	2	253	472	723	6.48e-72	267
Seq_5547	otu003479	85.827	254	32	4	2	253	472	723	6.48e-72	267
Seq_5548	otu003479	86.328	256	27	8	2	253	472	723	1.39e-73	272
Seq_5549	otu004572	84.252	254	36	4	2	253	485	736	3.04e-65	244
Seq_5550	otu004572	85.098	255	32	6	2	253	485	736	1.40e-68	255
Seq_5551	otu003479	87.451	255	26	6	2	253	472	723	1.38e-78	289
Seq_5552	otu000123	86.614	254	30	4	2	253	471	722	3.00e-75	278
Seq_5553	otu003982	95.294	255	8	4	1	253	544	796	1.70e-112	401
Seq_5554	otu003982	94.902	255	9	4	1	253	544	796	7.93e-111	396
Seq_5555	otu003982	94.510	255	10	4	1	253	544	796	3.69e-109	390
Seq_5556	otu003982	94.510	255	10	4	1	253	544	796	3.69e-109	390
Seq_5557	otu003982	94.118	255	11	4	1	253	544	796	1.72e-107	385
Seq_5558	otu003982	94.510	255	10	4	1	253	544	796	3.69e-109	390
Seq_5559	otu003982	94.118	255	11	4	1	253	544	796	1.72e-107	385
Seq_5560	otu003982	93.701	254	14	2	1	253	544	796	7.98e-106	379
Seq_5561	otu003982	93.725	255	12	4	1	253	544	796	7.98e-106	379
Seq_5562	otu003982	93.333	255	13	4	1	253	544	796	3.71e-104	374
Seq_5563	otu003982	94.071	253	15	0	1	253	544	796	1.72e-107	385
Seq_5564	otu003982	93.701	254	14	2	1	253	544	796	7.98e-106	379
Seq_5565	otu003982	94.466	253	14	0	1	253	544	796	3.69e-109	390
Seq_5566	otu003982	93.281	253	17	0	1	253	544	796	3.71e-104	374
Seq_5567	otu003982	94.488	254	12	2	1	253	544	796	3.69e-109	390
Seq_5568	otu003982	94.094	254	13	2	1	253	544	796	1.72e-107	385
Seq_5569	otu003982	94.094	254	13	2	1	253	544	796	1.72e-107	385
Seq_5570	otu003982	94.488	254	12	2	1	253	544	796	3.69e-109	390
Seq_5571	otu003982	94.862	253	13	0	1	253	544	796	7.93e-111	396
Seq_5572	otu003982	94.071	253	15	0	1	253	544	796	1.72e-107	385
Seq_5573	otu003982	94.510	255	10	4	1	253	544	796	3.69e-109	390
Seq_5574	otu003982	94.902	255	9	4	1	253	544	796	7.93e-111	396
Seq_5575	otu003982	95.669	254	9	2	1	253	544	796	3.66e-114	407
Seq_5576	otu003982	96.443	253	9	0	1	253	544	796	1.69e-117	418
Seq_5577	otu003982	95.276	254	10	2	1	253	544	796	1.70e-112	401
Seq_5578	otu003982	95.276	254	10	2	1	253	544	796	1.70e-112	401
Seq_5579	otu003982	95.257	253	12	0	1	253	544	796	1.70e-112	401
Seq_5580	otu003982	95.652	253	11	0	1	253	544	796	3.66e-114	407
Seq_5581	otu003982	95.257	253	12	0	1	253	544	796	1.70e-112	401
Seq_5582	otu003982	95.276	254	10	2	1	253	544	796	1.70e-112	401
Seq_5583	otu003982	95.276	254	10	2	1	253	544	796	1.70e-112	401
Seq_5584	otu003982	94.882	254	11	2	1	253	544	796	7.93e-111	396
Seq_5585	otu003982	96.078	255	6	4	1	253	544	796	7.87e-116	412
Seq_5586	otu003982	95.686	255	7	4	1	253	544	796	3.66e-114	407
Seq_5587	otu003982	95.669	254	9	2	1	253	544	796	3.66e-114	407
Seq_5588	otu003982	94.882	254	11	2	1	253	544	796	7.93e-111	396
Seq_5589	otu003982	94.071	253	15	0	1	253	544	796	1.72e-107	385
Seq_5590	otu003982	95.276	254	10	2	1	253	544	796	1.70e-112	401
Seq_5591	otu003982	94.488	254	12	2	1	253	544	796	3.69e-109	390
Seq_5592	otu003982	94.118	255	11	4	1	253	544	796	1.72e-107	385
Seq_5593	otu003982	94.902	255	9	4	1	253	544	796	7.93e-111	396
Seq_5594	otu003982	96.078	255	6	4	1	253	544	796	7.87e-116	412
Seq_5595	otu003982	94.488	254	12	2	1	253	544	796	3.69e-109	390
Seq_5596	otu003982	93.281	253	17	0	1	253	544	796	3.71e-104	374
Seq_5597	otu003982	93.307	254	15	2	1	253	544	796	3.71e-104	374
Seq_5598	otu003982	96.443	253	9	0	1	253	544	796	1.69e-117	418
Seq_5599	otu003982	95.652	253	11	0	1	253	544	796	3.66e-114	407
Seq_5600	otu003982	95.257	253	12	0	1	253	544	796	1.70e-112	401
Seq_5601	otu003982	96.047	253	10	0	1	253	544	796	7.87e-116	412
Seq_5602	otu003982	95.652	253	11	0	1	253	544	796	3.66e-114	407
Seq_5603	otu003982	95.652	253	11	0	1	253	544	796	3.66e-114	407
Seq_5604	otu003982	95.257	253	12	0	1	253	544	796	1.70e-112	401
Seq_5605	otu003982	96.047	253	10	0	1	253	544	796	7.87e-116	412
Seq_5606	otu003982	96.047	253	10	0	1	253	544	796	7.87e-116	412
Seq_5607	otu003982	95.257	253	12	0	1	253	544	796	1.70e-112	401
Seq_5608	otu003982	96.047	253	10	0	1	253	544	796	7.87e-116	412
Seq_5609	otu003982	95.652	253	11	0	1	253	544	796	3.66e-114	407
Seq_5610	otu003982	95.257	253	12	0	1	253	544	796	1.70e-112	401
Seq_5611	otu003982	95.652	253	11	0	1	253	544	796	3.66e-114	407
Seq_5612	otu003982	95.652	253	11	0	1	253	544	796	3.66e-114	407
Seq_5613	otu003982	94.071	253	15	0	1	253	544	796	1.72e-107	385
Seq_5614	otu003982	95.652	253	11	0	1	253	544	796	3.66e-114	407
Seq_5615	otu003982	95.257	253	12	0	1	253	544	796	1.70e-112	401
Seq_5616	otu003982	95.257	253	12	0	1	253	544	796	1.70e-112	401
Seq_5617	otu003982	95.257	253	12	0	1	253	544	796	1.70e-112	401
Seq_5618	otu003982	94.862	253	13	0	1	253	544	796	7.93e-111	396
Seq_5619	otu003982	95.294	255	8	4	1	253	544	796	1.70e-112	401
Seq_5620	otu003982	94.094	254	13	2	1	253	544	796	1.72e-107	385
Seq_5621	otu003982	95.294	255	8	4	1	253	544	796	1.70e-112	401
Seq_5622	otu003982	96.047	253	10	0	1	253	544	796	7.87e-116	412
Seq_5623	otu003982	95.276	254	10	2	1	253	544	796	1.70e-112	401
Seq_5624	otu003982	95.669	254	9	2	1	253	544	796	3.66e-114	407
Seq_5625	otu003982	95.257	253	12	0	1	253	544	796	1.70e-112	401
Seq_5626	otu003982	96.047	253	10	0	1	253	544	796	7.87e-116	412
Seq_5627	otu003982	96.443	253	9	0	1	253	544	796	1.69e-117	418
Seq_5628	otu003982	95.294	255	8	4	1	253	544	796	1.70e-112	401
Seq_5629	otu003982	94.902	255	9	4	1	253	544	796	7.93e-111	396
Seq_5630	otu003982	95.276	254	10	2	1	253	544	796	1.70e-112	401
Seq_5631	otu003982	94.488	254	12	2	1	253	544	796	3.69e-109	390
Seq_5632	otu000885	90.909	253	23	0	1	253	486	738	3.77e-94	340
Seq_5633	otu000885	91.304	253	22	0	1	253	486	738	8.10e-96	346
Seq_5634	otu001235	87.352	253	32	0	1	253	543	795	3.85e-79	291
Seq_5635	otu003103	88.583	254	27	2	1	253	532	784	3.82e-84	307
Seq_5636	otu001782	96.838	253	8	0	1	253	544	796	3.64e-119	424
Seq_5637	otu001782	96.838	253	8	0	1	253	544	796	3.64e-119	424
Seq_5638	otu001782	96.838	253	8	0	1	253	544	796	3.64e-119	424
Seq_5639	otu001782	96.838	253	8	0	1	253	544	796	3.64e-119	424
Seq_5640	otu001782	96.443	253	9	0	1	253	544	796	1.69e-117	418
Seq_5641	otu001782	98.024	253	5	0	1	253	544	796	3.61e-124	440
Seq_5642	otu001782	96.443	253	9	0	1	253	544	796	1.69e-117	418
Seq_5643	otu001782	96.047	253	10	0	1	253	544	796	7.87e-116	412
Seq_5644	otu001782	96.838	253	8	0	1	253	544	796	3.64e-119	424
Seq_5645	otu001782	96.443	253	9	0	1	253	544	796	1.69e-117	418
Seq_5646	otu001782	97.233	253	7	0	1	253	544	796	7.82e-121	429
Seq_5647	otu001782	96.047	253	10	0	1	253	544	796	7.87e-116	412
Seq_5648	otu001782	97.233	253	7	0	1	253	544	796	7.82e-121	429
Seq_5649	otu001782	97.628	253	6	0	1	253	544	796	1.68e-122	435
Seq_5650	otu001782	95.652	253	11	0	1	253	544	796	3.66e-114	407
Seq_5651	otu001782	94.862	253	13	0	1	253	544	796	7.93e-111	396
Seq_5652	otu001782	94.862	253	13	0	1	253	544	796	7.93e-111	396
Seq_5653	otu001782	94.466	253	14	0	1	253	544	796	3.69e-109	390
Seq_5654	otu001782	94.862	253	13	0	1	253	544	796	7.93e-111	396
Seq_5655	otu001782	95.257	253	12	0	1	253	544	796	1.70e-112	401
Seq_5656	otu001782	95.257	253	12	0	1	253	544	796	1.70e-112	401
Seq_5657	otu001782	96.443	253	9	0	1	253	544	796	1.69e-117	418
Seq_5658	otu001782	96.047	253	10	0	1	253	544	796	7.87e-116	412
Seq_5659	otu001782	95.652	253	11	0	1	253	544	796	3.66e-114	407
Seq_5660	otu001782	96.047	253	10	0	1	253	544	796	7.87e-116	412
Seq_5661	otu001782	97.233	253	7	0	1	253	544	796	7.82e-121	429
Seq_5662	otu001782	96.443	253	9	0	1	253	544	796	1.69e-117	418
Seq_5663	otu001782	95.257	253	12	0	1	253	544	796	1.70e-112	401
Seq_5664	otu001782	95.652	253	11	0	1	253	544	796	3.66e-114	407
Seq_5665	otu001782	95.257	253	12	0	1	253	544	796	1.70e-112	401
Seq_5666	otu001782	95.652	253	11	0	1	253	544	796	3.66e-114	407
Seq_5667	otu001782	96.443	253	9	0	1	253	544	796	1.69e-117	418
Seq_5668	otu001782	95.652	253	11	0	1	253	544	796	3.66e-114	407
Seq_5669	otu001782	96.047	253	10	0	1	253	544	796	7.87e-116	412
Seq_5670	otu001782	96.443	253	9	0	1	253	544	796	1.69e-117	418
Seq_5671	otu003103	94.094	254	13	2	1	253	532	784	1.72e-107	385
Seq_5672	otu003103	93.701	254	14	2	1	253	532	784	7.98e-106	379
Seq_5673	otu003103	93.701	254	14	2	1	253	532	784	7.98e-106	379
Seq_5674	otu003103	94.882	254	11	2	1	253	532	784	7.93e-111	396
Seq_5675	otu001782	94.071	253	15	0	1	253	544	796	1.72e-107	385
Seq_5676	otu001782	93.281	253	17	0	1	253	544	796	3.71e-104	374
Seq_5677	otu004230	94.466	253	14	0	1	253	540	792	3.69e-109	390
Seq_5678	otu004230	94.466	253	14	0	1	253	540	792	3.69e-109	390
Seq_5679	otu004230	94.862	253	13	0	1	253	540	792	7.93e-111	396
Seq_5680	otu004230	95.257	253	12	0	1	253	540	792	1.70e-112	401
Seq_5681	otu004230	94.862	253	13	0	1	253	540	792	7.93e-111	396
Seq_5682	otu004230	94.862	253	13	0	1	253	540	792	7.93e-111	396
Seq_5683	otu004230	94.466	253	14	0	1	253	540	792	3.69e-109	390
Seq_5684	otu004230	94.466	253	14	0	1	253	540	792	3.69e-109	390
Seq_5685	otu004230	94.071	253	15	0	1	253	540	792	1.72e-107	385
Seq_5686	otu004230	93.281	253	17	0	1	253	540	792	3.71e-104	374
Seq_5687	otu004230	92.885	253	18	0	1	253	540	792	1.73e-102	368
Seq_5688	otu001782	92.549	255	15	4	1	253	544	796	8.04e-101	363
Seq_5689	otu001782	92.188	256	14	6	1	253	544	796	3.74e-99	357
Seq_5690	otu001782	91.765	255	17	4	1	253	544	796	1.74e-97	351
Seq_5691	otu001782	91.765	255	17	4	1	253	544	796	1.74e-97	351
Seq_5692	otu001782	92.157	255	16	4	1	253	544	796	3.74e-99	357
Seq_5693	otu001782	91.765	255	17	4	1	253	544	796	1.74e-97	351
Seq_5694	otu001046	90.157	254	23	2	1	253	544	796	8.15e-91	329
Seq_5695	otu001046	90.157	254	23	2	1	253	544	796	8.15e-91	329
Seq_5696	otu001046	90.119	253	25	0	1	253	544	796	8.15e-91	329
Seq_5697	otu001046	90.945	254	21	2	1	253	544	796	3.77e-94	340
Seq_5698	otu003103	90.588	255	20	4	1	253	532	784	1.75e-92	335
Seq_5699	otu003103	90.588	255	20	4	1	253	532	784	1.75e-92	335
Seq_5700	otu003584	90.514	253	24	0	1	253	546	798	1.75e-92	335
Seq_5701	otu003103	90.157	254	23	2	1	253	532	784	8.15e-91	329
Seq_5702	otu003103	89.804	255	22	4	1	253	532	784	3.79e-89	324
Seq_5703	otu003103	89.804	255	22	4	1	253	532	784	3.79e-89	324
Seq_5704	otu003103	89.412	255	23	4	1	253	532	784	1.77e-87	318
Seq_5705	otu003103	90.196	255	21	4	1	253	532	784	8.15e-91	329
Seq_5706	otu003103	90.551	254	22	2	1	253	532	784	1.75e-92	335
Seq_5707	otu001209	90.119	253	25	0	1	253	544	796	8.15e-91	329
Seq_5708	otu003103	90.196	255	21	4	1	253	532	784	8.15e-91	329
Seq_5709	otu003103	90.588	255	20	4	1	253	532	784	1.75e-92	335
Seq_5710	otu004230	90.909	253	23	0	1	253	540	792	3.77e-94	340
Seq_5711	otu000656	91.732	254	19	2	1	253	538	790	1.74e-97	351
Seq_5712	otu003103	91.700	253	21	0	1	253	532	784	1.74e-97	351
Seq_5713	otu004230	91.700	253	21	0	1	253	540	792	1.74e-97	351
Seq_5714	otu004230	90.514	253	24	0	1	253	540	792	1.75e-92	335
Seq_5715	otu004230	93.307	254	15	2	1	253	540	792	3.71e-104	374
Seq_5716	otu004230	92.490	253	19	0	1	253	540	792	8.04e-101	363
Seq_5717	otu004230	92.490	253	19	0	1	253	540	792	8.04e-101	363
Seq_5718	otu004230	92.490	253	19	0	1	253	540	792	8.04e-101	363
Seq_5719	otu004230	92.885	253	18	0	1	253	540	792	1.73e-102	368
Seq_5720	otu000656	90.909	253	23	0	1	253	538	790	3.77e-94	340
Seq_5721	otu000656	90.514	253	24	0	1	253	538	790	1.75e-92	335
Seq_5722	otu000656	91.304	253	22	0	1	253	538	790	8.10e-96	346
Seq_5723	otu000656	91.700	253	21	0	1	253	538	790	1.74e-97	351
Seq_5724	otu001046	90.514	253	24	0	1	253	544	796	1.75e-92	335
Seq_5725	otu001046	91.304	253	22	0	1	253	544	796	8.10e-96	346
Seq_5726	otu001046	91.304	253	22	0	1	253	544	796	8.10e-96	346
Seq_5727	otu001046	91.304	253	22	0	1	253	544	796	8.10e-96	346
Seq_5728	otu001046	90.119	253	25	0	1	253	544	796	8.15e-91	329
Seq_5729	otu001046	93.676	253	16	0	1	253	544	796	7.98e-106	379
Seq_5730	otu001046	91.700	253	21	0	1	253	544	796	1.74e-97	351
Seq_5731	otu001046	90.514	253	24	0	1	253	544	796	1.75e-92	335
Seq_5732	otu001046	90.119	253	25	0	1	253	544	796	8.15e-91	329
Seq_5733	otu000656	89.764	254	24	2	1	253	538	790	3.79e-89	324
Seq_5734	otu001046	89.328	253	27	0	1	253	544	796	1.77e-87	318
Seq_5735	otu001046	88.933	253	28	0	1	253	544	796	8.21e-86	313
Seq_5736	otu000656	91.700	253	21	0	1	253	538	790	1.74e-97	351
Seq_5737	otu000656	91.732	254	20	1	1	254	538	790	1.75e-97	351
Seq_5738	otu000656	92.126	254	19	1	1	254	538	790	3.76e-99	357
Seq_5739	otu000656	92.126	254	19	1	1	254	538	790	3.76e-99	357
Seq_5740	otu000656	91.732	254	20	1	1	254	538	790	1.75e-97	351
Seq_5741	otu000656	92.126	254	19	1	1	254	538	790	3.76e-99	357
Seq_5742	otu000656	92.126	254	19	1	1	254	538	790	3.76e-99	357
Seq_5743	otu001209	92.490	253	19	0	1	253	544	796	8.04e-101	363
Seq_5744	otu003982	90.551	254	22	2	1	253	544	796	1.75e-92	335
Seq_5745	otu003982	89.804	255	22	4	1	253	544	796	3.79e-89	324
Seq_5746	otu000095	84.615	247	37	1	7	253	551	796	3.04e-65	244
Seq_5747	otu003982	84.739	249	33	5	7	253	551	796	3.04e-65	244
Seq_5748	otu003982	84.337	249	34	5	7	253	551	796	1.41e-63	239
Seq_5749	otu000095	85.425	247	35	1	7	253	551	796	1.40e-68	255
Seq_5750	otu000095	85.830	247	34	1	7	253	551	796	3.02e-70	261
Seq_5751	otu000095	84.211	247	38	1	7	253	551	796	1.41e-63	239
Seq_5752	otu000095	84.615	247	37	1	7	253	551	796	3.04e-65	244
Seq_5753	otu004016	81.890	254	44	2	1	253	530	782	8.57e-56	213
Seq_5754	otu004016	82.283	254	43	2	1	253	530	782	1.84e-57	219
Seq_5755	otu004016	82.213	253	45	0	1	253	530	782	1.84e-57	219
Seq_5756	otu000380	83.399	253	42	0	1	253	527	779	1.83e-62	235
Seq_5757	otu000380	83.465	254	40	2	1	253	527	779	1.83e-62	235
Seq_5758	otu003635	83.794	253	41	0	1	253	525	777	3.93e-64	241
Seq_5759	otu004356	98.000	250	5	0	1	250	548	797	1.68e-122	435
Seq_5760	otu004356	95.276	254	10	2	1	253	548	800	1.70e-112	401
Seq_5761	otu004356	94.882	254	11	2	1	253	548	800	7.93e-111	396
Seq_5762	otu003584	92.430	251	17	2	1	250	546	795	3.74e-99	357
Seq_5763	otu004356	92.000	250	20	0	1	250	548	797	1.74e-97	351
Seq_5764	otu003584	92.032	251	18	2	1	250	546	795	1.74e-97	351
Seq_5765	otu004356	92.430	251	17	2	1	250	548	797	3.74e-99	357
Seq_5766	otu004356	92.400	250	19	0	1	250	548	797	3.74e-99	357
Seq_5767	otu004356	91.700	253	21	0	1	253	548	800	1.74e-97	351
Seq_5768	otu004356	91.700	253	21	0	1	253	548	800	1.74e-97	351
Seq_5769	otu003584	87.451	255	28	4	1	253	546	798	3.85e-79	291
Seq_5770	otu004356	85.827	254	34	2	1	253	548	800	1.80e-72	268
Seq_5771	otu004356	91.700	253	21	0	1	253	548	800	1.74e-97	351
Seq_5772	otu002368	99.605	253	0	1	2	253	547	799	2.77e-130	460
Seq_5773	otu003584	98.419	253	4	0	1	253	546	798	7.76e-126	446
Seq_5774	otu003584	99.209	253	2	0	1	253	546	798	3.59e-129	457
Seq_5775	otu003584	97.628	253	6	0	1	253	546	798	1.68e-122	435
Seq_5776	otu001046	91.732	254	19	2	1	253	544	796	1.74e-97	351
Seq_5777	otu001046	92.885	253	18	0	1	253	544	796	1.73e-102	368
Seq_5778	otu001046	92.095	253	20	0	1	253	544	796	3.74e-99	357
Seq_5779	otu001046	94.071	253	15	0	1	253	544	796	1.72e-107	385
Seq_5780	otu001046	94.466	253	14	0	1	253	544	796	3.69e-109	390
Seq_5781	otu001046	94.466	253	14	0	1	253	544	796	3.69e-109	390
Seq_5782	otu001046	95.652	253	11	0	1	253	544	796	3.66e-114	407
Seq_5783	otu001046	96.047	253	10	0	1	253	544	796	7.87e-116	412
Seq_5784	otu001209	92.095	253	20	0	1	253	544	796	3.74e-99	357
Seq_5785	otu001209	91.700	253	21	0	1	253	544	796	1.74e-97	351
Seq_5786	otu001046	92.095	253	20	0	1	253	544	796	3.74e-99	357
Seq_5787	otu000907	91.700	253	21	0	1	253	544	796	1.74e-97	351
Seq_5788	otu002674	85.882	255	32	4	1	253	493	745	1.80e-72	268
Seq_5789	otu001046	89.723	253	26	0	1	253	544	796	3.79e-89	324
Seq_5790	otu001209	88.583	254	27	2	1	253	544	796	3.82e-84	307
Seq_5791	otu000907	88.933	253	28	0	1	253	544	796	8.21e-86	313
Seq_5792	otu001046	94.071	253	15	0	1	253	544	796	1.72e-107	385
Seq_5793	otu001046	93.676	253	16	0	1	253	544	796	7.98e-106	379
Seq_5794	otu001046	94.510	255	10	4	1	253	544	796	3.69e-109	390
Seq_5795	otu001209	94.862	253	13	0	1	253	544	796	7.93e-111	396
Seq_5796	otu001046	95.257	253	12	0	1	253	544	796	1.70e-112	401
Seq_5797	otu001209	95.652	253	11	0	1	253	544	796	3.66e-114	407
Seq_5798	otu001209	95.257	253	12	0	1	253	544	796	1.70e-112	401
Seq_5799	otu001046	94.882	254	11	2	1	253	544	796	7.93e-111	396
Seq_5800	otu001046	94.882	254	11	2	1	253	544	796	7.93e-111	396
Seq_5801	otu001046	94.882	254	11	2	1	253	544	796	7.93e-111	396
Seq_5802	otu001046	92.885	253	18	0	1	253	544	796	1.73e-102	368
Seq_5803	otu001046	93.281	253	17	0	1	253	544	796	3.71e-104	374
Seq_5804	otu001046	93.281	253	17	0	1	253	544	796	3.71e-104	374
Seq_5805	otu001046	93.281	253	17	0	1	253	544	796	3.71e-104	374
Seq_5806	otu001046	93.281	253	17	0	1	253	544	796	3.71e-104	374
Seq_5807	otu001046	92.885	253	18	0	1	253	544	796	1.73e-102	368
Seq_5808	otu001046	94.094	254	13	2	1	253	544	796	1.72e-107	385
Seq_5809	otu001046	95.652	253	11	0	1	253	544	796	3.66e-114	407
Seq_5810	otu001046	95.652	253	11	0	1	253	544	796	3.66e-114	407
Seq_5811	otu001046	94.071	253	15	0	1	253	544	796	1.72e-107	385
Seq_5812	otu001046	94.862	253	13	0	1	253	544	796	7.93e-111	396
Seq_5813	otu001046	94.862	253	13	0	1	253	544	796	7.93e-111	396
Seq_5814	otu001046	94.466	253	14	0	1	253	544	796	3.69e-109	390
Seq_5815	otu001209	93.676	253	16	0	1	253	544	796	7.98e-106	379
Seq_5816	otu001209	92.885	253	18	0	1	253	544	796	1.73e-102	368
Seq_5817	otu001209	94.071	253	15	0	1	253	544	796	1.72e-107	385
Seq_5818	otu001209	94.862	253	13	0	1	253	544	796	7.93e-111	396
Seq_5819	otu001209	94.862	253	13	0	1	253	544	796	7.93e-111	396
Seq_5820	otu001209	94.862	253	13	0	1	253	544	796	7.93e-111	396
Seq_5821	otu001209	94.466	253	14	0	1	253	544	796	3.69e-109	390
Seq_5822	otu001209	96.443	253	9	0	1	253	544	796	1.69e-117	418
Seq_5823	otu001046	95.669	254	9	2	1	253	544	796	3.66e-114	407
Seq_5824	otu001209	95.652	253	11	0	1	253	544	796	3.66e-114	407
Seq_5825	otu001046	98.814	253	3	0	1	253	544	796	1.67e-127	451
Seq_5826	otu001046	96.443	253	9	0	1	253	544	796	1.69e-117	418
Seq_5827	otu001046	96.850	254	6	2	1	253	544	796	3.64e-119	424
Seq_5828	otu001046	96.443	253	9	0	1	253	544	796	1.69e-117	418
Seq_5829	otu001046	95.257	253	12	0	1	253	544	796	1.70e-112	401
Seq_5830	otu001046	93.676	253	16	0	1	253	544	796	7.98e-106	379
Seq_5831	otu001046	92.460	252	19	0	2	253	545	796	2.89e-100	361
Seq_5832	otu001046	94.048	252	15	0	2	253	545	796	6.17e-107	383
Seq_5833	otu001046	94.094	254	13	2	1	253	544	796	1.72e-107	385
Seq_5834	otu001046	93.725	255	12	4	1	253	544	796	7.98e-106	379
Seq_5835	otu001046	91.700	253	21	0	1	253	544	796	1.74e-97	351
Seq_5836	otu001046	92.126	254	18	2	1	253	544	796	3.74e-99	357
Seq_5837	otu001046	92.095	253	20	0	1	253	544	796	3.74e-99	357
Seq_5838	otu000095	90.476	252	24	0	2	253	545	796	6.30e-92	333
Seq_5839	otu000095	90.873	252	23	0	2	253	545	796	1.35e-93	339
Seq_5840	otu002913	90.909	253	23	0	1	253	544	796	3.77e-94	340
Seq_5841	otu002564	84.711	242	33	4	14	253	487	726	1.41e-63	239
Seq_5842	otu003128	84.362	243	36	2	12	253	553	794	5.08e-63	237
Seq_5843	otu003128	84.646	254	37	2	1	253	542	794	1.82e-67	252
Seq_5844	otu001782	83.922	255	37	4	1	253	544	796	3.93e-64	241
Seq_5845	otu002888	85.141	249	35	2	6	253	546	793	5.05e-68	254
Seq_5846	otu003664	85.547	256	31	6	1	253	538	790	8.39e-71	263
Seq_5847	otu002888	84.252	254	38	2	1	253	541	793	8.45e-66	246
Seq_5848	otu002888	84.646	254	37	2	1	253	541	793	1.82e-67	252
Seq_5849	otu003128	85.156	256	32	6	1	253	542	794	3.90e-69	257
Seq_5850	otu001046	85.882	255	32	4	1	253	544	796	1.80e-72	268
Seq_5851	otu000095	84.314	255	34	6	2	253	545	796	3.04e-65	244
Seq_5852	otu001046	85.490	255	33	4	1	253	544	796	8.39e-71	263
Seq_5853	otu000095	86.719	256	26	7	2	253	545	796	3.00e-75	278
Seq_5854	otu001046	85.882	255	32	4	1	253	544	796	1.80e-72	268
Seq_5855	otu000095	87.352	253	30	2	2	253	545	796	1.38e-78	289
Seq_5856	otu003002	79.297	256	47	6	1	253	525	777	4.04e-44	174
Seq_5857	otu004042	79.297	256	47	6	1	253	527	779	4.04e-44	174
Seq_5858	otu004042	78.906	256	48	6	1	253	527	779	1.88e-42	169
Seq_5859	otu004116	87.795	254	29	2	1	253	542	794	8.27e-81	296
Seq_5860	otu001776	87.008	254	31	2	1	253	542	794	1.79e-77	285
Seq_5861	otu001776	87.795	254	29	2	1	253	542	794	8.27e-81	296
Seq_5862	otu001776	88.583	254	27	2	1	253	542	794	3.82e-84	307
Seq_5863	otu001776	87.008	254	31	2	1	253	542	794	1.79e-77	285
Seq_5864	otu001380	86.614	254	32	2	1	253	541	793	8.33e-76	279
Seq_5865	otu001651	87.451	255	28	4	1	253	540	792	3.85e-79	291
Seq_5866	otu001776	87.795	254	29	2	1	253	542	794	8.27e-81	296
Seq_5867	otu004247	84.496	258	30	9	1	253	521	773	8.45e-66	246
Seq_5868	otu002208	84.314	255	36	4	1	253	471	723	8.45e-66	246
Seq_5869	otu002251	84.861	251	32	5	6	253	529	776	2.35e-66	248
Seq_5870	otu001573	83.137	255	39	4	1	253	531	783	8.51e-61	230
Seq_5871	otu000885	84.766	256	33	6	1	253	486	738	1.82e-67	252
Seq_5872	otu000178	84.252	254	38	2	1	253	541	793	8.45e-66	246
Seq_5873	otu002088	84.190	253	40	0	1	253	534	786	8.45e-66	246
Seq_5874	otu002088	84.980	253	38	0	1	253	534	786	3.90e-69	257
Seq_5875	otu003389	83.858	254	38	3	1	253	521	772	1.41e-63	239
Seq_5876	otu000581	85.603	257	29	8	1	253	525	777	8.39e-71	263
Seq_5877	otu001573	81.961	255	42	4	1	253	531	783	8.57e-56	213
Seq_5878	otu003977	83.594	256	36	6	1	253	543	795	1.83e-62	235
Seq_5879	otu001573	84.314	255	36	4	1	253	531	783	8.45e-66	246
Seq_5880	otu001573	83.004	253	43	0	1	253	531	783	8.51e-61	230
Seq_5881	otu001573	83.399	253	42	0	1	253	531	783	1.83e-62	235
Seq_5882	otu001979	83.594	256	36	6	1	253	529	781	1.83e-62	235
Seq_5883	otu001573	83.399	253	42	0	1	253	531	783	1.83e-62	235
Seq_5884	otu001573	83.004	253	43	0	1	253	531	783	8.51e-61	230
Seq_5885	otu001573	83.858	254	39	2	1	253	531	783	3.93e-64	241
Seq_5886	otu001573	82.213	253	45	0	1	253	531	783	1.84e-57	219
Seq_5887	otu001573	83.004	253	43	0	1	253	531	783	8.51e-61	230
Seq_5888	otu001573	83.004	253	43	0	1	253	531	783	8.51e-61	230
Seq_5889	otu001573	83.465	254	40	2	1	253	531	783	1.83e-62	235
Seq_5890	otu001573	83.399	253	42	0	1	253	531	783	1.83e-62	235
Seq_5891	otu003320	83.333	258	33	9	1	253	522	774	8.51e-61	230
Seq_5892	otu001573	82.609	253	44	0	1	253	531	783	3.96e-59	224
Seq_5893	otu000581	83.529	255	38	4	1	253	525	777	1.83e-62	235
Seq_5894	otu001596	92.095	253	18	2	2	253	515	766	1.35e-98	355
Seq_5895	otu001596	93.307	254	13	4	2	253	515	766	1.34e-103	372
Seq_5896	otu001596	93.651	252	16	0	2	253	515	766	2.87e-105	377
Seq_5897	otu001596	94.444	252	14	0	2	253	515	766	1.33e-108	388
Seq_5898	otu001596	93.254	252	17	0	2	253	515	766	1.34e-103	372
Seq_5899	otu001596	92.857	252	18	0	2	253	515	766	6.22e-102	366
Seq_5900	otu001596	93.651	252	16	0	2	253	515	766	2.87e-105	377
Seq_5901	otu001596	91.667	252	21	0	2	253	515	766	6.26e-97	350
Seq_5902	otu001596	92.520	254	15	4	2	253	515	766	2.89e-100	361
Seq_5903	otu001596	92.520	254	15	4	2	253	515	766	2.89e-100	361
Seq_5904	otu000221	83.465	254	40	2	1	253	473	725	1.83e-62	235
Seq_5905	otu002294	83.399	253	40	2	2	253	487	738	6.58e-62	233
Seq_5906	otu000802	83.465	254	40	2	1	253	474	726	1.83e-62	235
Seq_5907	otu002062	83.658	257	34	8	1	253	476	728	1.83e-62	235
Seq_5908	otu000802	83.658	257	34	8	1	253	474	726	1.83e-62	235
Seq_5909	otu000802	83.268	257	35	8	1	253	474	726	8.51e-61	230
Seq_5910	otu000320	84.436	257	32	8	1	253	476	728	8.45e-66	246
Seq_5911	otu000802	84.047	257	33	8	1	253	474	726	3.93e-64	241
Seq_5912	otu000802	84.047	257	33	8	1	253	474	726	3.93e-64	241
Seq_5913	otu000802	82.879	257	36	8	1	253	474	726	3.96e-59	224
Seq_5914	otu002294	83.399	253	40	2	2	253	487	738	6.58e-62	233
Seq_5915	otu000221	83.465	254	40	2	1	253	473	725	1.83e-62	235
Seq_5916	otu000221	85.039	254	36	2	1	253	473	725	3.90e-69	257
Seq_5917	otu002294	83.399	253	40	2	2	253	487	738	6.58e-62	233
Seq_5918	otu002294	83.794	253	39	2	2	253	487	738	1.41e-63	239
Seq_5919	otu000811	84.810	237	36	0	1	237	506	742	1.41e-63	239
Seq_5920	otu004438	84.146	246	39	0	1	246	503	748	1.41e-63	239
Seq_5921	otu004218	81.641	256	39	8	2	253	505	756	1.43e-53	206
Seq_5922	otu000907	82.000	250	38	7	7	253	551	796	1.43e-53	206
Seq_5923	otu000788	81.250	256	41	7	2	253	510	762	6.67e-52	200
Seq_5924	otu000788	82.031	256	39	7	2	253	510	762	3.08e-55	211
Seq_5925	otu004582	82.677	254	40	3	1	251	533	785	1.41e-58	222
Seq_5926	otu004582	81.496	254	43	3	1	251	533	785	1.42e-53	206
Seq_5927	otu000885	82.213	253	43	2	1	251	486	738	6.57e-57	217
Seq_5928	otu000885	79.688	256	44	8	1	251	486	738	3.10e-45	178
Seq_5929	otu000885	80.784	255	43	6	1	251	486	738	3.08e-50	195
Seq_5930	otu000885	81.102	254	44	4	1	251	486	738	6.61e-52	200
Seq_5931	otu003017	77.419	248	52	3	7	252	534	779	3.16e-35	145
Seq_5932	otu000788	85.771	253	35	1	2	253	510	762	6.48e-72	267
Seq_5933	otu000788	85.039	254	35	3	2	253	510	762	1.40e-68	255
Seq_5934	otu000788	84.706	255	34	5	2	253	510	762	6.53e-67	250
Seq_5935	otu000788	83.203	256	36	7	2	253	510	762	3.06e-60	228
Seq_5936	otu000788	83.529	255	37	5	2	253	510	762	6.58e-62	233
Seq_5937	otu000788	83.594	256	35	7	2	253	510	762	6.58e-62	233
Seq_5938	otu000788	84.047	257	32	9	2	253	510	762	1.41e-63	239
Seq_5939	otu000788	84.047	257	32	9	2	253	510	762	1.41e-63	239
Seq_5940	otu000788	83.333	258	32	11	2	253	510	762	3.06e-60	228
Seq_5941	otu004218	82.422	256	37	8	2	253	505	756	6.62e-57	217
Seq_5942	otu000788	84.314	255	35	5	2	253	510	762	3.04e-65	244
Seq_5943	otu000788	84.706	255	34	5	2	253	510	762	6.53e-67	250
Seq_5944	otu003780	83.529	255	36	6	2	253	526	777	6.58e-62	233
Seq_5945	otu003780	83.529	255	36	6	2	253	526	777	6.58e-62	233
Seq_5946	otu000788	84.047	257	32	9	2	253	510	762	1.41e-63	239
Seq_5947	otu003780	82.879	257	34	10	2	253	526	777	1.42e-58	222
Seq_5948	otu003780	82.879	257	34	10	2	253	526	777	1.42e-58	222
Seq_5949	otu000788	84.375	256	33	7	2	253	510	762	3.04e-65	244
Seq_5950	otu000788	84.375	256	33	7	2	253	510	762	3.04e-65	244
Seq_5951	otu000788	84.825	257	30	9	2	253	510	762	6.53e-67	250
Seq_5952	otu000788	83.137	255	38	5	2	253	510	762	3.06e-60	228
Seq_5953	otu000788	85.156	256	31	7	2	253	510	762	1.40e-68	255
Seq_5954	otu000788	84.375	256	33	7	2	253	510	762	3.04e-65	244
Seq_5955	otu000788	83.984	256	34	7	2	253	510	762	1.41e-63	239
Seq_5956	otu000788	83.594	256	35	7	2	253	510	762	6.58e-62	233
Seq_5957	otu003780	83.268	257	33	10	2	253	526	777	3.06e-60	228
Seq_5958	otu003780	81.961	255	40	6	2	253	526	777	3.08e-55	211
Seq_5959	otu003780	83.203	256	35	8	2	253	526	777	3.06e-60	228
Seq_5960	otu003780	82.422	256	37	8	2	253	526	777	6.62e-57	217
Seq_5961	otu003780	82.745	255	38	6	2	253	526	777	1.42e-58	222
Seq_5962	otu003780	81.961	255	40	6	2	253	526	777	3.08e-55	211
Seq_5963	otu004218	81.496	254	43	4	2	253	505	756	1.43e-53	206
Seq_5964	otu000788	82.422	256	38	7	2	253	510	762	6.62e-57	217
Seq_5965	otu004218	83.984	256	33	8	2	253	505	756	1.41e-63	239
Seq_5966	otu002806	83.399	253	40	2	2	253	535	786	6.58e-62	233
Seq_5967	otu004218	83.858	254	39	2	1	253	504	756	3.93e-64	241
Seq_5968	otu004218	85.375	253	37	0	1	253	504	756	8.39e-71	263
Seq_5969	otu004218	86.166	253	35	0	1	253	504	756	3.88e-74	274
Seq_5970	otu004218	85.375	253	37	0	1	253	504	756	8.39e-71	263
Seq_5971	otu004218	83.794	253	41	0	1	253	504	756	3.93e-64	241
Seq_5972	otu004218	83.794	253	41	0	1	253	504	756	3.93e-64	241
Seq_5973	otu004218	83.794	253	41	0	1	253	504	756	3.93e-64	241
Seq_5974	otu000788	83.529	255	39	3	1	253	509	762	1.83e-62	235
Seq_5975	otu002164	82.745	255	40	4	1	253	522	774	3.96e-59	224
Seq_5976	otu002164	82.353	255	41	4	1	253	522	774	1.84e-57	219
Seq_5977	otu000788	83.203	256	38	5	1	253	509	762	8.51e-61	230
Seq_5978	otu004218	83.137	255	39	3	1	253	504	756	8.51e-61	230
Seq_5979	otu000788	85.156	256	33	5	1	253	509	762	3.90e-69	257
Seq_5980	otu004218	83.465	254	40	2	1	253	504	756	1.83e-62	235
Seq_5981	otu003952	80.645	248	45	3	8	253	537	783	1.44e-48	189
Seq_5982	otu001456	84.016	244	37	2	11	253	485	727	6.58e-62	233
Seq_5983	otu001456	85.246	244	34	2	11	253	485	727	6.53e-67	250
Seq_5984	otu001456	84.426	244	36	2	11	253	485	727	1.41e-63	239
Seq_5985	otu001144	82.000	250	38	7	7	253	537	782	1.43e-53	206
Seq_5986	otu001804	81.423	253	45	2	2	253	532	783	1.43e-53	206
Seq_5987	otu001804	81.028	253	46	2	2	253	532	783	6.67e-52	200
Seq_5988	otu001579	82.591	247	35	8	11	253	532	774	3.08e-55	211
Seq_5989	otu004218	81.707	246	41	4	10	253	513	756	1.85e-52	202
Seq_5990	otu004218	81.301	246	42	4	10	253	513	756	8.63e-51	196
Seq_5991	otu004218	83.673	245	38	2	10	253	513	756	8.51e-61	230
Seq_5992	otu002510	84.524	252	35	4	1	250	514	763	8.45e-66	246
Seq_5993	otu002510	84.921	252	34	4	1	250	514	763	1.82e-67	252
Seq_5994	otu003140	83.594	256	34	8	2	253	548	799	6.58e-62	233
Seq_5995	otu002510	83.665	251	39	2	1	250	514	763	1.83e-62	235
Seq_5996	otu003140	82.745	255	38	6	2	253	548	799	1.42e-58	222
Seq_5997	otu003430	81.641	256	39	8	2	253	498	749	1.43e-53	206
Seq_5998	otu002510	82.937	252	39	4	1	250	514	763	3.96e-59	224
Seq_5999	otu002510	83.267	251	40	2	1	250	514	763	8.51e-61	230
Seq_6000	otu002510	84.400	250	39	0	1	250	514	763	8.45e-66	246
Seq_6001	otu002510	84.064	251	38	2	1	250	514	763	3.93e-64	241
Seq_6002	otu001144	83.600	250	34	7	7	253	537	782	3.06e-60	228
Seq_6003	otu001957	83.936	249	35	5	7	253	537	782	6.58e-62	233
Seq_6004	otu002510	83.665	251	39	2	1	250	514	763	1.83e-62	235
Seq_6005	otu002510	84.064	251	38	2	1	250	514	763	3.93e-64	241
Seq_6006	otu002510	83.333	252	38	4	1	250	514	763	8.51e-61	230
Seq_6007	otu001957	84.739	249	33	5	7	253	537	782	3.04e-65	244
Seq_6008	otu000093	84.190	253	27	11	7	253	537	782	6.58e-62	233
Seq_6009	otu004367	82.329	249	39	5	7	253	537	782	3.08e-55	211
Seq_6010	otu002354	82.661	248	33	10	11	253	540	782	3.08e-55	211
Seq_6011	otu002354	82.661	248	33	10	11	253	540	782	3.08e-55	211
Seq_6012	otu002510	86.905	252	29	4	1	250	514	763	8.33e-76	279
Seq_6013	otu002510	86.111	252	31	4	1	250	514	763	1.80e-72	268
Seq_6014	otu002510	89.723	253	26	0	1	253	514	766	3.79e-89	324
Seq_6015	otu002510	85.771	253	30	3	1	250	514	763	8.39e-71	263
Seq_6016	otu002510	86.853	251	31	2	1	250	514	763	8.33e-76	279
Seq_6017	otu002510	86.111	252	31	4	1	250	514	763	1.80e-72	268
Seq_6018	otu002510	85.600	250	35	1	1	249	514	763	3.00e-70	261
Seq_6019	otu002510	85.200	250	35	2	2	250	515	763	1.40e-68	255
Seq_6020	otu002510	85.600	250	34	2	2	250	515	763	3.02e-70	261
Seq_6021	otu002510	84.800	250	36	2	2	250	515	763	6.53e-67	250
Seq_6022	otu002510	85.200	250	35	2	2	250	515	763	1.40e-68	255
Seq_6023	otu002510	84.800	250	36	2	2	250	515	763	6.53e-67	250
Seq_6024	otu002510	84.800	250	36	2	2	250	515	763	6.53e-67	250
Seq_6025	otu002510	84.400	250	37	2	2	250	515	763	3.04e-65	244
Seq_6026	otu002510	85.200	250	35	2	2	250	515	763	1.40e-68	255
Seq_6027	otu002510	84.800	250	36	2	2	250	515	763	6.53e-67	250
Seq_6028	otu002510	84.400	250	37	2	2	250	515	763	3.04e-65	244
Seq_6029	otu002510	84.800	250	36	2	2	250	515	763	6.53e-67	250
Seq_6030	otu002510	84.800	250	36	2	2	250	515	763	6.53e-67	250
Seq_6031	otu002510	84.800	250	36	2	2	250	515	763	6.53e-67	250
Seq_6032	otu000788	82.813	256	39	5	1	253	509	762	3.96e-59	224
Seq_6033	otu002510	82.400	250	42	2	2	250	515	763	6.62e-57	217
Seq_6034	otu002510	82.400	250	42	2	2	250	515	763	6.62e-57	217
Seq_6035	otu002510	82.000	250	43	2	2	250	515	763	3.08e-55	211
Seq_6036	otu004218	81.323	257	40	7	1	253	504	756	1.85e-52	202
Seq_6037	otu004218	82.101	257	38	7	1	253	504	756	8.57e-56	213
Seq_6038	otu002510	82.800	250	41	2	2	250	515	763	1.42e-58	222
Seq_6039	otu004016	80.392	255	46	4	1	253	530	782	4.01e-49	191
Seq_6040	otu004016	80.784	255	45	4	1	253	530	782	8.63e-51	196
Seq_6041	otu004016	80.859	256	43	6	1	253	530	782	8.63e-51	196
Seq_6042	otu004218	82.745	255	40	4	1	253	504	756	3.96e-59	224
Seq_6043	otu004218	81.712	257	39	8	1	253	504	756	3.99e-54	207
Seq_6044	otu001579	80.859	256	43	5	1	253	522	774	8.63e-51	196
Seq_6045	otu004218	80.315	254	48	2	1	253	504	756	4.01e-49	191
Seq_6046	otu002510	80.000	250	48	2	2	250	515	763	6.72e-47	183
Seq_6047	otu003952	79.921	254	49	2	1	253	531	783	1.87e-47	185
Seq_6048	otu001579	80.545	257	42	7	1	253	522	774	4.01e-49	191
Seq_6049	otu004016	79.528	254	50	2	1	253	530	782	8.69e-46	180
Seq_6050	otu004016	79.921	254	49	2	1	253	530	782	1.87e-47	185
Seq_6051	otu002510	80.800	250	46	2	2	250	515	763	3.10e-50	195
Seq_6052	otu003821	79.134	254	51	2	1	253	531	783	4.04e-44	174
Seq_6053	otu004016	79.134	254	51	2	1	253	530	782	4.04e-44	174
Seq_6054	otu004016	78.740	254	52	2	1	253	530	782	1.88e-42	169
Seq_6055	otu004218	80.784	255	45	4	1	253	504	756	8.63e-51	196
Seq_6056	otu004214	81.707	246	43	2	6	250	545	789	5.16e-53	204
Seq_6057	otu004016	81.496	254	45	2	1	253	530	782	3.99e-54	207
Seq_6058	otu004218	82.283	254	43	2	1	253	504	756	1.84e-57	219
Seq_6059	otu004218	82.677	254	42	2	1	253	504	756	3.96e-59	224
Seq_6060	otu004218	81.176	255	44	4	1	253	504	756	1.85e-52	202
Seq_6061	otu004218	80.392	255	46	4	1	253	504	756	4.01e-49	191
Seq_6062	otu004218	80.784	255	45	4	1	253	504	756	8.63e-51	196
Seq_6063	otu002510	80.876	251	44	4	2	250	515	763	3.10e-50	195
Seq_6064	otu002510	80.800	250	46	2	2	250	515	763	3.10e-50	195
Seq_6065	otu004218	80.315	254	48	2	1	253	504	756	4.01e-49	191
Seq_6066	otu004218	80.784	255	45	4	1	253	504	756	8.63e-51	196
Seq_6067	otu002510	81.200	250	45	2	2	250	515	763	6.67e-52	200
Seq_6068	otu002510	80.400	250	47	2	2	250	515	763	1.44e-48	189
Seq_6069	otu002510	80.400	250	47	2	2	250	515	763	1.44e-48	189
Seq_6070	otu002510	81.600	250	44	2	2	250	515	763	1.43e-53	206
Seq_6071	otu003821	79.921	254	49	2	1	253	531	783	1.87e-47	185
Seq_6072	otu002510	81.200	250	45	2	2	250	515	763	6.67e-52	200
Seq_6073	otu002510	82.000	250	43	2	2	250	515	763	3.08e-55	211
Seq_6074	otu002510	82.000	250	43	2	2	250	515	763	3.08e-55	211
Seq_6075	otu001579	81.641	256	41	5	1	253	522	774	3.99e-54	207
Seq_6076	otu001579	80.545	257	42	7	1	253	522	774	4.01e-49	191
Seq_6077	otu002510	80.400	250	47	2	2	250	515	763	1.44e-48	189
Seq_6078	otu004218	79.921	254	49	2	1	253	504	756	1.87e-47	185
Seq_6079	otu001579	81.250	256	42	5	1	253	522	774	1.85e-52	202
Seq_6080	otu004214	80.894	246	45	2	6	250	545	789	1.12e-49	193
Seq_6081	otu004218	80.315	254	48	2	1	253	504	756	4.01e-49	191
Seq_6082	otu004218	81.102	254	46	2	1	253	504	756	1.85e-52	202
Seq_6083	otu004218	81.496	254	45	2	1	253	504	756	3.99e-54	207
Seq_6084	otu004218	80.237	253	50	0	1	253	504	756	4.01e-49	191
Seq_6085	otu004218	80.632	253	49	0	1	253	504	756	8.63e-51	196
Seq_6086	otu004218	80.237	253	50	0	1	253	504	756	4.01e-49	191
Seq_6087	otu004218	80.632	253	49	0	1	253	504	756	8.63e-51	196
Seq_6088	otu001579	80.233	258	41	9	1	253	522	774	1.87e-47	185
Seq_6089	otu003821	79.921	254	49	2	1	253	531	783	1.87e-47	185
Seq_6090	otu003821	79.921	254	49	2	1	253	531	783	1.87e-47	185
Seq_6091	otu004218	79.921	254	49	2	1	253	504	756	1.87e-47	185
Seq_6092	otu004214	80.894	246	45	2	6	250	545	789	1.12e-49	193
Seq_6093	otu004214	80.894	246	45	2	6	250	545	789	1.12e-49	193
Seq_6094	otu004218	80.709	254	47	2	1	253	504	756	8.63e-51	196
Seq_6095	otu004214	81.707	246	43	2	6	250	545	789	5.16e-53	204
Seq_6096	otu004214	80.894	246	45	2	6	250	545	789	1.12e-49	193
Seq_6097	otu001579	80.620	258	40	9	1	253	522	774	4.01e-49	191
Seq_6098	otu001579	80.859	256	43	5	1	253	522	774	8.63e-51	196
Seq_6099	otu000756	83.534	249	36	5	7	253	496	741	3.06e-60	228
Seq_6100	otu001957	82.329	249	39	5	7	253	537	782	3.08e-55	211
Seq_6101	otu001456	81.781	247	43	2	7	252	482	727	1.43e-53	206
Seq_6102	otu004458	79.608	255	46	6	2	253	506	757	3.13e-45	178
Seq_6103	otu001957	82.661	248	40	3	7	253	537	782	6.62e-57	217
Seq_6104	otu001456	83.200	250	35	5	7	253	482	727	1.42e-58	222
Seq_6105	otu000756	82.731	249	38	5	7	253	496	741	6.62e-57	217
Seq_6106	otu000756	83.133	249	37	5	7	253	496	741	1.42e-58	222
Seq_6107	otu004218	87.402	254	30	2	1	253	504	756	3.85e-79	291
Seq_6108	otu004218	86.381	257	27	7	1	253	504	756	3.88e-74	274
Seq_6109	otu004218	83.658	257	34	7	1	253	504	756	1.83e-62	235
Seq_6110	otu004218	84.825	257	31	7	1	253	504	756	1.82e-67	252
Seq_6111	otu004218	85.214	257	30	7	1	253	504	756	3.90e-69	257
Seq_6112	otu004218	85.603	257	29	7	1	253	504	756	8.39e-71	263
Seq_6113	otu004218	85.992	257	28	7	1	253	504	756	1.80e-72	268
Seq_6114	otu004218	87.843	255	27	4	1	253	504	756	8.27e-81	296
Seq_6115	otu004218	86.667	255	30	4	1	253	504	756	8.33e-76	279
Seq_6116	otu004218	86.275	255	31	4	1	253	504	756	3.88e-74	274
Seq_6117	otu004218	84.825	257	31	7	1	253	504	756	1.82e-67	252
Seq_6118	otu004218	83.658	257	34	7	1	253	504	756	1.83e-62	235
Seq_6119	otu004218	84.436	257	32	7	1	253	504	756	8.45e-66	246
Seq_6120	otu004218	84.047	257	33	7	1	253	504	756	3.93e-64	241
Seq_6121	otu000756	81.349	252	36	11	7	253	496	741	3.10e-50	195
Seq_6122	otu004111	79.216	255	49	4	1	253	528	780	4.04e-44	174
Seq_6123	otu001579	83.071	254	41	2	1	253	522	774	8.51e-61	230
Seq_6124	otu001579	83.465	254	40	2	1	253	522	774	1.83e-62	235
Seq_6125	otu001945	81.569	255	43	4	1	253	495	747	3.99e-54	207
Seq_6126	otu001579	82.283	254	43	2	1	253	522	774	1.84e-57	219
Seq_6127	otu001579	82.677	254	42	2	1	253	522	774	3.96e-59	224
Seq_6128	otu001579	83.071	254	41	2	1	253	522	774	8.51e-61	230
Seq_6129	otu001579	83.465	254	40	2	1	253	522	774	1.83e-62	235
Seq_6130	otu001579	83.071	254	41	2	1	253	522	774	8.51e-61	230
Seq_6131	otu004218	87.059	255	29	3	1	253	504	756	1.79e-77	285
Seq_6132	otu004218	86.719	256	28	4	1	253	504	756	8.33e-76	279
Seq_6133	otu004218	85.827	254	34	2	1	253	504	756	1.80e-72	268
Seq_6134	otu004218	89.370	254	25	2	1	253	504	756	1.77e-87	318
Seq_6135	otu000788	86.719	256	29	5	1	253	509	762	8.33e-76	279
Seq_6136	otu004218	83.658	257	34	7	1	253	504	756	1.83e-62	235
Seq_6137	otu000788	83.984	256	36	4	1	253	509	762	3.93e-64	241
Seq_6138	otu000788	84.436	257	33	7	1	253	509	762	8.45e-66	246
Seq_6139	otu004218	85.490	255	33	4	1	253	504	756	8.39e-71	263
Seq_6140	otu004218	84.706	255	35	4	1	253	504	756	1.82e-67	252
Seq_6141	otu000788	86.275	255	32	3	1	253	509	762	3.88e-74	274
Seq_6142	otu004218	87.891	256	25	5	1	253	504	756	8.27e-81	296
Seq_6143	otu000788	85.603	257	30	7	1	253	509	762	8.39e-71	263
Seq_6144	otu004218	85.938	256	30	5	1	253	504	756	1.80e-72	268
Seq_6145	otu000788	87.059	255	30	2	1	253	509	762	1.79e-77	285
Seq_6146	otu004218	88.976	254	26	2	1	253	504	756	8.21e-86	313
Seq_6147	otu004218	88.583	254	27	2	1	253	504	756	3.82e-84	307
Seq_6148	otu004218	88.142	253	30	0	1	253	504	756	1.78e-82	302
Seq_6149	otu000756	82.869	251	34	9	7	253	496	741	6.62e-57	217
Seq_6150	otu000756	82.143	252	34	11	7	253	496	741	1.43e-53	206
Seq_6151	otu000756	82.072	251	36	9	7	253	496	741	1.43e-53	206
Seq_6152	otu000756	82.470	251	35	9	7	253	496	741	3.08e-55	211
Seq_6153	otu000885	81.176	255	44	4	1	253	486	738	1.85e-52	202
Seq_6154	otu000756	82.869	251	34	9	7	253	496	741	6.62e-57	217
Seq_6155	otu000885	81.176	255	44	4	1	253	486	738	1.85e-52	202
Seq_6156	otu002183	81.224	245	46	0	1	245	505	749	2.40e-51	198
Seq_6157	otu000756	81.526	249	41	5	7	253	496	741	6.67e-52	200
Seq_6158	otu000581	82.283	254	43	2	1	253	525	777	1.84e-57	219
Seq_6159	otu000756	82.400	250	37	7	7	253	496	741	3.08e-55	211
Seq_6160	otu000756	83.600	250	34	7	7	253	496	741	3.06e-60	228
Seq_6161	otu004218	85.375	253	37	0	1	253	504	756	8.39e-71	263
Seq_6162	otu004218	86.957	253	33	0	1	253	504	756	1.79e-77	285
Seq_6163	otu004218	87.352	253	32	0	1	253	504	756	3.85e-79	291
Seq_6164	otu004218	87.747	253	31	0	1	253	504	756	8.27e-81	296
Seq_6165	otu004218	86.614	254	32	2	1	253	504	756	8.33e-76	279
Seq_6166	otu004218	86.614	254	32	2	1	253	504	756	8.33e-76	279
Seq_6167	otu004218	87.008	254	31	2	1	253	504	756	1.79e-77	285
Seq_6168	otu004218	86.220	254	33	2	1	253	504	756	3.88e-74	274
Seq_6169	otu000756	82.800	250	36	7	7	253	496	741	6.62e-57	217
Seq_6170	otu000756	83.200	250	35	7	7	253	496	741	1.42e-58	222
Seq_6171	otu000756	82.800	250	36	7	7	253	496	741	6.62e-57	217
Seq_6172	otu000756	82.072	251	36	9	7	253	496	741	1.43e-53	206
Seq_6173	otu001945	81.818	253	46	0	1	253	495	747	8.57e-56	213
Seq_6174	otu001945	82.213	253	45	0	1	253	495	747	1.84e-57	219
Seq_6175	otu004218	88.538	253	29	0	1	253	504	756	3.82e-84	307
Seq_6176	otu004218	88.976	254	26	2	1	253	504	756	8.21e-86	313
Seq_6177	otu000756	83.004	253	30	10	7	253	496	741	6.62e-57	217
Seq_6178	otu004218	86.957	253	33	0	1	253	504	756	1.79e-77	285
Seq_6179	otu004218	87.402	254	30	2	1	253	504	756	3.85e-79	291
Seq_6180	otu004218	89.328	253	27	0	1	253	504	756	1.77e-87	318
Seq_6181	otu004218	88.933	253	28	0	1	253	504	756	8.21e-86	313
Seq_6182	otu004218	87.500	256	26	6	1	253	504	756	3.85e-79	291
Seq_6183	otu004218	90.157	254	23	2	1	253	504	756	8.15e-91	329
Seq_6184	otu000788	88.976	254	27	1	1	253	509	762	8.21e-86	313
Seq_6185	otu004218	87.402	254	30	2	1	253	504	756	3.85e-79	291
Seq_6186	otu002183	82.329	249	36	8	1	245	505	749	1.11e-54	209
Seq_6187	otu001945	81.423	253	47	0	1	253	495	747	3.99e-54	207
Seq_6188	otu004218	89.370	254	25	2	1	253	504	756	1.77e-87	318
Seq_6189	otu004218	88.189	254	28	2	1	253	504	756	1.78e-82	302
Seq_6190	otu004218	87.747	253	31	0	1	253	504	756	8.27e-81	296
Seq_6191	otu004218	88.142	253	30	0	1	253	504	756	1.78e-82	302
Seq_6192	otu004218	89.723	253	26	0	1	253	504	756	3.79e-89	324
Seq_6193	otu004218	89.370	254	25	2	1	253	504	756	1.77e-87	318
Seq_6194	otu004218	88.583	254	27	2	1	253	504	756	3.82e-84	307
Seq_6195	otu002183	83.740	246	38	2	1	245	505	749	2.37e-61	231
Seq_6196	otu004218	86.957	253	33	0	1	253	504	756	1.79e-77	285
Seq_6197	otu004218	87.747	253	31	0	1	253	504	756	8.27e-81	296
Seq_6198	otu004218	88.142	253	30	0	1	253	504	756	1.78e-82	302
Seq_6199	otu004218	89.020	255	24	3	1	253	504	756	8.21e-86	313
Seq_6200	otu004218	88.627	255	25	3	1	253	504	756	3.82e-84	307
Seq_6201	otu004218	87.500	256	26	6	1	253	504	756	3.85e-79	291
Seq_6202	otu004218	87.059	255	29	3	1	253	504	756	1.79e-77	285
Seq_6203	otu004218	87.451	255	28	3	1	253	504	756	3.85e-79	291
Seq_6204	otu004218	87.843	255	27	3	1	253	504	756	8.27e-81	296
Seq_6205	otu004218	87.402	254	30	2	1	253	504	756	3.85e-79	291
Seq_6206	otu004218	88.583	254	27	2	1	253	504	756	3.82e-84	307
Seq_6207	otu004218	88.189	254	28	2	1	253	504	756	1.78e-82	302
Seq_6208	otu004218	87.402	254	30	2	1	253	504	756	3.85e-79	291
Seq_6209	otu004218	87.402	254	30	2	1	253	504	756	3.85e-79	291
Seq_6210	otu004218	87.008	254	31	2	1	253	504	756	1.79e-77	285
Seq_6211	otu004218	87.008	254	31	2	1	253	504	756	1.79e-77	285
Seq_6212	otu004218	86.614	254	32	2	1	253	504	756	8.33e-76	279
Seq_6213	otu004218	86.220	254	33	2	1	253	504	756	3.88e-74	274
Seq_6214	otu004218	85.882	255	32	4	1	253	504	756	1.80e-72	268
Seq_6215	otu000788	88.672	256	24	5	1	253	509	762	3.82e-84	307
Seq_6216	otu000788	88.760	258	20	8	1	253	509	762	3.82e-84	307
Seq_6217	otu002322	81.853	259	35	11	1	253	521	773	3.99e-54	207
Seq_6218	otu002322	81.467	259	36	11	1	253	521	773	1.85e-52	202
Seq_6219	otu000788	88.189	254	29	1	1	253	509	762	1.78e-82	302
Seq_6220	otu000788	89.370	254	26	1	1	253	509	762	1.77e-87	318
Seq_6221	otu002783	82.677	254	42	2	1	253	528	780	3.96e-59	224
Seq_6222	otu001946	82.677	254	42	2	1	253	530	782	3.96e-59	224
Seq_6223	otu000885	83.203	256	37	6	1	253	486	738	8.51e-61	230
Seq_6224	otu000288	85.156	256	32	6	1	253	511	763	3.90e-69	257
Seq_6225	otu000885	83.594	256	36	6	1	253	486	738	1.83e-62	235
Seq_6226	otu000885	83.984	256	35	6	1	253	486	738	3.93e-64	241
Seq_6227	otu000885	83.594	256	36	6	1	253	486	738	1.83e-62	235
Seq_6228	otu001946	81.890	254	44	2	1	253	530	782	8.57e-56	213
Seq_6229	otu000885	82.031	256	40	6	1	253	486	738	8.57e-56	213
Seq_6230	otu001946	82.677	254	42	2	1	253	530	782	3.96e-59	224
Seq_6231	otu000288	83.594	256	36	6	1	253	511	763	1.83e-62	235
Seq_6232	otu000288	83.936	249	35	5	7	253	518	763	6.58e-62	233
Seq_6233	otu002783	82.677	254	42	2	1	253	528	780	3.96e-59	224
Seq_6234	otu002783	82.283	254	43	2	1	253	528	780	1.84e-57	219
Seq_6235	otu002783	83.071	254	41	2	1	253	528	780	8.51e-61	230
Seq_6236	otu002183	81.224	245	46	0	1	245	505	749	2.40e-51	198
Seq_6237	otu003554	84.706	255	35	4	1	253	549	801	1.82e-67	252
Seq_6238	otu002835	80.632	253	49	0	1	253	486	738	8.63e-51	196
Seq_6239	otu003597	82.400	250	44	0	1	250	528	777	1.84e-57	219
Seq_6240	otu000095	84.585	253	37	2	2	253	545	796	6.53e-67	250
Seq_6241	otu002922	82.813	256	38	6	1	253	474	726	3.96e-59	224
Seq_6242	otu000877	89.328	253	27	0	1	253	515	767	1.77e-87	318
Seq_6243	otu000877	89.723	253	26	0	1	253	515	767	3.79e-89	324
Seq_6244	otu002246	88.538	253	29	0	1	253	522	774	3.82e-84	307
Seq_6245	otu000885	88.538	253	29	0	1	253	486	738	3.82e-84	307
Seq_6246	otu003866	81.569	255	41	5	2	253	581	832	1.43e-53	206
Seq_6247	otu003866	84.047	257	31	10	2	253	581	832	1.41e-63	239
Seq_6248	otu001606	79.821	223	35	6	6	224	507	723	5.27e-38	154
Seq_6249	otu003998	77.642	246	47	8	12	253	515	756	1.14e-34	143
Seq_6250	otu001606	78.924	223	37	6	6	224	507	723	1.14e-34	143
Seq_6251	otu001606	93.684	95	6	0	130	224	629	723	1.14e-34	143
Seq_6252	otu003998	78.776	245	46	6	12	253	515	756	1.13e-39	159
Seq_6253	otu003866	85.375	253	35	2	2	253	581	832	3.02e-70	261
Seq_6254	otu003866	85.433	254	33	4	2	253	581	832	3.02e-70	261
Seq_6255	otu003866	85.375	253	35	2	2	253	581	832	3.02e-70	261
Seq_6256	otu003866	86.220	254	31	4	2	253	581	832	1.39e-73	272
Seq_6257	otu003866	86.220	254	31	4	2	253	581	832	1.39e-73	272
Seq_6258	otu003866	95.652	253	11	0	1	253	580	832	3.66e-114	407
Seq_6259	otu003866	93.676	253	16	0	1	253	580	832	7.98e-106	379
Seq_6260	otu003866	93.676	253	16	0	1	253	580	832	7.98e-106	379
Seq_6261	otu003866	93.281	253	17	0	1	253	580	832	3.71e-104	374
Seq_6262	otu003866	93.676	253	16	0	1	253	580	832	7.98e-106	379
Seq_6263	otu003866	96.047	253	10	0	1	253	580	832	7.87e-116	412
Seq_6265	otu002712	85.200	250	37	0	1	250	544	793	3.90e-69	257
Seq_6266	otu004227	83.200	250	42	0	1	250	526	775	8.51e-61	230
Seq_6267	otu002913	85.600	250	36	0	1	250	544	793	8.39e-71	263
Seq_6268	otu000883	86.275	255	31	4	1	253	518	770	3.88e-74	274
Seq_6269	otu003586	85.714	252	32	4	1	250	519	768	8.39e-71	263
Seq_6270	otu002663	82.158	241	39	4	12	250	481	719	5.16e-53	204
Seq_6271	otu004051	80.237	253	44	6	1	250	505	754	1.87e-47	185
Seq_6272	otu000883	84.167	240	32	6	14	250	531	767	3.06e-60	228
Seq_6273	otu002993	83.817	241	35	4	12	250	482	720	1.10e-59	226
Seq_6274	otu001614	84.388	237	37	0	14	250	486	722	6.58e-62	233
Seq_6275	otu001614	83.539	243	34	6	14	253	486	725	1.42e-58	222
Seq_6276	otu001614	82.845	239	37	4	14	250	486	722	3.08e-55	211
Seq_6277	otu001614	83.264	239	36	4	14	250	486	722	6.62e-57	217
Seq_6278	otu004471	81.890	254	44	2	1	253	487	739	8.57e-56	213
Seq_6279	otu003431	85.827	254	34	2	1	253	474	726	1.80e-72	268
Seq_6280	otu004541	86.454	251	32	2	1	250	474	723	3.88e-74	274
Seq_6281	otu001209	83.401	247	39	2	8	253	551	796	3.06e-60	228
Seq_6282	otu001209	83.401	247	39	2	8	253	551	796	3.06e-60	228
Seq_6283	otu001209	82.996	247	40	2	8	253	551	796	1.42e-58	222
Seq_6284	otu001209	82.186	247	42	2	8	253	551	796	3.08e-55	211
Seq_6285	otu002663	87.097	248	31	1	6	253	476	722	8.33e-76	279
Seq_6286	otu003963	83.529	255	36	6	2	253	500	751	6.58e-62	233
Seq_6287	otu001209	85.141	249	32	5	7	253	551	796	6.53e-67	250
Seq_6288	otu001209	83.534	249	36	5	7	253	551	796	3.06e-60	228
Seq_6289	otu001209	85.141	249	32	5	7	253	551	796	6.53e-67	250
Seq_6290	otu001209	82.731	249	38	5	7	253	551	796	6.62e-57	217
Seq_6291	otu001209	82.731	249	38	5	7	253	551	796	6.62e-57	217
Seq_6292	otu002312	85.375	253	37	0	1	253	511	763	8.39e-71	263
Seq_6293	otu002312	84.980	253	38	0	1	253	511	763	3.90e-69	257
Seq_6294	otu002312	84.585	253	39	0	1	253	511	763	1.82e-67	252
Seq_6295	otu002312	86.166	253	35	0	1	253	511	763	3.88e-74	274
Seq_6296	otu002312	86.166	253	35	0	1	253	511	763	3.88e-74	274
Seq_6297	otu004098	83.600	250	37	4	6	253	647	894	2.37e-61	231
Seq_6298	otu001696	83.871	248	40	0	6	253	478	725	5.08e-63	237
Seq_6299	otu004098	82.869	251	37	6	6	253	647	894	5.12e-58	220
Seq_6300	otu004098	83.267	251	36	6	6	253	647	894	1.10e-59	226
Seq_6301	otu002312	85.039	254	36	2	1	253	511	763	3.90e-69	257
Seq_6302	otu002312	85.771	253	36	0	1	253	511	763	1.80e-72	268
Seq_6303	otu002312	85.375	253	37	0	1	253	511	763	8.39e-71	263
Seq_6304	otu002312	85.375	253	37	0	1	253	511	763	8.39e-71	263
Seq_6305	otu002312	85.771	253	36	0	1	253	511	763	1.80e-72	268
Seq_6306	otu002312	86.166	253	35	0	1	253	511	763	3.88e-74	274
Seq_6307	otu002312	89.723	253	26	0	1	253	511	763	3.79e-89	324
Seq_6308	otu002312	84.585	253	39	0	1	253	511	763	1.82e-67	252
Seq_6309	otu002312	84.190	253	40	0	1	253	511	763	8.45e-66	246
Seq_6310	otu002312	88.142	253	30	0	1	253	511	763	1.78e-82	302
Seq_6311	otu002312	86.561	253	34	0	1	253	511	763	8.33e-76	279
Seq_6312	otu003573	82.283	254	33	12	6	253	626	873	1.11e-54	209
Seq_6313	otu000838	82.869	251	37	6	6	253	544	791	5.12e-58	220
Seq_6314	otu002312	86.166	253	35	0	1	253	511	763	3.88e-74	274
Seq_6315	otu002312	85.375	253	37	0	1	253	511	763	8.39e-71	263
Seq_6316	otu002312	84.980	253	38	0	1	253	511	763	3.90e-69	257
Seq_6317	otu002312	86.561	253	34	0	1	253	511	763	8.33e-76	279
Seq_6318	otu002312	87.352	253	32	0	1	253	511	763	3.85e-79	291
Seq_6319	otu001848	81.673	251	37	9	7	253	525	770	6.67e-52	200
Seq_6320	otu002545	79.762	252	46	5	4	253	526	774	3.13e-45	178
Seq_6321	otu002088	81.176	255	42	6	2	253	535	786	6.67e-52	200
Seq_6322	otu003902	82.745	255	40	4	1	253	528	780	3.96e-59	224
Seq_6323	otu002213	96.047	253	10	0	1	253	524	776	7.87e-116	412
Seq_6324	otu002213	99.209	253	2	0	1	253	524	776	3.59e-129	457
Seq_6325	otu002213	83.922	255	37	3	1	253	524	776	3.93e-64	241
Seq_6326	otu002213	87.843	255	28	3	1	254	524	776	8.31e-81	296
Seq_6327	otu001106	90.945	254	21	2	1	253	518	770	3.77e-94	340
Seq_6328	otu001106	88.933	253	28	0	1	253	518	770	8.21e-86	313
Seq_6329	otu001106	87.747	253	31	0	1	253	518	770	8.27e-81	296
Seq_6330	otu002213	84.585	253	39	0	1	253	524	776	1.82e-67	252
Seq_6331	otu002213	83.794	253	41	0	1	253	524	776	3.93e-64	241
Seq_6332	otu001106	90.196	255	21	4	1	253	518	770	8.15e-91	329
Seq_6333	otu001106	87.747	253	29	2	2	253	519	770	2.97e-80	294
Seq_6334	otu001106	87.795	254	29	2	1	253	518	770	8.27e-81	296
Seq_6335	otu001106	89.764	254	24	2	1	253	518	770	3.79e-89	324
Seq_6336	otu001106	89.328	253	27	0	1	253	518	770	1.77e-87	318
Seq_6337	otu002213	85.375	253	37	0	1	253	524	776	8.39e-71	263
Seq_6338	otu001106	92.095	253	20	0	1	253	518	770	3.74e-99	357
Seq_6339	otu002213	83.004	253	43	0	1	253	524	776	8.51e-61	230
Seq_6340	otu002213	85.771	253	36	0	1	253	524	776	1.80e-72	268
Seq_6341	otu001106	87.008	254	31	2	1	253	518	770	1.79e-77	285
Seq_6342	otu002213	84.190	253	40	0	1	253	524	776	8.45e-66	246
Seq_6343	otu002213	85.433	254	35	2	1	253	524	776	8.39e-71	263
Seq_6344	otu002213	85.039	254	36	2	1	253	524	776	3.90e-69	257
Seq_6345	otu002213	83.922	255	37	3	1	253	524	776	3.93e-64	241
Seq_6346	otu002213	86.166	253	35	0	1	253	524	776	3.88e-74	274
Seq_6347	otu002213	87.795	254	30	1	1	254	524	776	8.31e-81	296
Seq_6348	otu002213	83.333	252	42	0	2	253	525	776	6.58e-62	233
Seq_6349	otu002213	85.039	254	36	2	1	253	524	776	3.90e-69	257
Seq_6350	otu002213	83.465	254	40	2	1	253	524	776	1.83e-62	235
Seq_6351	otu001106	87.352	253	32	0	1	253	518	770	3.85e-79	291
Seq_6352	otu002213	82.677	254	42	2	1	253	524	776	3.96e-59	224
Seq_6353	otu002213	81.423	253	47	0	1	253	524	776	3.99e-54	207
Seq_6354	otu002213	82.213	253	45	0	1	253	524	776	1.84e-57	219
Seq_6355	otu002213	81.250	256	42	5	1	253	524	776	1.85e-52	202
Seq_6356	otu002213	82.813	256	38	5	1	253	524	776	3.96e-59	224
Seq_6357	otu002213	80.769	260	36	12	1	253	524	776	4.01e-49	191
Seq_6358	otu002213	80.233	258	41	9	1	253	524	776	1.87e-47	185
Seq_6359	otu002213	78.295	258	46	9	1	253	524	776	4.07e-39	158
Seq_6360	otu002213	78.682	258	45	9	1	253	524	776	8.75e-41	163
Seq_6361	otu002213	77.907	258	47	9	1	253	524	776	1.89e-37	152
Seq_6362	otu002213	77.606	259	46	11	1	253	524	776	8.81e-36	147
Seq_6363	otu002213	78.210	257	48	7	1	253	524	776	4.07e-39	158
Seq_6364	otu002213	84.585	253	39	0	1	253	524	776	1.82e-67	252
Seq_6365	otu002506	81.641	256	41	6	1	253	532	784	3.99e-54	207
Seq_6366	otu003663	83.200	250	38	4	6	253	525	772	1.10e-59	226
Seq_6367	otu000270	82.031	256	40	5	1	253	526	778	8.57e-56	213
Seq_6368	otu000270	81.250	256	42	5	1	253	526	778	1.85e-52	202
Seq_6369	otu002213	82.745	255	40	4	1	253	524	776	3.96e-59	224
Seq_6370	otu002213	82.745	255	40	4	1	253	524	776	3.96e-59	224
Seq_6371	otu002213	83.922	255	37	4	1	253	524	776	3.93e-64	241
Seq_6372	otu002213	83.922	255	37	4	1	253	524	776	3.93e-64	241
Seq_6373	otu002213	82.353	255	41	4	1	253	524	776	1.84e-57	219
Seq_6374	otu002213	82.745	255	40	4	1	253	524	776	3.96e-59	224
Seq_6375	otu002213	83.137	255	39	4	1	253	524	776	8.51e-61	230
Seq_6376	otu002213	85.547	256	31	6	1	253	524	776	8.39e-71	263
Seq_6377	otu001106	82.283	254	43	2	1	253	518	770	1.84e-57	219
Seq_6378	otu002213	81.712	257	39	7	1	253	524	776	3.99e-54	207
Seq_6379	otu002213	83.922	255	37	3	1	253	524	776	3.93e-64	241
Seq_6380	otu002213	83.858	254	37	3	2	253	525	776	1.41e-63	239
Seq_6381	otu002213	83.071	254	39	3	2	253	525	776	3.06e-60	228
Seq_6382	otu001106	82.490	257	37	8	1	253	518	770	1.84e-57	219
Seq_6383	otu001106	82.490	257	37	8	1	253	518	770	1.84e-57	219
Seq_6384	otu002718	78.431	255	51	4	1	253	524	776	8.75e-41	163
Seq_6386	otu002625	78.125	256	38	13	6	252	523	769	8.78e-36	147
Seq_6387	otu002625	77.734	256	39	13	6	252	523	769	4.08e-34	141
Seq_6388	otu002851	79.268	246	44	7	11	252	546	788	2.42e-41	165
Seq_6389	otu002578	77.689	251	47	8	6	252	654	899	3.16e-35	145
Seq_6390	otu004107	79.268	246	44	7	11	252	563	805	2.42e-41	165
Seq_6391	otu004107	79.675	246	43	7	11	252	563	805	5.21e-43	171
Seq_6392	otu000479	80.081	246	42	7	11	252	560	802	1.12e-44	176
Seq_6393	otu000479	79.675	246	43	7	11	252	560	802	5.21e-43	171
Seq_6394	otu002851	79.675	246	43	7	11	252	546	788	5.21e-43	171
Seq_6395	otu004107	80.081	246	42	7	11	252	563	805	1.12e-44	176
Seq_6396	otu003962	77.953	254	47	9	1	249	540	789	6.78e-37	150
Seq_6397	otu002625	77.689	251	48	8	6	252	523	769	8.78e-36	147
Seq_6398	otu002625	78.088	251	47	8	6	252	523	769	1.89e-37	152
Seq_6399	otu003509	87.747	253	31	0	1	253	519	771	8.27e-81	296
Seq_6400	otu001065	82.879	257	35	7	1	253	519	770	1.42e-58	222
Seq_6401	otu002743	84.585	253	39	0	1	253	528	780	1.82e-67	252
Seq_6402	otu004552	84.362	243	36	2	12	253	536	777	5.08e-63	237
Seq_6403	otu002743	85.547	256	31	6	1	253	528	780	8.39e-71	263
Seq_6404	otu002743	85.039	254	36	2	1	253	528	780	3.90e-69	257
Seq_6405	otu002743	84.646	254	37	2	1	253	528	780	1.82e-67	252
Seq_6406	otu004552	85.375	253	37	0	1	253	525	777	8.39e-71	263
Seq_6407	otu002743	83.004	253	43	0	1	253	528	780	8.51e-61	230
Seq_6408	otu001065	82.745	255	39	4	1	253	519	770	1.42e-58	222
Seq_6409	otu004014	82.239	259	34	11	1	253	527	779	8.57e-56	213
Seq_6410	otu001065	85.039	254	35	3	1	253	519	770	1.40e-68	255
Seq_6411	otu001065	85.039	254	35	2	1	253	519	770	1.40e-68	255
Seq_6412	otu001065	83.794	253	40	1	1	253	519	770	1.41e-63	239
Seq_6413	otu001065	83.794	253	40	1	1	253	519	770	1.41e-63	239
Seq_6414	otu001065	83.004	253	42	1	1	253	519	770	3.06e-60	228
Seq_6415	otu001065	84.190	253	39	1	1	253	519	770	3.04e-65	244
Seq_6416	otu003414	83.203	256	35	8	2	253	504	755	3.06e-60	228
Seq_6417	otu000270	84.252	254	38	2	1	253	526	778	8.45e-66	246
Seq_6418	otu003758	83.399	253	42	0	1	253	527	779	1.83e-62	235
Seq_6419	otu001065	84.314	255	35	5	1	253	519	770	3.04e-65	244
Seq_6420	otu001065	83.922	255	36	5	1	253	519	770	1.41e-63	239
Seq_6421	otu002219	84.167	240	38	0	14	253	486	725	6.58e-62	233
Seq_6422	otu004552	81.496	254	45	2	1	253	525	777	3.99e-54	207
Seq_6423	otu004552	81.423	253	47	0	1	253	525	777	3.99e-54	207
Seq_6424	otu004552	81.818	253	46	0	1	253	525	777	8.57e-56	213
Seq_6425	otu004552	81.423	253	47	0	1	253	525	777	3.99e-54	207
Seq_6426	otu002891	84.980	253	38	0	1	253	522	774	3.90e-69	257
Seq_6427	otu002891	85.375	253	37	0	1	253	522	774	8.39e-71	263
Seq_6428	otu000834	85.490	255	33	4	1	253	527	779	8.39e-71	263
Seq_6429	otu000834	86.328	256	29	6	1	253	527	779	3.88e-74	274
Seq_6430	otu001969	86.561	253	34	0	1	253	523	775	8.33e-76	279
Seq_6431	otu004419	88.142	253	30	0	1	253	523	775	1.78e-82	302
Seq_6432	otu004419	88.933	253	28	0	1	253	523	775	8.21e-86	313
Seq_6433	otu000162	93.281	253	17	0	1	253	525	777	3.71e-104	374
Seq_6434	otu000162	92.885	253	18	0	1	253	525	777	1.73e-102	368
Seq_6435	otu000162	95.257	253	12	0	1	253	525	777	1.70e-112	401
Seq_6436	otu000162	94.071	253	15	0	1	253	525	777	1.72e-107	385
Seq_6437	otu000162	94.466	253	14	0	1	253	525	777	3.69e-109	390
Seq_6438	otu000162	92.095	253	20	0	1	253	525	777	3.74e-99	357
Seq_6439	otu000162	92.490	253	19	0	1	253	525	777	8.04e-101	363
Seq_6440	otu000162	90.909	253	23	0	1	253	525	777	3.77e-94	340
Seq_6441	otu000162	92.885	253	18	0	1	253	525	777	1.73e-102	368
Seq_6442	otu000162	92.490	253	19	0	1	253	525	777	8.04e-101	363
Seq_6443	otu000162	92.885	253	18	0	1	253	525	777	1.73e-102	368
Seq_6444	otu003118	88.142	253	30	0	1	253	522	774	1.78e-82	302
Seq_6445	otu003118	88.538	253	29	0	1	253	522	774	3.82e-84	307
Seq_6446	otu003118	87.747	253	31	0	1	253	522	774	8.27e-81	296
Seq_6447	otu003118	88.142	253	30	0	1	253	522	774	1.78e-82	302
Seq_6448	otu003118	88.142	253	30	0	1	253	522	774	1.78e-82	302
Seq_6449	otu003118	88.933	253	28	0	1	253	522	774	8.21e-86	313
Seq_6450	otu002580	87.402	254	30	2	1	253	520	772	3.85e-79	291
Seq_6451	otu002580	87.795	254	29	2	1	253	520	772	8.27e-81	296
Seq_6452	otu003779	86.957	253	33	0	1	253	520	772	1.79e-77	285
Seq_6453	otu001249	89.412	255	23	4	1	253	523	775	1.77e-87	318
Seq_6454	otu001821	89.723	253	26	0	1	253	523	775	3.79e-89	324
Seq_6455	otu001821	90.157	254	23	2	1	253	523	775	8.15e-91	329
Seq_6456	otu001821	87.891	256	25	6	1	253	523	775	8.27e-81	296
Seq_6457	otu000209	86.220	254	33	2	1	253	527	779	3.88e-74	274
Seq_6458	otu000209	86.561	253	34	0	1	253	527	779	8.33e-76	279
Seq_6459	otu003401	88.983	236	26	0	1	236	526	761	1.07e-79	292
Seq_6460	otu003779	88.627	255	25	4	1	253	520	772	3.82e-84	307
Seq_6461	otu003779	88.235	255	26	4	1	253	520	772	1.78e-82	302
Seq_6462	otu003118	88.538	253	29	0	1	253	522	774	3.82e-84	307
Seq_6463	otu001903	78.740	254	52	2	1	253	513	765	1.88e-42	169
Seq_6464	otu004108	92.095	253	20	0	1	253	532	784	3.74e-99	357
Seq_6465	otu004295	88.583	254	27	2	1	253	526	778	3.82e-84	307
Seq_6466	otu000720	87.008	254	30	3	1	252	528	780	6.41e-77	283
Seq_6467	otu001586	86.220	254	32	3	1	252	530	782	1.39e-73	272
Seq_6468	otu001586	86.614	254	31	3	1	252	530	782	2.98e-75	278
Seq_6469	otu002891	88.235	255	26	4	1	253	522	774	1.78e-82	302
Seq_6470	otu000226	83.465	254	40	2	1	253	527	779	1.83e-62	235
Seq_6471	otu004067	85.490	255	33	4	1	253	532	784	8.39e-71	263
Seq_6472	otu004067	83.137	255	39	4	1	253	532	784	8.51e-61	230
Seq_6473	otu004067	83.529	255	38	4	1	253	532	784	1.83e-62	235
Seq_6474	otu002891	85.375	253	37	0	1	253	522	774	8.39e-71	263
Seq_6475	otu003954	84.252	254	38	2	1	253	531	783	8.45e-66	246
Seq_6476	otu003954	85.433	254	35	2	1	253	531	783	8.39e-71	263
Seq_6477	otu002891	85.771	253	36	0	1	253	522	774	1.80e-72	268
Seq_6478	otu002891	87.352	253	32	0	1	253	522	774	3.85e-79	291
Seq_6479	otu002891	86.957	253	33	0	1	253	522	774	1.79e-77	285
Seq_6480	otu002891	87.352	253	32	0	1	253	522	774	3.85e-79	291
Seq_6481	otu000226	89.723	253	26	0	1	253	527	779	3.79e-89	324
Seq_6482	otu001214	89.723	253	26	0	1	253	522	774	3.79e-89	324
Seq_6483	otu004287	84.646	254	38	1	1	254	523	775	1.82e-67	252
Seq_6484	otu000226	81.890	254	44	2	1	253	527	779	8.57e-56	213
Seq_6485	otu002891	86.957	253	33	0	1	253	522	774	1.79e-77	285
Seq_6486	otu002891	87.352	253	32	0	1	253	522	774	3.85e-79	291
Seq_6487	otu002376	94.094	254	13	2	1	253	510	762	1.72e-107	385
Seq_6488	otu002376	94.466	253	14	0	1	253	510	762	3.69e-109	390
Seq_6489	otu003794	100.000	253	0	0	1	253	509	761	1.66e-132	468
Seq_6490	otu003794	98.024	253	5	0	1	253	509	761	3.61e-124	440
Seq_6491	otu003522	97.628	253	6	0	1	253	522	774	1.68e-122	435
Seq_6492	otu003522	97.233	253	7	0	1	253	522	774	7.82e-121	429
Seq_6493	otu001412	93.701	254	14	2	1	253	524	776	7.98e-106	379
Seq_6494	otu000378	89.764	254	24	2	1	253	522	774	3.79e-89	324
Seq_6495	otu003009	90.119	253	25	0	1	253	510	762	8.15e-91	329
Seq_6496	otu003009	99.605	253	1	0	1	253	510	762	7.71e-131	462
Seq_6497	otu003009	90.119	253	25	0	1	253	510	762	8.15e-91	329
Seq_6498	otu004287	87.891	256	25	6	1	253	523	775	8.27e-81	296
Seq_6499	otu003679	100.000	253	0	0	1	253	509	761	1.66e-132	468
Seq_6500	otu003679	94.902	255	9	4	1	253	509	761	7.93e-111	396
Seq_6501	otu002891	85.098	255	34	4	1	253	522	774	3.90e-69	257
Seq_6502	otu002891	86.667	255	30	4	1	253	522	774	8.33e-76	279
Seq_6503	otu002891	85.490	255	33	4	1	253	522	774	8.39e-71	263
Seq_6504	otu002891	84.436	257	32	7	1	253	522	774	8.45e-66	246
Seq_6505	otu003118	86.667	255	29	5	1	252	522	774	2.98e-75	278
Seq_6506	otu003118	85.490	255	32	5	1	252	522	774	3.00e-70	261
Seq_6507	otu003118	85.827	254	33	3	1	252	522	774	6.46e-72	267
Seq_6508	otu003118	87.008	254	30	3	1	252	522	774	6.41e-77	283
Seq_6509	otu003118	86.166	253	34	1	1	252	522	774	1.39e-73	272
Seq_6510	otu000807	97.233	253	7	0	1	253	531	783	7.82e-121	429
Seq_6511	otu002779	97.628	253	6	0	1	253	529	781	1.68e-122	435
Seq_6512	otu002779	98.419	253	4	0	1	253	529	781	7.76e-126	446
Seq_6513	otu000807	97.628	253	6	0	1	253	531	783	1.68e-122	435
Seq_6514	otu000807	98.024	253	5	0	1	253	531	783	3.61e-124	440
Seq_6515	otu002779	97.628	253	6	0	1	253	529	781	1.68e-122	435
Seq_6516	otu002779	98.024	253	5	0	1	253	529	781	3.61e-124	440
Seq_6517	otu002779	97.628	253	6	0	1	253	529	781	1.68e-122	435
Seq_6518	otu000807	98.024	253	5	0	1	253	531	783	3.61e-124	440
Seq_6519	otu001249	86.166	253	35	0	1	253	523	775	3.88e-74	274
Seq_6520	otu001249	86.166	253	35	0	1	253	523	775	3.88e-74	274
Seq_6521	otu003779	89.328	253	27	0	1	253	520	772	1.77e-87	318
Seq_6522	otu003779	86.957	253	33	0	1	253	520	772	1.79e-77	285
Seq_6523	otu003118	87.402	254	30	2	1	253	522	774	3.85e-79	291
Seq_6524	otu003118	87.795	254	29	2	1	253	522	774	8.27e-81	296
Seq_6525	otu003641	88.235	255	26	4	1	253	520	772	1.78e-82	302
Seq_6526	otu003118	87.747	253	31	0	1	253	522	774	8.27e-81	296
Seq_6527	otu000486	87.795	254	29	2	1	253	527	779	8.27e-81	296
Seq_6528	otu000486	87.402	254	30	2	1	253	527	779	3.85e-79	291
Seq_6529	otu000486	87.402	254	30	2	1	253	527	779	3.85e-79	291
Seq_6530	otu003118	88.142	253	30	0	1	253	522	774	1.78e-82	302
Seq_6531	otu003118	88.538	253	29	0	1	253	522	774	3.82e-84	307
Seq_6532	otu003118	88.142	253	30	0	1	253	522	774	1.78e-82	302
Seq_6533	otu003118	88.142	253	30	0	1	253	522	774	1.78e-82	302
Seq_6534	otu003118	90.119	253	25	0	1	253	522	774	8.15e-91	329
Seq_6535	otu003118	90.514	253	24	0	1	253	522	774	1.75e-92	335
Seq_6536	otu003118	89.328	253	27	0	1	253	522	774	1.77e-87	318
Seq_6537	otu003118	88.142	253	30	0	1	253	522	774	1.78e-82	302
Seq_6538	otu003118	88.142	253	30	0	1	253	522	774	1.78e-82	302
Seq_6539	otu003295	88.189	254	28	2	1	253	523	775	1.78e-82	302
Seq_6540	otu004043	88.235	255	26	4	1	253	524	776	1.78e-82	302
Seq_6541	otu003295	88.583	254	27	2	1	253	523	775	3.82e-84	307
Seq_6542	otu003118	88.142	253	30	0	1	253	522	774	1.78e-82	302
Seq_6543	otu003118	88.933	253	28	0	1	253	522	774	8.21e-86	313
Seq_6544	otu003118	89.328	253	27	0	1	253	522	774	1.77e-87	318
Seq_6545	otu003118	89.723	253	26	0	1	253	522	774	3.79e-89	324
Seq_6546	otu003118	88.933	253	28	0	1	253	522	774	8.21e-86	313
Seq_6547	otu003118	89.328	253	27	0	1	253	522	774	1.77e-87	318
Seq_6548	otu003118	88.933	253	28	0	1	253	522	774	8.21e-86	313
Seq_6549	otu003118	88.142	253	30	0	1	253	522	774	1.78e-82	302
Seq_6550	otu003118	89.328	253	27	0	1	253	522	774	1.77e-87	318
Seq_6551	otu003779	88.933	253	28	0	1	253	520	772	8.21e-86	313
Seq_6552	otu000008	99.605	253	1	0	1	253	525	777	7.71e-131	462
Seq_6553	otu000008	97.628	253	6	0	1	253	525	777	1.68e-122	435
Seq_6554	otu000008	94.862	253	13	0	1	253	525	777	7.93e-111	396
Seq_6555	otu000008	94.466	253	14	0	1	253	525	777	3.69e-109	390
Seq_6556	otu000008	94.862	253	13	0	1	253	525	777	7.93e-111	396
Seq_6557	otu000008	97.244	254	5	2	1	253	525	777	7.82e-121	429
Seq_6558	otu000008	97.628	253	6	0	1	253	525	777	1.68e-122	435
Seq_6559	otu000008	96.443	253	9	0	1	253	525	777	1.69e-117	418
Seq_6560	otu000008	95.652	253	11	0	1	253	525	777	3.66e-114	407
Seq_6561	otu000008	94.466	253	14	0	1	253	525	777	3.69e-109	390
Seq_6562	otu000008	94.071	253	15	0	1	253	525	777	1.72e-107	385
Seq_6563	otu000008	94.466	253	14	0	1	253	525	777	3.69e-109	390
Seq_6564	otu000008	94.466	253	14	0	1	253	525	777	3.69e-109	390
Seq_6565	otu000008	93.676	253	16	0	1	253	525	777	7.98e-106	379
Seq_6566	otu000008	94.071	253	15	0	1	253	525	777	1.72e-107	385
Seq_6567	otu000008	96.443	253	9	0	1	253	525	777	1.69e-117	418
Seq_6568	otu004133	89.063	256	22	6	1	253	517	769	8.21e-86	313
Seq_6569	otu004133	91.339	254	20	2	1	253	517	769	8.10e-96	346
Seq_6570	otu004133	87.402	254	30	2	1	253	517	769	3.85e-79	291
Seq_6571	otu004133	88.142	253	30	0	1	253	517	769	1.78e-82	302
Seq_6572	otu004133	92.157	255	16	4	1	253	517	769	3.74e-99	357
Seq_6573	otu004133	99.605	253	1	0	1	253	517	769	7.71e-131	462
Seq_6574	otu004133	87.160	257	26	6	1	254	517	769	1.80e-77	285
Seq_6575	otu004133	86.381	257	28	6	1	254	517	769	3.89e-74	274
Seq_6576	otu004133	86.719	256	29	5	1	254	517	769	8.37e-76	279
Seq_6577	otu004133	89.804	255	23	3	1	254	517	769	3.81e-89	324
Seq_6578	otu004133	89.020	255	25	3	1	254	517	769	8.25e-86	313
Seq_6579	otu004133	87.008	254	31	2	1	253	517	769	1.79e-77	285
Seq_6580	otu004133	86.220	254	33	2	1	253	517	769	3.88e-74	274
Seq_6581	otu004419	90.119	253	25	0	1	253	523	775	8.15e-91	329
Seq_6582	otu001922	97.200	250	7	0	1	250	521	770	3.64e-119	424
Seq_6583	otu003493	97.628	253	6	0	1	253	528	780	1.68e-122	435
Seq_6584	otu004002	94.071	253	15	0	1	253	527	779	1.72e-107	385
Seq_6585	otu004002	94.466	253	14	0	1	253	527	779	3.69e-109	390
Seq_6586	otu004002	97.628	253	6	0	1	253	527	779	1.68e-122	435
Seq_6587	otu004002	98.024	253	5	0	1	253	527	779	3.61e-124	440
Seq_6588	otu003779	93.676	253	16	0	1	253	520	772	7.98e-106	379
Seq_6589	otu001698	99.605	253	1	0	1	253	520	772	7.71e-131	462
Seq_6590	otu004001	100.000	253	0	0	1	253	520	772	1.66e-132	468
Seq_6591	otu001249	89.328	253	27	0	1	253	523	775	1.77e-87	318
Seq_6592	otu003118	83.529	255	38	4	1	253	522	774	1.83e-62	235
Seq_6593	otu003118	83.137	255	39	4	1	253	522	774	8.51e-61	230
Seq_6594	otu003779	84.706	255	35	4	1	253	520	772	1.82e-67	252
Seq_6595	otu004528	84.252	254	38	2	1	253	530	782	8.45e-66	246
Seq_6596	otu000353	82.677	254	42	2	1	253	528	780	3.96e-59	224
Seq_6597	otu000353	89.328	253	27	0	1	253	528	780	1.77e-87	318
Seq_6598	otu000834	89.723	253	26	0	1	253	527	779	3.79e-89	324
Seq_6599	otu000834	92.490	253	19	0	1	253	527	779	8.04e-101	363
Seq_6600	otu000834	92.885	253	18	0	1	253	527	779	1.73e-102	368
Seq_6601	otu004078	92.126	254	18	2	1	253	527	779	3.74e-99	357
Seq_6602	otu004078	91.700	253	21	0	1	253	527	779	1.74e-97	351
Seq_6603	otu004078	92.095	253	20	0	1	253	527	779	3.74e-99	357
Seq_6604	otu004078	92.095	253	20	0	1	253	527	779	3.74e-99	357
Seq_6605	otu004078	92.520	254	17	2	1	253	527	779	8.04e-101	363
Seq_6606	otu004078	98.024	253	5	0	1	253	527	779	3.61e-124	440
Seq_6607	otu004078	97.233	253	7	0	1	253	527	779	7.82e-121	429
Seq_6608	otu004078	95.276	254	10	2	1	253	527	779	1.70e-112	401
Seq_6609	otu004078	93.281	253	17	0	1	253	527	779	3.71e-104	374
Seq_6610	otu000834	93.281	253	17	0	1	253	527	779	3.71e-104	374
Seq_6611	otu000834	92.885	253	18	0	1	253	527	779	1.73e-102	368
Seq_6612	otu000834	92.490	253	19	0	1	253	527	779	8.04e-101	363
Seq_6613	otu000834	92.885	253	18	0	1	253	527	779	1.73e-102	368
Seq_6614	otu001249	84.252	254	38	2	1	253	523	775	8.45e-66	246
Seq_6615	otu001249	85.882	255	32	4	1	253	523	775	1.80e-72	268
Seq_6616	otu004078	85.827	254	34	2	1	253	527	779	1.80e-72	268
Seq_6617	otu001969	88.933	253	28	0	1	253	523	775	8.21e-86	313
Seq_6618	otu001645	88.142	253	30	0	1	253	522	774	1.78e-82	302
Seq_6619	otu004419	89.020	255	24	4	1	253	523	775	8.21e-86	313
Seq_6620	otu002145	80.934	257	41	8	1	253	524	776	8.63e-51	196
Seq_6621	otu001821	87.008	254	31	2	1	253	523	775	1.79e-77	285
Seq_6622	otu000008	82.213	253	45	0	1	253	525	777	1.84e-57	219
Seq_6623	otu004147	81.176	255	44	4	1	253	522	774	1.85e-52	202
Seq_6624	otu000486	86.561	253	34	0	1	253	527	779	8.33e-76	279
Seq_6625	otu001821	89.328	253	27	0	1	253	523	775	1.77e-87	318
Seq_6626	otu001821	87.059	255	29	4	1	253	523	775	1.79e-77	285
Seq_6627	otu003954	87.352	253	32	0	1	253	531	783	3.85e-79	291
Seq_6628	otu001821	87.747	253	31	0	1	253	523	775	8.27e-81	296
Seq_6629	otu002259	85.156	256	33	5	1	254	523	775	3.92e-69	257
Seq_6630	otu001821	86.328	256	29	6	1	253	523	775	3.88e-74	274
Seq_6631	otu001821	86.770	257	26	8	1	253	523	775	8.33e-76	279
Seq_6632	otu002818	83.071	254	41	2	1	253	524	776	8.51e-61	230
Seq_6633	otu001821	84.375	256	34	6	1	253	523	775	8.45e-66	246
Seq_6634	otu002097	96.838	253	8	0	1	253	523	775	3.64e-119	424
Seq_6635	otu002097	92.913	254	16	2	1	253	523	775	1.73e-102	368
Seq_6636	otu001215	100.000	253	0	0	1	253	523	775	1.66e-132	468
Seq_6637	otu002259	99.209	253	2	0	1	253	523	775	3.59e-129	457
Seq_6638	otu002259	100.000	253	0	0	1	253	523	775	1.66e-132	468
Seq_6639	otu002259	98.814	253	3	0	1	253	523	775	1.67e-127	451
Seq_6640	otu003102	99.209	253	2	0	1	253	523	775	3.59e-129	457
Seq_6641	otu002259	97.628	253	6	0	1	253	523	775	1.68e-122	435
Seq_6642	otu001195	98.814	253	3	0	1	253	523	775	1.67e-127	451
Seq_6643	otu001251	99.209	253	2	0	1	253	523	775	3.59e-129	457
Seq_6644	otu002097	96.838	253	8	0	1	253	523	775	3.64e-119	424
Seq_6645	otu002097	97.233	253	7	0	1	253	523	775	7.82e-121	429
Seq_6646	otu001251	99.605	253	1	0	1	253	523	775	7.71e-131	462
Seq_6647	otu002259	98.419	253	4	0	1	253	523	775	7.76e-126	446
Seq_6648	otu002259	97.628	253	6	0	1	253	523	775	1.68e-122	435
Seq_6649	otu002259	98.814	253	3	0	1	253	523	775	1.67e-127	451
Seq_6650	otu001215	96.838	253	8	0	1	253	523	775	3.64e-119	424
Seq_6651	otu001215	97.233	253	7	0	1	253	523	775	7.82e-121	429
Seq_6652	otu001215	98.024	253	5	0	1	253	523	775	3.61e-124	440
Seq_6653	otu001937	97.628	253	6	0	1	253	524	776	1.68e-122	435
Seq_6654	otu001937	98.024	253	5	0	1	253	524	776	3.61e-124	440
Seq_6655	otu001937	96.047	253	10	0	1	253	524	776	7.87e-116	412
Seq_6656	otu004270	99.605	253	1	0	1	253	531	783	7.71e-131	462
Seq_6657	otu003393	90.980	255	21	2	1	254	521	774	1.05e-94	342
Seq_6658	otu003393	90.196	255	23	2	1	254	521	774	2.28e-91	331
Seq_6659	otu003393	92.126	254	20	0	1	254	521	774	1.04e-99	359
Seq_6660	otu003393	84.646	254	39	0	1	254	521	774	5.07e-68	254
Seq_6661	otu002756	88.189	254	28	2	1	253	512	764	1.78e-82	302
Seq_6662	otu002756	88.583	254	27	2	1	253	512	764	3.82e-84	307
Seq_6663	otu002756	88.189	254	28	2	1	253	512	764	1.78e-82	302
Seq_6664	otu000378	89.063	256	22	6	1	253	522	774	8.21e-86	313
Seq_6665	otu000378	88.627	255	25	4	1	253	522	774	3.82e-84	307
Seq_6666	otu002756	89.723	253	26	0	1	253	512	764	3.79e-89	324
Seq_6667	otu002756	88.933	253	28	0	1	253	512	764	8.21e-86	313
Seq_6668	otu002756	88.933	253	28	0	1	253	512	764	8.21e-86	313
Seq_6669	otu000378	88.189	254	28	2	1	253	522	774	1.78e-82	302
Seq_6670	otu000378	88.933	253	28	0	1	253	522	774	8.21e-86	313
Seq_6671	otu000378	98.814	253	3	0	1	253	522	774	1.67e-127	451
Seq_6672	otu002590	91.304	253	22	0	1	253	520	772	8.10e-96	346
Seq_6673	otu003118	89.328	253	27	0	1	253	522	774	1.77e-87	318
Seq_6674	otu003118	89.328	253	27	0	1	253	522	774	1.77e-87	318
Seq_6675	otu003118	90.119	253	25	0	1	253	522	774	8.15e-91	329
Seq_6676	otu003118	89.328	253	27	0	1	253	522	774	1.77e-87	318
Seq_6677	otu003118	89.328	253	27	0	1	253	522	774	1.77e-87	318
Seq_6678	otu003118	88.933	253	28	0	1	253	522	774	8.21e-86	313
Seq_6679	otu000486	89.328	253	27	0	1	253	527	779	1.77e-87	318
Seq_6680	otu002721	92.549	255	15	3	1	253	528	780	8.04e-101	363
Seq_6681	otu004295	92.549	255	15	3	1	253	526	778	8.04e-101	363
Seq_6682	otu004295	92.157	255	16	3	1	253	526	778	3.74e-99	357
Seq_6683	otu004295	92.157	255	16	3	1	253	526	778	3.74e-99	357
Seq_6684	otu003223	92.885	253	18	0	1	253	528	780	1.73e-102	368
Seq_6685	otu002721	93.676	253	16	0	1	253	528	780	7.98e-106	379
Seq_6686	otu000486	92.490	253	19	0	1	253	527	779	8.04e-101	363
Seq_6687	otu000701	87.352	253	32	0	1	253	531	783	3.85e-79	291
Seq_6688	otu000701	87.352	253	32	0	1	253	531	783	3.85e-79	291
Seq_6689	otu000701	88.976	254	26	2	1	253	531	783	8.21e-86	313
Seq_6690	otu000701	89.328	253	27	0	1	253	531	783	1.77e-87	318
Seq_6691	otu000701	89.723	253	26	0	1	253	531	783	3.79e-89	324
Seq_6692	otu000701	88.933	253	28	0	1	253	531	783	8.21e-86	313
Seq_6693	otu000701	87.747	253	31	0	1	253	531	783	8.27e-81	296
Seq_6694	otu000701	88.142	253	30	0	1	253	531	783	1.78e-82	302
Seq_6695	otu000486	87.747	253	31	0	1	253	527	779	8.27e-81	296
Seq_6696	otu000701	88.933	253	28	0	1	253	531	783	8.21e-86	313
Seq_6697	otu000701	89.328	253	27	0	1	253	531	783	1.77e-87	318
Seq_6698	otu000701	87.747	253	31	0	1	253	531	783	8.27e-81	296
Seq_6699	otu000701	88.142	253	30	0	1	253	531	783	1.78e-82	302
Seq_6700	otu000701	88.538	253	29	0	1	253	531	783	3.82e-84	307
Seq_6701	otu000701	89.723	253	26	0	1	253	531	783	3.79e-89	324
Seq_6702	otu000701	89.723	253	26	0	1	253	531	783	3.79e-89	324
Seq_6703	otu000701	88.538	253	29	0	1	253	531	783	3.82e-84	307
Seq_6704	otu000701	88.538	253	29	0	1	253	531	783	3.82e-84	307
Seq_6705	otu000701	88.976	254	26	2	1	253	531	783	8.21e-86	313
Seq_6706	otu000701	89.328	253	27	0	1	253	531	783	1.77e-87	318
Seq_6707	otu000701	89.328	253	27	0	1	253	531	783	1.77e-87	318
Seq_6708	otu000701	90.551	254	22	2	1	253	531	783	1.75e-92	335
Seq_6709	otu000701	90.551	254	22	2	1	253	531	783	1.75e-92	335
Seq_6710	otu000701	91.373	255	18	4	1	253	531	783	8.10e-96	346
Seq_6711	otu000701	90.119	253	25	0	1	253	531	783	8.15e-91	329
Seq_6712	otu000701	90.119	253	25	0	1	253	531	783	8.15e-91	329
Seq_6713	otu000701	90.157	254	23	2	1	253	531	783	8.15e-91	329
Seq_6714	otu000701	88.583	254	27	2	1	253	531	783	3.82e-84	307
Seq_6715	otu000701	89.764	254	24	2	1	253	531	783	3.79e-89	324
Seq_6716	otu004295	88.933	253	28	0	1	253	526	778	8.21e-86	313
Seq_6717	otu000701	88.538	253	29	0	1	253	531	783	3.82e-84	307
Seq_6718	otu000701	89.764	254	24	2	1	253	531	783	3.79e-89	324
Seq_6719	otu003246	87.747	253	31	0	1	253	530	782	8.27e-81	296
Seq_6720	otu000486	90.909	253	23	0	1	253	527	779	3.77e-94	340
Seq_6721	otu000486	91.304	253	22	0	1	253	527	779	8.10e-96	346
Seq_6722	otu000836	84.706	255	36	3	1	254	540	792	1.82e-67	252
Seq_6723	otu001050	84.739	249	27	10	8	250	523	766	1.41e-63	239
Seq_6724	otu004214	82.661	248	36	7	6	250	546	789	8.57e-56	213
Seq_6725	otu003952	83.858	254	39	2	1	253	531	783	3.93e-64	241
Seq_6726	otu003612	85.537	242	31	4	14	253	538	777	6.53e-67	250
Seq_6727	otu003612	85.950	242	30	4	14	253	538	777	1.40e-68	255
Seq_6728	otu003612	85.124	242	32	4	14	253	538	777	3.04e-65	244
Seq_6729	otu003612	85.124	242	32	4	14	253	538	777	3.04e-65	244
Seq_6730	otu003998	81.349	252	47	0	2	253	505	756	1.43e-53	206
Seq_6731	otu003319	87.402	254	30	2	1	253	523	775	3.85e-79	291
Seq_6732	otu002747	86.290	248	28	6	1	245	554	798	2.33e-71	265
Seq_6733	otu003616	83.534	249	37	2	7	253	546	792	8.51e-61	230
Seq_6734	otu004317	81.148	244	44	2	11	253	550	792	3.10e-50	195
Seq_6735	otu003319	85.484	248	35	1	6	253	529	775	3.90e-69	257
Seq_6736	otu002743	89.020	255	24	4	1	253	528	780	8.21e-86	313
Seq_6737	otu002743	94.466	253	14	0	1	253	528	780	3.69e-109	390
Seq_6738	otu002743	94.071	253	15	0	1	253	528	780	1.72e-107	385
Seq_6739	otu002743	92.885	253	18	0	1	253	528	780	1.73e-102	368
Seq_6740	otu002743	92.885	253	18	0	1	253	528	780	1.73e-102	368
Seq_6741	otu002743	91.406	256	16	6	1	253	528	780	8.10e-96	346
Seq_6742	otu002743	91.797	256	15	6	1	253	528	780	1.74e-97	351
Seq_6743	otu002743	91.406	256	16	6	1	253	528	780	8.10e-96	346
Seq_6744	otu002743	93.676	253	16	0	1	253	528	780	7.98e-106	379
Seq_6745	otu002743	90.909	253	23	0	1	253	528	780	3.77e-94	340
Seq_6746	otu002743	93.676	253	16	0	1	253	528	780	7.98e-106	379
Seq_6747	otu002743	92.885	253	18	0	1	253	528	780	1.73e-102	368
Seq_6748	otu002743	92.095	253	20	0	1	253	528	780	3.74e-99	357
Seq_6749	otu002743	92.549	255	15	4	1	253	528	780	8.04e-101	363
Seq_6750	otu002743	90.980	255	19	4	1	253	528	780	3.77e-94	340
Seq_6751	otu002743	90.196	255	21	4	1	253	528	780	8.15e-91	329
Seq_6752	otu002743	94.071	253	15	0	1	253	528	780	1.72e-107	385
Seq_6753	otu002743	94.466	253	14	0	1	253	528	780	3.69e-109	390
Seq_6754	otu002743	94.071	253	15	0	1	253	528	780	1.72e-107	385
Seq_6755	otu002743	93.676	253	16	0	1	253	528	780	7.98e-106	379
Seq_6756	otu002743	93.676	253	16	0	1	253	528	780	7.98e-106	379
Seq_6757	otu002743	93.281	253	17	0	1	253	528	780	3.71e-104	374
Seq_6758	otu002743	94.466	253	14	0	1	253	528	780	3.69e-109	390
Seq_6759	otu002743	94.862	253	13	0	1	253	528	780	7.93e-111	396
Seq_6760	otu002743	95.652	253	11	0	1	253	528	780	3.66e-114	407
Seq_6761	otu002743	95.257	253	12	0	1	253	528	780	1.70e-112	401
Seq_6762	otu002743	93.725	255	12	4	1	253	528	780	7.98e-106	379
Seq_6763	otu003319	91.304	253	22	0	1	253	523	775	8.10e-96	346
Seq_6764	otu002743	93.725	255	12	4	1	253	528	780	7.98e-106	379
Seq_6765	otu003319	91.700	253	21	0	1	253	523	775	1.74e-97	351
Seq_6766	otu003319	90.909	253	23	0	1	253	523	775	3.77e-94	340
Seq_6767	otu002743	92.885	253	18	0	1	253	528	780	1.73e-102	368
Seq_6768	otu002743	90.196	255	21	4	1	253	528	780	8.15e-91	329
Seq_6769	otu003319	94.466	253	14	0	1	253	523	775	3.69e-109	390
Seq_6770	otu003319	92.095	253	20	0	1	253	523	775	3.74e-99	357
Seq_6771	otu002743	94.466	253	14	0	1	253	528	780	3.69e-109	390
Seq_6772	otu003319	95.257	253	12	0	1	253	523	775	1.70e-112	401
Seq_6773	otu003319	96.047	253	10	0	1	253	523	775	7.87e-116	412
Seq_6774	otu003319	94.466	253	14	0	1	253	523	775	3.69e-109	390
Seq_6775	otu003319	94.071	253	15	0	1	253	523	775	1.72e-107	385
Seq_6776	otu003319	95.652	253	11	0	1	253	523	775	3.66e-114	407
Seq_6777	otu003509	82.422	256	39	6	1	253	519	771	1.84e-57	219
Seq_6778	otu000270	83.858	254	39	2	1	253	526	778	3.93e-64	241
Seq_6779	otu003319	83.004	253	43	0	1	253	523	775	8.51e-61	230
Seq_6780	otu003319	83.794	253	41	0	1	253	523	775	3.93e-64	241
Seq_6781	otu003319	84.190	253	40	0	1	253	523	775	8.45e-66	246
Seq_6782	otu003319	83.529	255	38	4	1	253	523	775	1.83e-62	235
Seq_6783	otu003319	84.252	254	38	2	1	253	523	775	8.45e-66	246
Seq_6784	otu003319	85.375	253	37	0	1	253	523	775	8.39e-71	263
Seq_6785	otu003319	84.585	253	39	0	1	253	523	775	1.82e-67	252
Seq_6786	otu003319	85.098	255	34	4	1	253	523	775	3.90e-69	257
Seq_6787	otu003319	85.098	255	34	4	1	253	523	775	3.90e-69	257
Seq_6788	otu003319	85.433	254	35	2	1	253	523	775	8.39e-71	263
Seq_6789	otu003319	84.190	253	40	0	1	253	523	775	8.45e-66	246
Seq_6790	otu003319	83.399	253	42	0	1	253	523	775	1.83e-62	235
Seq_6791	otu003319	84.190	253	40	0	1	253	523	775	8.45e-66	246
Seq_6792	otu000128	83.794	253	35	6	1	250	552	801	1.83e-62	235
Seq_6793	otu002625	83.784	259	30	11	1	253	517	769	1.83e-62	235
Seq_6794	otu003758	83.399	253	42	0	1	253	527	779	1.83e-62	235
Seq_6795	otu003758	83.399	253	42	0	1	253	527	779	1.83e-62	235
Seq_6796	otu003758	82.609	253	44	0	1	253	527	779	3.96e-59	224
Seq_6797	otu004552	81.496	254	45	2	1	253	525	777	3.99e-54	207
Seq_6798	otu001628	80.913	241	44	2	14	253	535	774	1.44e-48	189
Seq_6799	otu003398	80.992	242	42	4	14	253	541	780	1.44e-48	189
Seq_6800	otu002743	81.712	257	39	7	1	253	528	780	3.99e-54	207
Seq_6801	otu002743	82.101	257	38	7	1	253	528	780	8.57e-56	213
Seq_6802	otu002743	81.712	257	39	7	1	253	528	780	3.99e-54	207
Seq_6803	otu002743	82.101	257	38	7	1	253	528	780	8.57e-56	213
Seq_6804	otu002743	82.490	257	37	7	1	253	528	780	1.84e-57	219
Seq_6805	otu002743	82.031	256	40	6	1	253	528	780	8.57e-56	213
Seq_6806	otu002743	81.712	257	39	7	1	253	528	780	3.99e-54	207
Seq_6807	otu004458	82.283	254	43	2	1	253	505	757	1.84e-57	219
Seq_6808	otu003319	84.190	253	40	0	1	253	523	775	8.45e-66	246
Seq_6809	otu002743	84.496	258	31	9	1	254	528	780	8.48e-66	246
Seq_6810	otu003862	77.344	256	53	5	1	254	475	727	8.85e-36	147
Seq_6811	otu001243	78.039	255	53	3	1	254	474	726	4.09e-39	158
Seq_6812	otu004098	83.658	257	35	5	1	254	642	894	1.84e-62	235
Seq_6813	otu004552	81.423	253	42	5	1	251	525	774	1.86e-52	202
Seq_6814	otu004214	84.585	253	39	0	1	253	540	792	1.82e-67	252
Seq_6815	otu004214	85.484	248	35	1	6	253	546	792	3.90e-69	257
Seq_6816	otu004214	83.871	248	39	1	6	253	546	792	1.83e-62	235
Seq_6817	otu004214	84.585	253	39	0	1	253	540	792	1.82e-67	252
Seq_6818	otu004552	85.259	251	35	2	1	250	525	774	3.90e-69	257
Seq_6819	otu003162	84.585	253	36	3	2	253	535	785	2.35e-66	248
Seq_6820	otu003162	84.980	253	35	3	2	253	535	785	5.05e-68	254
Seq_6821	otu003162	85.375	253	34	3	2	253	535	785	1.09e-69	259
Seq_6822	otu003162	84.190	253	37	3	2	253	535	785	1.09e-64	243
Seq_6823	otu003162	84.127	252	39	1	2	253	535	785	1.09e-64	243
Seq_6824	otu003162	83.794	253	38	3	2	253	535	785	5.08e-63	237
Seq_6825	otu000187	85.771	253	36	0	1	253	526	778	1.80e-72	268
Seq_6826	otu000187	85.490	255	33	4	1	253	526	778	8.39e-71	263
Seq_6827	otu004381	86.328	256	29	6	1	253	526	778	3.88e-74	274
Seq_6828	otu000187	85.771	253	36	0	1	253	526	778	1.80e-72	268
Seq_6829	otu000187	85.375	253	37	0	1	253	526	778	8.39e-71	263
Seq_6830	otu000187	92.885	253	18	0	1	253	526	778	1.73e-102	368
Seq_6831	otu000187	92.490	253	19	0	1	253	526	778	8.04e-101	363
Seq_6832	otu000187	92.885	253	18	0	1	253	526	778	1.73e-102	368
Seq_6833	otu000187	92.885	253	18	0	1	253	526	778	1.73e-102	368
Seq_6834	otu000187	94.466	253	14	0	1	253	526	778	3.69e-109	390
Seq_6835	otu000187	94.466	253	14	0	1	253	526	778	3.69e-109	390
Seq_6836	otu000187	93.676	253	16	0	1	253	526	778	7.98e-106	379
Seq_6837	otu000187	94.071	253	15	0	1	253	526	778	1.72e-107	385
Seq_6838	otu000187	92.885	253	18	0	1	253	526	778	1.73e-102	368
Seq_6839	otu000187	93.281	253	17	0	1	253	526	778	3.71e-104	374
Seq_6840	otu000187	93.281	253	17	0	1	253	526	778	3.71e-104	374
Seq_6841	otu000187	92.490	253	19	0	1	253	526	778	8.04e-101	363
Seq_6842	otu000187	92.885	253	18	0	1	253	526	778	1.73e-102	368
Seq_6843	otu000187	91.700	253	21	0	1	253	526	778	1.74e-97	351
Seq_6844	otu000187	92.885	253	18	0	1	253	526	778	1.73e-102	368
Seq_6845	otu000187	92.885	253	18	0	1	253	526	778	1.73e-102	368
Seq_6846	otu000187	92.490	253	19	0	1	253	526	778	8.04e-101	363
Seq_6847	otu000187	92.095	253	20	0	1	253	526	778	3.74e-99	357
Seq_6848	otu000187	91.304	253	22	0	1	253	526	778	8.10e-96	346
Seq_6849	otu000187	93.676	253	16	0	1	253	526	778	7.98e-106	379
Seq_6850	otu000187	92.885	253	18	0	1	253	526	778	1.73e-102	368
Seq_6851	otu000187	92.885	253	18	0	1	253	526	778	1.73e-102	368
Seq_6852	otu000187	91.700	253	21	0	1	253	526	778	1.74e-97	351
Seq_6853	otu000187	91.700	253	21	0	1	253	526	778	1.74e-97	351
Seq_6854	otu000187	91.304	253	22	0	1	253	526	778	8.10e-96	346
Seq_6855	otu000187	93.676	253	16	0	1	253	526	778	7.98e-106	379
Seq_6856	otu000187	93.281	253	17	0	1	253	526	778	3.71e-104	374
Seq_6857	otu000187	95.652	253	11	0	1	253	526	778	3.66e-114	407
Seq_6858	otu000187	95.257	253	12	0	1	253	526	778	1.70e-112	401
Seq_6859	otu000187	90.909	253	23	0	1	253	526	778	3.77e-94	340
Seq_6860	otu000187	93.281	253	17	0	1	253	526	778	3.71e-104	374
Seq_6861	otu000187	94.466	253	14	0	1	253	526	778	3.69e-109	390
Seq_6862	otu000187	94.466	253	14	0	1	253	526	778	3.69e-109	390
Seq_6863	otu000187	91.304	253	22	0	1	253	526	778	8.10e-96	346
Seq_6864	otu000187	90.909	253	23	0	1	253	526	778	3.77e-94	340
Seq_6865	otu000187	91.304	253	22	0	1	253	526	778	8.10e-96	346
Seq_6866	otu000187	91.700	253	21	0	1	253	526	778	1.74e-97	351
Seq_6867	otu004381	89.370	254	25	2	1	253	526	778	1.77e-87	318
Seq_6868	otu004381	88.976	254	26	2	1	253	526	778	8.21e-86	313
Seq_6869	otu003805	83.794	253	41	0	1	253	534	786	3.93e-64	241
Seq_6870	otu004381	85.827	254	34	2	1	253	526	778	1.80e-72	268
Seq_6871	otu003483	84.646	254	35	4	2	253	539	790	6.53e-67	250
Seq_6872	otu003483	85.039	254	34	4	2	253	539	790	1.40e-68	255
Seq_6873	otu003347	84.375	256	34	6	1	253	527	779	8.45e-66	246
Seq_6874	otu003805	84.252	254	38	2	1	253	534	786	8.45e-66	246
Seq_6875	otu003347	83.203	256	37	6	1	253	527	779	8.51e-61	230
Seq_6876	otu003347	83.594	256	36	6	1	253	527	779	1.83e-62	235
Seq_6877	otu003347	83.984	256	35	6	1	253	527	779	3.93e-64	241
Seq_6878	otu003162	84.127	252	39	1	2	253	535	785	1.09e-64	243
Seq_6879	otu003162	84.127	252	39	1	2	253	535	785	1.09e-64	243
Seq_6880	otu003162	84.127	252	39	1	2	253	535	785	1.09e-64	243
Seq_6881	otu003162	82.937	252	42	1	2	253	535	785	1.10e-59	226
Seq_6882	otu003162	83.730	252	40	1	2	253	535	785	5.08e-63	237
Seq_6883	otu003162	83.730	252	40	1	2	253	535	785	5.08e-63	237
Seq_6884	otu003103	84.000	250	35	5	7	253	537	784	1.83e-62	235
Seq_6885	otu003805	84.314	255	36	4	1	253	534	786	8.45e-66	246
Seq_6886	otu000755	84.766	256	33	6	1	253	527	779	1.82e-67	252
Seq_6887	otu003162	84.921	252	37	1	2	253	535	785	5.05e-68	254
Seq_6888	otu003162	85.317	252	36	1	2	253	535	785	1.09e-69	259
Seq_6889	otu000187	85.433	254	34	2	1	252	526	778	3.00e-70	261
Seq_6890	otu004381	85.375	253	36	1	1	252	526	778	3.00e-70	261
Seq_6891	otu000187	85.938	256	29	4	1	252	526	778	6.46e-72	267
Seq_6892	otu000187	87.109	256	26	4	1	252	526	778	6.41e-77	283
Seq_6893	otu000228	85.597	243	32	3	12	252	546	787	1.81e-67	252
Seq_6894	otu000228	86.420	243	30	3	12	252	546	787	8.35e-71	263
Seq_6895	otu000228	87.654	243	27	3	12	252	546	787	8.29e-76	279
Seq_6896	otu000228	87.243	243	28	3	12	252	546	787	3.86e-74	274
Seq_6897	otu000187	85.156	256	31	5	1	252	526	778	1.40e-68	255
Seq_6898	otu000187	84.766	256	32	4	1	252	526	778	6.50e-67	250
Seq_6899	otu000228	85.477	241	32	3	14	252	548	787	2.34e-66	248
Seq_6900	otu000228	86.008	243	31	3	12	252	546	787	3.89e-69	257
Seq_6901	otu000080	85.039	254	35	3	1	252	533	785	1.40e-68	255
Seq_6902	otu000080	85.433	254	34	3	1	252	533	785	3.00e-70	261
Seq_6903	otu003805	87.209	258	23	8	1	253	534	786	1.79e-77	285
Seq_6904	otu003805	87.984	258	21	8	1	253	534	786	8.27e-81	296
Seq_6905	otu001528	91.304	253	20	2	1	252	522	773	2.90e-95	344
Seq_6906	otu001528	94.048	252	15	0	1	252	522	773	6.14e-107	383
Seq_6907	otu001528	92.460	252	19	0	1	252	522	773	2.88e-100	361
Seq_6908	otu001528	93.254	252	17	0	1	252	522	773	1.33e-103	372
Seq_6909	otu001528	94.048	252	15	0	1	252	522	773	6.14e-107	383
Seq_6910	otu001528	93.701	254	12	4	1	252	522	773	2.86e-105	377
Seq_6911	otu001721	92.126	254	16	4	1	252	518	769	1.34e-98	355
Seq_6912	otu003528	92.126	254	16	4	1	252	528	779	1.34e-98	355
Seq_6913	otu003528	92.913	254	14	4	1	252	528	779	6.19e-102	366
Seq_6914	otu003528	96.429	252	9	0	1	252	528	779	6.06e-117	416
Seq_6915	otu002602	87.352	253	32	0	1	253	533	785	3.85e-79	291
Seq_6916	otu002602	87.352	253	32	0	1	253	533	785	3.85e-79	291
Seq_6917	otu002602	87.352	253	32	0	1	253	533	785	3.85e-79	291
Seq_6918	otu002602	89.328	253	27	0	1	253	533	785	1.77e-87	318
Seq_6919	otu004065	86.220	254	32	3	1	252	536	788	1.39e-73	272
Seq_6920	otu002602	84.585	253	38	1	1	252	533	785	6.50e-67	250
Seq_6921	otu003296	83.658	257	32	8	1	252	522	773	6.55e-62	233
Seq_6922	otu002602	83.399	253	41	1	1	252	533	785	6.55e-62	233
Seq_6923	otu002602	86.561	253	33	1	1	252	533	785	2.98e-75	278
Seq_6924	otu002602	86.166	253	34	1	1	252	533	785	1.39e-73	272
Seq_6925	otu002602	84.190	253	39	1	1	252	533	785	3.03e-65	244
Seq_6926	otu002602	86.561	253	33	1	1	252	533	785	2.98e-75	278
Seq_6927	otu004065	83.071	254	40	3	1	252	536	788	3.05e-60	228
Seq_6928	otu004065	82.677	254	41	3	1	252	536	788	1.42e-58	222
Seq_6929	otu002602	85.433	254	34	3	1	252	533	785	3.00e-70	261
Seq_6930	otu002602	86.220	254	32	3	1	252	533	785	1.39e-73	272
Seq_6931	otu002602	86.561	253	33	1	1	252	533	785	2.98e-75	278
Seq_6932	otu002602	88.933	253	27	1	1	252	533	785	2.94e-85	311
Seq_6933	otu002602	90.514	253	23	1	1	252	533	785	6.28e-92	333
Seq_6934	otu004136	84.127	252	40	0	1	252	521	772	3.03e-65	244
Seq_6935	otu004072	92.885	253	16	2	1	252	537	788	6.19e-102	366
Seq_6936	otu004072	92.885	253	16	2	1	252	537	788	6.19e-102	366
Seq_6937	otu004072	88.189	254	26	4	1	252	537	788	6.37e-82	300
Seq_6938	otu002335	90.514	253	22	2	1	252	540	791	6.28e-92	333
Seq_6939	otu004072	91.700	253	19	2	1	252	537	788	6.23e-97	350
Seq_6940	otu001751	85.433	254	33	4	1	252	523	774	3.00e-70	261
Seq_6941	otu004072	83.922	255	35	6	1	252	537	788	1.41e-63	239
Seq_6942	otu004072	84.706	255	33	6	1	252	537	788	6.50e-67	250
Seq_6943	otu002906	81.569	255	41	6	1	252	501	752	1.43e-53	206
Seq_6944	otu002906	81.569	255	41	6	1	252	501	752	1.43e-53	206
Seq_6945	otu002906	81.961	255	40	6	1	252	501	752	3.07e-55	211
Seq_6946	otu002906	81.961	255	40	6	1	252	501	752	3.07e-55	211
Seq_6954	otu004534	75.781	256	55	7	1	253	474	725	1.49e-28	122
Seq_6980	otu000420	75.200	250	50	8	10	253	484	727	4.16e-24	108
Seq_6981	otu000420	87.805	82	10	0	10	91	484	565	9.00e-21	97.1
Seq_6982	otu004573	80.000	255	47	4	1	253	523	775	1.87e-47	185
Seq_6983	otu002109	79.681	251	38	11	7	250	529	773	1.88e-42	169
Seq_6984	otu000917	77.432	257	44	13	1	250	522	771	4.10e-34	141
Seq_6985	otu001960	76.863	255	49	10	1	250	538	787	1.91e-32	135
Seq_6986	otu003470	77.670	206	39	7	1	203	537	738	1.92e-27	119
Seq_6987	otu002265	78.486	251	41	13	7	250	532	776	1.89e-37	152
Seq_6988	otu000917	81.752	137	19	5	117	250	638	771	1.16e-24	110
Seq_6989	otu004573	77.823	248	48	7	7	250	528	772	8.81e-36	147
Seq_6991	otu000917	75.197	254	55	7	1	250	522	771	8.94e-26	113
Seq_6992	otu002150	76.226	265	39	20	1	253	472	724	1.92e-27	119
Seq_6994	otu004573	79.675	246	48	2	6	250	528	772	1.12e-44	176
Seq_6995	otu003334	76.062	259	50	12	1	253	480	732	4.13e-29	124
Seq_6997	otu000420	76.357	258	51	8	1	253	475	727	8.88e-31	130
Seq_6999	otu000628	78.800	250	44	9	6	250	530	775	1.13e-39	159
Seq_7000	otu004310	75.686	255	52	8	1	250	504	753	1.92e-27	119
Seq_7001	otu000420	76.154	260	48	14	1	253	475	727	4.13e-29	124
Seq_7002	otu001751	78.740	254	46	8	1	251	523	771	8.75e-41	163
Seq_7003	otu001205	79.688	256	45	7	1	253	525	776	3.13e-45	178
Seq_7004	otu000971	77.075	253	52	6	1	251	522	770	4.12e-34	141
Seq_7005	otu001116	77.778	252	51	5	1	250	524	772	6.81e-37	150
Seq_7006	otu001116	78.968	252	48	5	1	250	524	772	6.77e-42	167
Seq_7008	otu003684	78.571	252	49	4	1	250	522	770	3.15e-40	161
Seq_7009	otu000971	78.088	251	52	3	1	250	522	770	1.46e-38	156
Seq_7010	otu003528	77.907	258	46	11	1	253	528	779	6.81e-37	150
Seq_7011	otu002335	75.486	257	54	9	1	253	540	791	6.91e-27	117
Seq_7012	otu000917	77.907	258	47	10	1	253	522	774	1.89e-37	152
Seq_7014	otu001109	76.336	262	45	16	1	254	539	791	4.15e-29	124
Seq_7017	otu003314	76.285	253	53	7	1	250	520	768	3.19e-30	128
Seq_7020	otu000628	76.834	259	49	10	1	253	525	778	1.91e-32	135
Seq_7021	otu003140	76.154	260	47	14	2	254	548	799	1.49e-28	122
Seq_7023	otu002109	77.869	244	50	3	12	252	534	776	2.45e-36	148
Seq_7024	otu002109	78.189	243	50	2	12	251	534	776	1.89e-37	152
Seq_7028	otu002558	76.327	245	52	6	12	253	550	791	1.15e-29	126
Seq_7034	otu000603	75.918	245	49	9	14	253	534	773	6.91e-27	117
Seq_7035	otu002940	78.884	251	49	4	2	250	503	751	6.77e-42	167
Seq_7036	otu004553	79.608	255	43	9	1	250	539	789	4.04e-44	174
Seq_7037	otu004167	77.165	254	50	7	1	250	523	772	4.10e-34	141
Seq_7038	otu004167	77.381	252	53	4	1	250	523	772	8.81e-36	147
Seq_7039	otu001596	74.708	257	57	8	1	253	514	766	4.16e-24	108
Seq_7040	otu004331	76.953	256	47	12	2	252	496	744	1.92e-32	135
Seq_7044	otu004009	76.863	255	46	13	2	250	504	751	2.48e-31	132
Seq_7045	otu003127	74.704	253	58	6	1	250	556	805	4.16e-24	108
Seq_7046	otu004292	76.863	255	49	8	1	250	496	745	1.91e-32	135
Seq_7047	otu001861	75.486	257	49	13	1	250	494	743	8.94e-26	113
Seq_7048	otu001766	75.875	257	48	13	1	250	496	745	1.92e-27	119
Seq_7049	otu001766	75.581	258	47	15	1	250	496	745	8.94e-26	113
Seq_7052	otu003482	89.804	255	26	0	1	255	492	746	2.96e-90	327
Seq_7053	otu003482	93.725	255	16	0	1	255	492	746	6.22e-107	383
Seq_7054	otu003482	93.333	255	17	0	1	255	492	746	2.90e-105	377
Seq_7055	otu003482	94.118	255	15	0	1	255	492	746	1.34e-108	388
Seq_7056	otu003482	94.902	255	13	0	1	255	492	746	6.18e-112	399
Seq_7057	otu003482	93.725	255	16	0	1	255	492	746	6.22e-107	383
Seq_7058	otu003482	94.048	252	15	0	1	252	492	743	6.22e-107	383
Seq_7059	otu003482	93.651	252	16	0	1	252	492	743	2.90e-105	377
Seq_7060	otu003482	91.765	255	21	0	1	255	492	746	1.36e-98	355
Seq_7061	otu003482	91.765	255	21	0	1	255	492	746	1.36e-98	355
Seq_7062	otu003482	93.333	255	17	0	1	255	492	746	2.90e-105	377
Seq_7063	otu003482	93.333	255	17	0	1	255	492	746	2.90e-105	377
Seq_7064	otu003482	94.510	255	14	0	1	255	492	746	2.88e-110	394
Seq_7065	otu003482	95.294	255	12	0	1	255	492	746	1.33e-113	405
Seq_7066	otu003482	89.804	255	25	1	1	254	492	746	1.06e-89	326
Seq_7067	otu002678	87.649	251	31	0	1	251	486	736	1.07e-79	292
Seq_7068	otu002678	91.235	251	22	0	1	251	486	736	1.05e-94	342
Seq_7069	otu000206	80.078	256	44	6	1	253	521	772	6.72e-47	183
Seq_7070	otu000468	80.000	250	46	4	6	253	538	785	2.42e-46	182
Seq_7072	otu003130	77.778	243	53	1	12	254	515	756	2.46e-36	148
Seq_7078	otu001456	79.352	247	49	2	1	246	475	720	1.45e-43	172
Seq_7079	otu001456	78.947	247	50	2	1	246	475	720	6.77e-42	167
Seq_7080	otu001456	79.435	248	47	4	1	246	475	720	1.45e-43	172
Seq_7081	otu004340	79.283	251	46	6	1	248	503	750	5.23e-43	171
Seq_7082	otu004573	80.000	245	41	8	6	246	528	768	4.04e-44	174
Seq_7094	otu004568	85.965	114	13	3	139	251	683	794	1.92e-27	119
Seq_7097	otu002522	75.781	256	49	12	1	250	508	756	6.94e-27	117
Seq_7098	otu002522	76.955	243	43	11	14	250	521	756	1.15e-29	126
Seq_7099	otu002522	76.744	258	43	15	1	250	508	756	3.21e-30	128
Seq_7100	otu002522	76.654	257	45	13	1	250	508	756	3.21e-30	128
Seq_7102	otu004534	75.000	244	58	3	12	254	485	726	1.16e-24	110
Seq_7103	otu002522	76.357	258	44	15	1	250	508	756	1.49e-28	122
Seq_7106	otu002522	76.265	257	46	13	1	250	508	756	1.49e-28	122
Seq_7109	otu002522	76.357	258	44	15	1	250	508	756	1.49e-28	122
Seq_7110	otu002522	76.744	258	43	15	1	250	508	756	3.21e-30	128
Seq_7111	otu002522	76.357	258	44	16	1	250	508	756	1.49e-28	122
Seq_7112	otu002522	77.043	257	44	13	1	250	508	756	6.89e-32	134
Seq_7113	otu002522	77.132	258	42	15	1	250	508	756	6.89e-32	134
Seq_7114	otu004423	74.899	247	53	9	12	254	485	726	5.40e-23	104
Seq_7115	otu002522	76.357	258	44	15	1	250	508	756	1.49e-28	122
Seq_7118	otu002522	76.744	258	43	15	1	250	508	756	3.21e-30	128
Seq_7119	otu002522	76.654	257	45	14	1	250	508	756	3.21e-30	128
Seq_7120	otu002522	76.357	258	44	15	1	250	508	756	1.49e-28	122
Seq_7121	otu002522	76.744	258	43	15	1	250	508	756	3.21e-30	128
Seq_7122	otu002522	77.132	258	42	15	1	250	508	756	6.89e-32	134
Seq_7123	otu002522	76.654	257	45	14	1	250	508	756	3.21e-30	128
Seq_7126	otu002522	76.357	258	44	16	1	250	508	756	1.49e-28	122
Seq_7127	otu002522	76.654	257	45	14	1	250	508	756	3.21e-30	128
Seq_7128	otu002129	77.559	254	53	4	2	253	505	756	6.81e-37	150
Seq_7129	otu002129	77.734	256	49	7	2	253	505	756	6.81e-37	150
Seq_7130	otu002129	77.734	256	49	7	2	253	505	756	6.81e-37	150
Seq_7131	otu002896	77.869	244	45	8	14	253	532	770	1.14e-34	143
Seq_7132	otu001331	78.512	242	48	4	14	253	536	775	1.46e-38	156
Seq_7133	otu002803	76.033	242	51	6	12	250	519	756	1.93e-27	119
Seq_7134	otu002803	75.309	243	46	13	14	249	521	756	5.38e-23	104
Seq_7135	otu002803	76.569	239	50	6	14	249	521	756	1.15e-29	126
Seq_7148	otu004401	77.637	237	48	5	12	246	537	770	1.47e-33	139
Seq_7152	otu000448	74.790	238	49	10	14	246	507	738	9.00e-21	97.1
Seq_7174	otu002803	76.471	255	56	4	1	253	508	760	1.91e-32	135
Seq_7175	otu002129	77.953	254	52	4	2	253	505	756	1.46e-38	156
Seq_7178	otu002522	76.667	240	52	4	12	249	519	756	8.88e-31	130
Seq_7179	otu002522	76.471	238	56	0	12	249	519	756	8.88e-31	130
Seq_7180	otu002522	75.200	250	60	2	1	249	508	756	6.91e-27	117
Seq_7182	otu002522	76.151	239	55	2	12	249	519	756	4.13e-29	124
Seq_7184	otu002522	75.732	239	56	2	12	249	519	756	1.92e-27	119
Seq_7189	otu002522	75.314	239	57	2	12	249	519	756	8.94e-26	113
Seq_7194	otu002522	75.732	239	56	2	12	249	519	756	1.92e-27	119
Seq_7195	otu002522	75.732	239	56	2	12	249	519	756	1.92e-27	119
Seq_7202	otu002522	77.255	255	46	11	1	249	508	756	1.47e-33	139
Seq_7204	otu001201	76.891	238	49	6	12	246	543	777	8.88e-31	130
Seq_7205	otu001201	78.151	238	46	6	12	246	543	777	8.81e-36	147
Seq_7207	otu001584	78.138	247	44	10	12	253	485	726	2.45e-36	148
Seq_7209	otu002908	80.769	234	43	2	12	244	535	767	2.42e-46	182
Seq_7210	otu003450	79.184	245	49	2	1	244	524	767	1.88e-42	169
Seq_7211	otu000673	75.519	241	54	5	12	250	533	770	8.94e-26	113
Seq_7212	otu001584	76.639	244	53	4	12	253	485	726	2.47e-31	132
Seq_7214	otu002522	75.197	254	53	10	1	249	508	756	3.22e-25	111
Seq_7216	otu003127	75.207	242	52	7	12	249	567	804	4.16e-24	108
Seq_7217	otu002522	76.892	251	54	4	1	249	508	756	1.47e-33	139
Seq_7227	otu002522	78.486	251	50	4	1	249	508	756	3.15e-40	161
Seq_7229	otu004033	74.694	245	52	9	14	253	491	730	6.96e-22	100
Seq_7232	otu004401	76.735	245	48	8	6	246	531	770	3.19e-30	128
Seq_7234	otu002522	75.494	253	54	8	1	249	508	756	6.91e-27	117
Seq_7248	otu003780	77.470	253	49	8	1	249	525	773	3.17e-35	145
Seq_7249	otu000971	77.215	237	49	5	12	246	533	766	6.86e-32	134
Seq_7250	otu003258	77.542	236	47	6	14	246	543	775	5.30e-33	137
Seq_7255	otu000673	75.720	243	50	8	12	250	533	770	8.94e-26	113
Seq_7257	otu000899	77.083	240	44	11	12	246	505	738	3.19e-30	128
Seq_7263	otu003296	75.620	242	52	6	12	250	533	770	8.94e-26	113
Seq_7264	otu003296	76.033	242	51	6	12	250	533	770	1.92e-27	119
Seq_7265	otu003296	76.033	242	51	6	12	250	533	770	1.92e-27	119
Seq_7266	otu002803	78.189	243	43	10	12	249	519	756	8.81e-36	147
Seq_7267	otu004038	79.149	235	44	4	14	246	531	762	4.07e-39	158
Seq_7269	otu004401	79.237	236	42	7	14	246	539	770	4.07e-39	158
Seq_7270	otu001116	78.723	235	45	5	14	246	537	768	1.89e-37	152
Seq_7271	otu001205	77.119	236	47	7	14	246	538	769	8.88e-31	130
Seq_7272	otu004401	77.872	235	47	5	14	246	539	770	4.10e-34	141
Seq_7273	otu004401	78.481	237	42	9	14	246	539	770	8.81e-36	147
Seq_7274	otu001292	76.824	233	54	0	14	246	555	787	2.47e-31	132
Seq_7285	otu003735	80.083	241	39	9	14	250	533	768	5.23e-43	171
Seq_7287	otu000386	76.446	242	50	7	12	250	532	769	4.13e-29	124
Seq_7292	otu001783	78.455	246	44	9	12	253	486	726	1.89e-37	152
Seq_7293	otu004562	75.502	249	47	13	12	253	482	723	1.16e-24	110
Seq_7294	otu003010	77.236	246	48	8	12	253	481	722	5.30e-33	137
Seq_7298	otu000865	74.899	247	56	6	7	251	530	772	4.18e-24	108
Seq_7299	otu002763	76.984	252	48	10	8	255	476	721	1.92e-32	135
Seq_7300	otu003010	78.906	256	48	6	1	253	470	722	1.88e-42	169
Seq_7314	otu003525	75.519	241	42	16	14	246	520	751	1.94e-22	102
Seq_7315	otu001116	77.872	235	47	4	14	246	537	768	4.10e-34	141
Seq_7316	otu001116	78.903	237	45	4	12	246	535	768	1.46e-38	156
Seq_7317	otu001116	77.872	235	47	4	14	246	537	768	4.10e-34	141
Seq_7318	otu001116	77.021	235	49	4	14	246	537	768	8.88e-31	130
Seq_7319	otu001116	77.872	235	47	4	14	246	537	768	4.10e-34	141
Seq_7322	otu001783	77.917	240	49	4	12	249	486	723	8.81e-36	147
Seq_7323	otu003187	83.065	124	17	4	130	251	665	786	1.16e-24	110
Seq_7324	otu002183	77.778	243	47	7	14	253	518	756	1.14e-34	143
Seq_7325	otu002183	76.955	243	49	7	14	253	518	756	2.47e-31	132
Seq_7326	otu002522	76.569	239	50	6	14	249	521	756	1.15e-29	126
Seq_7327	otu001116	78.059	237	47	4	12	246	535	768	3.17e-35	145
Seq_7328	otu002346	77.869	244	50	4	12	253	488	729	2.45e-36	148
Seq_7329	otu001783	79.339	242	50	0	12	253	486	727	5.23e-43	171
Seq_7330	otu002906	78.862	246	42	10	12	252	512	752	4.07e-39	158
Seq_7331	otu003684	80.247	243	45	3	12	253	533	773	8.69e-46	180
Seq_7332	otu000137	79.835	243	41	8	12	250	502	740	5.23e-43	171
Seq_7333	otu003735	75.410	244	49	11	12	250	531	768	4.16e-24	108
Seq_7335	otu004516	74.590	244	50	12	12	249	575	812	9.00e-21	97.1
Seq_7336	otu004494	76.543	243	55	2	12	253	564	805	2.47e-31	132
Seq_7337	otu004494	76.132	243	56	2	12	253	564	805	1.15e-29	126
Seq_7338	otu003245	76.860	242	42	14	12	246	488	722	4.13e-29	124
Seq_7339	otu002346	78.661	239	43	8	12	246	488	722	1.89e-37	152
Seq_7340	otu001638	77.966	236	47	5	14	247	487	719	1.15e-34	143
Seq_7341	otu001945	77.917	240	48	4	12	249	506	742	3.18e-35	145
Seq_7342	otu002346	79.668	241	42	7	12	249	488	724	6.79e-42	167
Seq_7343	otu002346	80.000	240	42	6	12	248	488	724	1.45e-43	172
Seq_7345	otu004573	81.633	245	39	6	12	253	534	775	2.40e-51	198
Seq_7346	otu003991	74.797	246	53	6	12	253	533	773	1.94e-22	102
Seq_7347	otu003684	78.099	242	52	1	12	253	533	773	1.89e-37	152
Seq_7348	otu001783	77.049	244	51	5	12	253	486	726	1.91e-32	135
Seq_7349	otu003684	76.955	243	53	2	12	253	533	773	1.91e-32	135
Seq_7350	otu004038	76.639	244	52	5	12	253	529	769	8.88e-31	130
Seq_7351	otu002049	75.610	246	51	9	12	253	484	724	8.94e-26	113
Seq_7352	otu001116	75.820	244	54	5	12	253	535	775	1.92e-27	119
Seq_7353	otu000386	75.309	243	57	3	12	253	532	772	8.94e-26	113
Seq_7354	otu000952	77.686	242	53	1	12	253	536	776	8.81e-36	147
Seq_7355	otu001116	78.189	243	50	3	12	253	535	775	1.89e-37	152
Seq_7356	otu000865	76.543	243	54	3	12	253	535	775	8.88e-31	130
Seq_7357	otu000562	74.793	242	56	5	14	253	507	745	5.38e-23	104
Seq_7358	otu000562	76.132	243	51	7	14	253	507	745	5.34e-28	121
Seq_7359	otu003756	79.592	245	44	6	12	253	535	776	5.23e-43	171
Seq_7364	otu002915	76.860	242	52	4	14	253	523	762	6.86e-32	134
Seq_7365	otu004401	80.165	242	47	1	12	253	537	777	8.69e-46	180
Seq_7366	otu004401	78.099	242	52	1	12	253	537	777	1.89e-37	152
Seq_7367	otu004401	78.099	242	52	1	12	253	537	777	1.89e-37	152
Seq_7368	otu000978	76.446	242	56	1	12	253	535	775	8.88e-31	130
Seq_7371	otu002364	76.132	243	56	2	12	253	526	767	1.15e-29	126
Seq_7373	otu003583	75.620	242	59	0	12	253	530	771	5.34e-28	121
Seq_7374	otu002364	76.955	243	54	2	12	253	526	767	5.30e-33	137
Seq_7375	otu002364	76.132	243	56	2	12	253	526	767	1.15e-29	126
Seq_7376	otu003901	74.694	245	55	6	12	253	536	776	1.94e-22	102
Seq_7377	otu003684	76.955	243	53	2	12	253	533	773	1.91e-32	135
Seq_7378	otu001116	83.065	124	21	0	130	253	652	775	8.94e-26	113
Seq_7379	otu003684	78.189	243	50	3	12	253	533	773	1.89e-37	152
Seq_7380	otu000978	77.869	244	49	5	12	253	535	775	8.81e-36	147
Seq_7381	otu000386	76.720	189	37	7	14	199	534	718	2.50e-21	99.0
Seq_7382	otu000952	76.860	242	55	1	12	253	536	776	1.91e-32	135
Seq_7383	otu000952	76.446	242	56	1	12	253	536	776	8.88e-31	130
Seq_7385	otu004401	79.184	245	44	6	12	253	537	777	8.75e-41	163
Seq_7386	otu000978	78.601	243	49	3	12	253	535	775	4.07e-39	158
Seq_7388	otu003991	74.590	244	57	5	12	253	533	773	1.94e-22	102
Seq_7390	otu001491	74.793	242	55	6	12	250	485	723	5.38e-23	104
Seq_7394	otu000420	74.694	245	55	7	12	253	486	726	1.94e-22	102
Seq_7395	otu001584	75.510	245	54	6	12	253	485	726	2.49e-26	115
Seq_7397	otu001783	76.349	241	50	7	16	253	490	726	1.49e-28	122
Seq_7399	otu001783	76.016	246	51	7	12	253	486	727	5.34e-28	121
Seq_7400	otu001783	77.016	248	44	12	12	253	486	726	8.88e-31	130
Seq_7401	otu003735	76.720	189	41	3	12	199	531	717	1.94e-22	102
Seq_7402	otu001783	77.236	246	47	9	12	253	486	726	1.91e-32	135
Seq_7403	otu001783	75.806	248	47	12	12	253	486	726	8.94e-26	113
Seq_7409	otu003140	75.102	245	51	9	14	253	560	799	1.50e-23	106
Seq_7410	otu003140	74.793	242	56	5	14	252	560	799	5.38e-23	104
Seq_7414	otu001783	76.349	241	53	4	12	250	486	724	1.15e-29	126
Seq_7415	otu002346	74.694	245	56	6	12	253	488	729	5.38e-23	104
Seq_7419	otu001783	75.309	243	54	6	14	253	488	727	3.22e-25	111
Seq_7422	otu001945	75.949	237	55	2	14	249	508	743	5.34e-28	121
Seq_7423	otu004038	74.684	237	55	5	12	246	529	762	6.96e-22	100
Seq_7425	otu004039	74.894	235	54	4	14	246	512	743	1.94e-22	102
Seq_7429	otu001491	77.733	247	41	12	14	253	487	726	1.47e-33	139
Seq_7432	otu001116	82.308	130	19	4	119	246	641	768	1.16e-24	110
Seq_7442	otu000008	76.327	245	51	7	12	252	536	777	4.13e-29	124
Seq_7445	otu004358	74.786	234	53	6	14	244	535	765	6.96e-22	100
Seq_7446	otu002275	76.230	244	43	15	14	250	522	757	2.50e-26	115
Seq_7447	otu000378	76.793	237	44	11	14	245	535	765	1.49e-28	122
Seq_7449	otu004358	77.966	236	42	10	14	244	535	765	1.47e-33	139
Seq_7451	otu004143	75.686	255	58	4	1	253	473	725	4.13e-29	124
Seq_7453	otu001590	75.000	248	58	4	1	246	526	771	3.22e-25	111
Seq_7454	otu003695	76.639	244	44	11	16	252	618	855	1.49e-28	122
Seq_7455	otu000033	77.917	240	48	5	16	252	539	776	3.17e-35	145
Seq_7459	otu000008	75.304	247	50	10	12	252	536	777	4.16e-24	108
Seq_7460	otu000008	75.304	247	50	9	12	252	536	777	4.16e-24	108
Seq_7461	otu000008	75.403	248	49	10	12	253	536	777	1.16e-24	110
Seq_7466	otu001783	77.083	240	51	4	12	249	486	723	1.91e-32	135
Seq_7470	otu003296	77.049	244	45	11	12	250	533	770	8.88e-31	130
Seq_7471	otu003296	76.639	244	46	11	12	250	533	770	4.13e-29	124
Seq_7472	otu002522	76.132	243	45	13	14	250	521	756	2.50e-26	115
Seq_7475	otu003991	76.250	240	50	7	14	250	535	770	5.34e-28	121
Seq_7477	otu000673	77.593	241	49	5	12	250	533	770	4.10e-34	141
Seq_7483	otu003296	77.273	242	48	7	12	250	533	770	1.91e-32	135
Seq_7484	otu000673	77.459	244	44	11	12	250	533	770	1.91e-32	135
Seq_7485	otu003296	77.049	244	45	11	12	250	533	770	8.88e-31	130
Seq_7487	otu004038	75.105	237	54	5	12	246	529	762	1.50e-23	106
Seq_7488	otu003829	78.059	237	48	4	12	246	537	771	8.81e-36	147
Seq_7489	otu000242	77.215	237	46	7	14	246	537	769	2.47e-31	132
Seq_7490	otu000242	77.253	233	53	0	14	246	537	769	5.30e-33	137
Seq_7492	otu002803	77.959	245	40	14	12	249	519	756	4.10e-34	141
Seq_7493	otu002803	78.367	245	39	14	12	249	519	756	8.81e-36	147
Seq_7494	otu002803	78.367	245	39	14	12	249	519	756	8.81e-36	147
Seq_7495	otu002522	78.629	248	29	23	14	249	521	756	1.14e-34	143
Seq_7496	otu002522	78.138	247	32	21	14	249	521	756	5.30e-33	137
Seq_7497	otu000447	75.519	241	45	14	16	249	579	812	1.50e-23	106
Seq_7498	otu002448	76.033	242	42	16	16	249	571	804	3.22e-25	111
Seq_7501	otu000447	76.230	244	42	16	14	249	577	812	2.49e-26	115
Seq_7502	otu000447	76.033	242	42	16	16	249	579	812	3.22e-25	111
Seq_7503	otu000447	75.620	242	47	12	14	249	577	812	1.16e-24	110
Seq_7504	otu000447	75.620	242	47	12	14	249	577	812	1.16e-24	110
Seq_7505	otu001945	77.500	240	50	4	12	249	506	743	4.10e-34	141
Seq_7506	otu001945	77.083	240	51	4	12	249	506	743	1.91e-32	135
Seq_7507	otu004480	76.349	241	51	6	12	249	502	739	4.13e-29	124
Seq_7508	otu001584	78.423	241	46	6	16	253	489	726	1.89e-37	152
Seq_7509	otu001945	76.667	240	52	4	12	249	506	743	8.88e-31	130
Seq_7510	otu001584	78.099	242	45	8	16	253	489	726	8.81e-36	147
Seq_7511	otu001783	78.926	242	47	4	14	253	488	727	3.15e-40	161
Seq_7512	otu001945	76.471	238	56	0	12	249	506	743	8.88e-31	130
Seq_7513	otu001945	76.667	240	52	3	12	249	506	743	8.88e-31	130
Seq_7514	otu001945	76.250	240	53	3	12	249	506	743	4.13e-29	124
Seq_7517	otu002252	78.226	248	42	12	12	253	487	728	2.45e-36	148
Seq_7519	otu003330	77.083	240	47	8	14	249	570	805	2.47e-31	132
Seq_7521	otu002091	76.230	244	48	10	14	252	534	772	5.34e-28	121
Seq_7522	otu003011	77.959	245	44	10	14	253	483	722	3.17e-35	145
Seq_7524	otu003752	80.252	238	38	9	14	246	538	771	5.23e-43	171
Seq_7525	otu002621	79.167	240	40	10	12	246	543	777	4.07e-39	158
Seq_7528	otu000971	80.081	246	34	15	8	246	529	766	1.88e-42	169
Seq_7529	otu000420	74.793	242	57	4	14	253	488	727	1.50e-23	106
Seq_7530	otu003913	82.192	146	24	2	109	253	625	769	4.13e-29	124
Seq_7531	otu004039	79.032	248	51	1	6	253	504	750	1.88e-42	169
Seq_7532	otu004039	77.917	240	52	1	6	245	504	742	2.45e-36	148
Seq_7533	otu002123	80.709	254	46	3	1	253	527	778	3.10e-50	195
Seq_7534	otu002123	81.102	254	45	3	1	253	527	778	6.67e-52	200
Seq_7535	otu000978	77.992	259	44	9	1	253	524	775	6.81e-37	150
Seq_7536	otu002223	76.654	257	53	7	1	253	489	742	1.91e-32	135
Seq_7537	otu002223	76.654	257	53	7	1	253	489	742	1.91e-32	135
Seq_7538	otu002223	76.953	256	54	5	1	253	489	742	4.10e-34	141
Seq_7539	otu000971	78.125	256	49	7	1	253	522	773	1.46e-38	156
Seq_7540	otu003752	79.412	238	40	9	14	246	538	771	1.13e-39	159
Seq_7541	otu001428	80.672	238	37	9	14	246	537	770	1.12e-44	176
Seq_7542	otu004358	75.314	239	43	14	14	244	535	765	6.96e-22	100
Seq_7543	otu001596	77.559	254	55	2	1	253	514	766	1.89e-37	152
Seq_7548	otu004573	79.253	241	38	12	12	246	534	768	4.07e-39	158
Seq_7549	otu000628	76.793	237	44	10	12	242	536	767	1.49e-28	122
Seq_7550	otu004573	78.512	242	38	14	12	246	534	768	8.81e-36	147
Seq_7551	otu004181	75.806	248	50	10	12	254	487	729	6.94e-27	117
Seq_7552	otu003867	89.723	253	26	0	1	253	474	726	3.79e-89	324
Seq_7553	otu001102	82.869	251	42	1	1	251	480	729	3.98e-59	224
Seq_7554	otu000802	84.211	247	33	6	7	250	479	722	1.84e-62	235
Seq_7555	otu001491	84.190	253	38	2	2	253	475	726	3.04e-65	244
Seq_7556	otu001491	83.071	254	39	4	2	253	475	726	3.06e-60	228
Seq_7557	otu001083	87.059	255	27	6	2	253	476	727	6.44e-77	283
Seq_7558	otu001083	86.275	255	29	6	2	253	476	727	1.39e-73	272
Seq_7559	otu001083	87.109	256	27	6	1	253	475	727	1.79e-77	285
Seq_7560	otu000149	85.317	252	37	0	2	253	473	724	3.02e-70	261
Seq_7561	otu003588	82.308	260	37	5	2	260	477	728	6.82e-57	217
Seq_7562	otu000149	84.524	252	39	0	2	253	473	724	6.53e-67	250
Seq_7565	otu001083	85.200	250	29	8	1	246	475	720	6.53e-67	250
Seq_7566	otu001783	84.337	249	35	4	7	253	481	727	3.93e-64	241
Seq_7567	otu001783	84.252	254	36	4	2	253	476	727	3.04e-65	244
Seq_7568	otu000620	82.031	256	40	4	1	253	474	726	8.57e-56	213
Seq_7569	otu003334	90.945	254	21	2	1	253	480	732	3.77e-94	340
Seq_7570	otu002178	99.606	254	0	1	1	253	475	728	7.71e-131	462
Seq_7571	otu003010	89.764	254	22	4	2	253	471	722	1.36e-88	322
Seq_7572	otu004181	96.063	254	10	0	1	254	476	729	2.20e-116	414
Seq_7573	otu002807	90.196	255	23	2	1	254	478	731	2.28e-91	331
Seq_7574	otu003010	89.764	254	22	4	2	253	471	722	1.36e-88	322
Seq_7575	otu004163	90.980	255	19	4	1	253	476	728	3.77e-94	340
Seq_7576	otu002294	93.701	254	15	1	1	254	486	738	8.02e-106	379
Seq_7577	otu002379	98.419	253	4	0	1	253	473	725	7.76e-126	446
Seq_7578	otu002763	100.000	253	0	0	1	253	469	721	1.66e-132	468
Seq_7579	otu002124	96.838	253	8	0	1	253	478	730	3.64e-119	424
Seq_7580	otu001190	98.814	253	3	0	1	253	476	728	1.67e-127	451
Seq_7581	otu004216	99.605	253	1	0	1	253	476	728	7.71e-131	462
Seq_7582	otu000710	98.024	253	5	0	1	253	476	728	3.61e-124	440
Seq_7583	otu000320	98.419	253	4	0	1	253	476	728	7.76e-126	446
Seq_7584	otu003207	99.605	253	1	0	1	253	476	728	7.71e-131	462
Seq_7585	otu003588	100.000	253	0	0	1	253	476	728	1.66e-132	468
Seq_7586	otu002807	90.980	255	20	3	1	253	478	731	3.77e-94	340
Seq_7587	otu002807	90.980	255	20	3	1	253	478	731	3.77e-94	340
Seq_7598	otu001584	84.314	255	34	6	2	253	475	726	3.04e-65	244
Seq_7599	otu000137	83.137	255	39	4	1	253	491	743	8.51e-61	230
Seq_7600	otu004423	83.465	254	38	4	2	253	475	726	6.58e-62	233
Seq_7601	otu002798	82.072	251	41	4	2	250	517	765	3.08e-55	211
Seq_7602	otu000927	86.345	249	34	0	2	250	538	786	1.39e-73	272
Seq_7603	otu004267	80.392	255	46	4	1	253	517	769	4.01e-49	191
Seq_7604	otu000148	83.600	250	41	0	1	250	516	765	1.83e-62	235
Seq_7605	otu004446	85.657	251	32	4	2	250	545	793	3.02e-70	261
Seq_7606	otu001783	90.157	254	23	2	1	253	475	727	8.15e-91	329
Seq_7607	otu002296	90.514	253	17	7	4	253	480	728	2.93e-90	327
Seq_7608	otu001783	89.764	254	24	2	1	253	475	727	3.79e-89	324
Seq_7609	otu000137	91.304	253	22	0	1	253	491	743	8.10e-96	346
Seq_7610	otu001889	85.490	255	33	4	1	253	472	724	8.39e-71	263
Seq_7611	otu002296	87.251	251	29	3	4	253	480	728	6.44e-77	283
Seq_7612	otu001889	85.827	254	34	2	1	253	472	724	1.80e-72	268
Seq_7613	otu002252	85.156	256	32	6	1	253	476	728	3.90e-69	257
Seq_7614	otu001889	85.771	253	36	0	1	253	472	724	1.80e-72	268
Seq_7615	otu002296	85.771	253	29	6	4	253	480	728	3.02e-70	261
Seq_7616	otu004534	83.730	252	41	0	2	253	475	726	1.41e-63	239
Seq_7617	otu002336	83.794	253	41	0	1	253	478	730	3.93e-64	241
Seq_7618	otu002336	83.922	255	37	3	1	253	478	730	3.93e-64	241
Seq_7619	otu002178	82.813	256	37	6	2	253	476	728	1.42e-58	222
Seq_7620	otu002512	83.730	252	41	0	2	253	478	729	1.41e-63	239
Seq_7621	otu004163	84.190	253	38	2	2	253	477	728	3.04e-65	244
Seq_7622	otu004163	84.190	253	38	2	2	253	477	728	3.04e-65	244
Seq_7623	otu004163	84.524	252	39	0	2	253	477	728	6.53e-67	250
Seq_7624	otu004163	84.585	253	37	2	2	253	477	728	6.53e-67	250
Seq_7625	otu000169	83.858	254	37	4	2	253	475	726	1.41e-63	239
Seq_7626	otu003272	83.071	254	38	5	2	253	540	790	1.10e-59	226
Seq_7627	otu003468	84.861	251	31	7	2	249	528	774	8.45e-66	246
Seq_7628	otu004041	85.944	249	32	3	2	249	526	772	8.39e-71	263
Seq_7629	otu002347	85.537	242	33	2	2	242	543	783	1.82e-67	252
Seq_7630	otu004534	83.333	252	42	0	2	253	475	726	6.58e-62	233
Seq_7631	otu003534	84.337	249	36	3	2	249	523	769	3.93e-64	241
Seq_7632	otu004143	83.004	253	43	0	1	253	473	725	8.51e-61	230
Seq_7633	otu003534	84.337	249	36	3	2	249	523	769	3.93e-64	241
Seq_7634	otu003534	84.739	249	35	3	2	249	523	769	8.45e-66	246
Seq_7635	otu003534	85.200	250	32	5	2	249	523	769	1.82e-67	252
Seq_7636	otu000314	84.980	253	35	3	2	253	545	795	5.05e-68	254
Seq_7637	otu001288	85.484	248	35	1	2	249	535	781	3.90e-69	257
Seq_7638	otu001288	85.081	248	36	1	2	249	535	781	1.82e-67	252
Seq_7639	otu002027	84.615	247	34	4	2	246	510	754	1.09e-64	243
Seq_7640	otu001288	83.468	248	40	1	2	249	535	781	8.51e-61	230
Seq_7641	otu000860	84.524	252	39	0	2	253	476	727	6.53e-67	250
Seq_7642	otu003254	84.375	256	31	9	2	253	551	801	1.09e-64	243
Seq_7643	otu004534	83.730	252	41	0	2	253	475	726	1.41e-63	239
Seq_7644	otu002896	84.000	250	35	5	2	249	520	766	1.83e-62	235
Seq_7645	otu004074	80.400	250	45	4	2	249	667	914	5.19e-48	187
Seq_7646	otu004306	85.887	248	34	1	2	249	543	789	8.39e-71	263
Seq_7647	otu002887	86.290	248	33	1	2	249	543	789	1.80e-72	268
Seq_7648	otu002278	83.936	249	38	2	2	249	550	797	5.08e-63	237
Seq_7649	otu003502	84.739	249	35	3	2	249	543	789	8.45e-66	246
Seq_7650	otu003502	85.141	249	34	3	2	249	543	789	1.82e-67	252
Seq_7651	otu003502	84.739	249	35	3	2	249	543	789	8.45e-66	246
Seq_7652	otu004163	85.714	252	36	0	2	253	477	728	6.48e-72	267
Seq_7653	otu003305	85.490	255	34	3	1	253	476	729	8.39e-71	263
Seq_7654	otu004534	84.980	253	36	2	2	253	475	726	1.40e-68	255
Seq_7655	otu000599	84.800	250	35	3	2	250	525	772	2.35e-66	248
Seq_7656	otu000599	84.337	249	38	1	2	250	525	772	1.09e-64	243
Seq_7657	otu004136	84.400	250	36	3	2	250	522	769	1.09e-64	243
Seq_7658	otu003502	84.064	251	33	7	2	249	543	789	1.83e-62	235
Seq_7659	otu003502	85.141	249	34	3	2	249	543	789	1.82e-67	252
Seq_7660	otu003502	84.337	249	36	3	2	249	543	789	3.93e-64	241
Seq_7661	otu003384	83.665	251	35	6	2	249	515	762	2.37e-61	231
Seq_7662	otu003384	84.064	251	34	6	2	249	515	762	5.08e-63	237
Seq_7663	otu003569	87.160	257	22	11	2	252	500	751	2.32e-76	281
Seq_7664	otu000811	85.547	256	28	9	2	252	507	758	1.09e-69	259
Seq_7665	otu004448	84.706	255	32	7	2	252	506	757	2.35e-66	248
Seq_7666	otu004448	83.922	255	34	7	2	252	506	757	5.08e-63	237
Seq_7667	otu000562	77.255	255	53	5	1	253	494	745	3.17e-35	145
Seq_7668	otu001430	80.859	256	43	6	1	253	504	756	8.63e-51	196
Seq_7669	otu001430	81.250	256	42	6	1	253	504	756	1.85e-52	202
Seq_7670	otu004113	79.216	255	48	5	1	253	621	872	1.45e-43	172
Seq_7671	otu003558	80.081	246	43	6	11	253	543	785	3.13e-45	178
Seq_7672	otu001430	82.879	257	34	10	2	253	505	756	1.42e-58	222
Seq_7673	otu000554	79.921	254	47	4	2	253	531	782	6.72e-47	183
Seq_7674	otu002441	78.947	247	45	7	10	253	496	738	3.15e-40	161
Seq_7675	otu004113	80.894	246	42	4	10	253	630	872	1.44e-48	189
Seq_7676	otu001257	93.254	252	17	0	1	252	493	744	1.33e-103	372
Seq_7677	otu001257	92.460	252	19	0	1	252	493	744	2.88e-100	361
Seq_7678	otu001257	92.460	252	19	0	1	252	493	744	2.88e-100	361
Seq_7679	otu001257	92.857	252	18	0	1	252	493	744	6.19e-102	366
Seq_7680	otu001257	92.460	252	19	0	1	252	493	744	2.88e-100	361
Seq_7681	otu003094	95.635	252	11	0	1	252	496	747	1.31e-113	405
Seq_7682	otu000940	78.740	254	52	2	1	253	487	739	1.88e-42	169
Seq_7683	otu000940	78.906	256	48	6	1	253	487	739	1.88e-42	169
Seq_7684	otu000940	79.134	254	51	2	1	253	487	739	4.04e-44	174
Seq_7685	otu000940	77.559	254	49	8	1	250	487	736	8.81e-36	147
Seq_7686	otu001822	76.891	238	47	8	11	244	514	747	3.19e-30	128
Seq_7687	otu000940	78.175	252	51	4	1	250	487	736	4.07e-39	158
Seq_7688	otu003612	84.314	255	36	4	1	253	525	777	8.45e-66	246
Seq_7689	otu003612	84.314	255	36	4	1	253	525	777	8.45e-66	246
Seq_7690	otu001988	81.385	231	35	8	25	250	497	724	2.42e-46	182
Seq_7691	otu001880	78.431	255	50	5	1	253	467	718	3.15e-40	161
Seq_7692	otu003422	99.606	254	1	0	1	254	467	720	2.15e-131	464
Seq_7693	otu003422	98.425	254	4	0	1	254	467	720	2.17e-126	448
Seq_7694	otu003422	97.638	254	6	0	1	254	467	720	4.69e-123	436
Seq_7695	otu003422	97.244	254	7	0	1	254	467	720	2.18e-121	431
Seq_7696	otu003422	96.850	254	8	0	1	254	467	720	1.02e-119	425
Seq_7697	otu003422	95.669	254	11	0	1	254	467	720	1.02e-114	409
Seq_7698	otu003422	95.276	254	12	0	1	254	467	720	4.76e-113	403
Seq_7699	otu003422	94.488	254	14	0	1	254	467	720	1.03e-109	392
Seq_7700	otu003422	92.913	254	18	0	1	254	467	720	4.83e-103	370
Seq_7701	otu003422	96.457	254	9	0	1	254	467	720	4.72e-118	420
Seq_7702	otu003422	95.669	254	11	0	1	254	467	720	1.02e-114	409
Seq_7703	otu003422	96.063	254	10	0	1	254	467	720	2.20e-116	414
Seq_7704	otu003422	100.000	254	0	0	1	254	467	720	4.62e-133	470
Seq_7705	otu004280	96.850	254	8	0	1	254	464	717	1.02e-119	425
Seq_7706	otu004280	97.244	254	7	0	1	254	464	717	2.18e-121	431
Seq_7707	otu004280	94.488	254	14	0	1	254	464	717	1.03e-109	392
Seq_7708	otu004280	92.126	254	20	0	1	254	464	717	1.04e-99	359
Seq_7709	otu004280	92.520	254	19	0	1	254	464	717	2.24e-101	364
Seq_7710	otu004280	94.094	254	15	0	1	254	464	717	4.79e-108	387
Seq_7711	otu004280	93.307	254	17	0	1	254	464	717	1.04e-104	375
Seq_7712	otu004280	93.307	254	17	0	1	254	464	717	1.04e-104	375
Seq_7713	otu004280	93.307	254	17	0	1	254	464	717	1.04e-104	375
Seq_7714	otu004280	94.094	254	15	0	1	254	464	717	4.79e-108	387
Seq_7715	otu004280	94.488	254	14	0	1	254	464	717	1.03e-109	392
Seq_7716	otu004280	94.488	254	14	0	1	254	464	717	1.03e-109	392
Seq_7717	otu004280	95.276	254	12	0	1	254	464	717	4.76e-113	403
Seq_7718	otu003610	98.819	254	3	0	1	254	464	717	4.66e-128	453
Seq_7719	otu003610	99.606	254	1	0	1	254	464	717	2.15e-131	464
Seq_7720	otu003610	99.213	254	2	0	1	254	464	717	1.00e-129	459
Seq_7721	otu003610	99.213	254	2	0	1	254	464	717	1.00e-129	459
Seq_7722	otu004397	98.425	254	4	0	1	254	464	717	2.17e-126	448
Seq_7723	otu004397	99.213	254	2	0	1	254	464	717	1.00e-129	459
Seq_7724	otu003610	98.031	254	5	0	1	254	464	717	1.01e-124	442
Seq_7725	otu003610	98.819	254	3	0	1	254	464	717	4.66e-128	453
Seq_7726	otu003610	98.819	254	3	0	1	254	464	717	4.66e-128	453
Seq_7727	otu003610	98.425	254	4	0	1	254	464	717	2.17e-126	448
Seq_7728	otu003610	98.819	254	3	0	1	254	464	717	4.66e-128	453
Seq_7729	otu003610	97.244	254	7	0	1	254	464	717	2.18e-121	431
Seq_7730	otu003610	96.457	254	9	0	1	254	464	717	4.72e-118	420
Seq_7731	otu003610	96.063	254	10	0	1	254	464	717	2.20e-116	414
Seq_7732	otu004397	97.638	254	6	0	1	254	464	717	4.69e-123	436
Seq_7733	otu003610	98.031	254	5	0	1	254	464	717	1.01e-124	442
Seq_7734	otu003610	98.031	254	5	0	1	254	464	717	1.01e-124	442
Seq_7735	otu003610	98.819	254	3	0	1	254	464	717	4.66e-128	453
Seq_7736	otu003610	99.213	254	2	0	1	254	464	717	1.00e-129	459
Seq_7737	otu003610	98.425	254	4	0	1	254	464	717	2.17e-126	448
Seq_7738	otu003610	98.031	254	5	0	1	254	464	717	1.01e-124	442
Seq_7739	otu003610	98.819	254	3	0	1	254	464	717	4.66e-128	453
Seq_7740	otu003610	98.819	254	3	0	1	254	464	717	4.66e-128	453
Seq_7741	otu003610	98.425	254	4	0	1	254	464	717	2.17e-126	448
Seq_7742	otu000106	98.031	254	5	0	1	254	464	717	1.01e-124	442
Seq_7743	otu000106	99.606	254	1	0	1	254	464	717	2.15e-131	464
Seq_7744	otu000106	100.000	254	0	0	1	254	464	717	4.62e-133	470
Seq_7745	otu003042	98.031	254	5	0	1	254	464	717	1.01e-124	442
Seq_7746	otu003610	95.294	255	10	2	1	254	464	717	4.76e-113	403
Seq_7747	otu002086	96.850	254	8	0	1	254	464	717	1.02e-119	425
Seq_7748	otu004375	100.000	254	0	0	1	254	473	726	4.62e-133	470
Seq_7749	otu004375	99.213	254	2	0	1	254	473	726	1.00e-129	459
Seq_7750	otu004520	100.000	254	0	0	1	254	473	726	4.62e-133	470
Seq_7751	otu004520	99.606	254	1	0	1	254	473	726	2.15e-131	464
Seq_7752	otu004520	98.819	254	3	0	1	254	473	726	4.66e-128	453
Seq_7753	otu004059	100.000	254	0	0	1	254	473	726	4.62e-133	470
Seq_7754	otu004059	98.819	254	3	0	1	254	473	726	4.66e-128	453
Seq_7755	otu004059	98.819	254	3	0	1	254	473	726	4.66e-128	453
Seq_7756	otu004059	99.606	254	1	0	1	254	473	726	2.15e-131	464
Seq_7757	otu002635	100.000	254	0	0	1	254	473	726	4.62e-133	470
Seq_7758	otu000289	100.000	254	0	0	1	254	470	723	4.62e-133	470
Seq_7759	otu000289	99.213	254	2	0	1	254	470	723	1.00e-129	459
Seq_7760	otu001601	84.646	254	36	2	1	253	496	747	6.53e-67	250
Seq_7761	otu000545	95.652	253	11	0	1	253	467	719	3.66e-114	407
Seq_7762	otu000545	96.047	253	10	0	1	253	467	719	7.87e-116	412
Seq_7763	otu001602	100.000	253	0	0	1	253	467	719	1.66e-132	468
Seq_7764	otu001602	96.443	253	9	0	1	253	467	719	1.69e-117	418
Seq_7765	otu001602	97.233	253	7	0	1	253	467	719	7.82e-121	429
Seq_7766	otu001602	96.443	253	9	0	1	253	467	719	1.69e-117	418
Seq_7767	otu002645	86.275	255	31	4	1	253	465	717	3.88e-74	274
Seq_7768	otu002645	86.275	255	31	4	1	253	465	717	3.88e-74	274
Seq_7769	otu002645	85.098	255	34	4	1	253	465	717	3.90e-69	257
Seq_7770	otu002645	85.490	255	33	4	1	253	465	717	8.39e-71	263
Seq_7771	otu002645	85.490	255	33	4	1	253	465	717	8.39e-71	263
Seq_7772	otu002645	85.882	255	32	4	1	253	465	717	1.80e-72	268
Seq_7773	otu002645	85.882	255	32	4	1	253	465	717	1.80e-72	268
Seq_7774	otu002645	86.667	255	30	4	1	253	465	717	8.33e-76	279
Seq_7775	otu002645	86.667	255	30	4	1	253	465	717	8.33e-76	279
Seq_7776	otu001601	80.162	247	44	4	2	246	497	740	8.69e-46	180
Seq_7777	otu001601	79.352	247	46	4	2	246	497	740	1.88e-42	169
Seq_7778	otu001601	78.543	247	48	4	2	246	497	740	4.07e-39	158
Seq_7779	otu001601	78.455	246	50	3	2	246	497	740	4.07e-39	158
Seq_7781	otu002652	76.285	253	54	4	2	251	492	741	8.91e-31	130
Seq_7782	otu000151	78.125	256	49	7	2	254	470	721	1.47e-38	156
Seq_7785	otu000550	79.253	241	43	7	14	251	478	714	3.16e-40	161
Seq_7789	otu001499	77.333	225	47	4	29	251	498	720	8.91e-31	130
Seq_7791	otu001740	77.255	255	48	10	2	251	472	721	4.12e-34	141
Seq_7795	otu002490	75.391	256	49	10	2	251	492	739	3.23e-25	111
Seq_7796	otu002490	76.654	257	44	11	2	251	492	739	3.21e-30	128
Seq_7797	otu000203	76.285	253	57	3	1	252	473	723	2.49e-31	132
Seq_7798	otu002652	75.697	251	59	2	2	251	492	741	4.15e-29	124
Seq_7799	otu002073	75.889	253	57	4	1	251	470	720	1.15e-29	126
Seq_7803	otu002073	75.889	253	57	2	1	251	470	720	1.15e-29	126
Seq_7804	otu004432	78.761	226	46	2	29	254	524	747	6.84e-37	150
Seq_7807	otu004523	82.014	139	25	0	116	254	585	723	1.93e-27	119
Seq_7808	otu004523	81.295	139	26	0	116	254	585	723	8.98e-26	113
Seq_7809	otu004523	81.295	139	26	0	116	254	585	723	8.98e-26	113
Seq_7810	otu004523	81.295	139	26	0	116	254	585	723	8.98e-26	113
Seq_7813	otu000126	75.100	249	48	12	2	243	473	714	5.40e-23	104
Seq_7816	otu004523	82.609	138	24	0	117	254	586	723	1.49e-28	122
Seq_7817	otu004523	82.609	138	24	0	117	254	586	723	1.49e-28	122
Seq_7820	otu000411	76.033	242	55	3	14	254	490	729	1.49e-28	122
Seq_7848	otu000151	79.386	228	44	3	28	254	496	721	4.09e-39	158
Seq_7852	otu002326	75.781	256	57	5	1	254	468	720	4.15e-29	124
Seq_7859	otu004028	79.070	258	45	9	1	254	468	720	1.89e-42	169
Seq_7860	otu000432	80.870	230	38	6	28	254	497	723	1.13e-44	176
Seq_7861	otu004333	78.516	256	48	6	2	254	474	725	3.16e-40	161
Seq_7862	otu001335	78.516	256	49	6	2	254	488	740	8.79e-41	163
Seq_7863	otu001335	78.125	256	50	6	2	254	488	740	4.09e-39	158
Seq_7865	otu001377	75.610	246	53	7	12	254	480	721	2.50e-26	115
Seq_7867	otu000432	79.835	243	45	4	14	254	483	723	4.06e-44	174
Seq_7868	otu002840	83.810	105	17	0	150	254	615	719	6.99e-22	100
Seq_7872	otu001518	76.271	236	48	8	23	254	500	731	1.93e-27	119
Seq_7873	otu002840	83.193	119	15	5	139	254	603	719	5.40e-23	104
Seq_7874	otu002840	83.193	119	15	5	139	254	603	719	5.40e-23	104
Seq_7875	otu002239	75.510	245	51	9	14	254	483	722	3.23e-25	111
Seq_7882	otu002475	77.600	250	48	7	8	254	474	718	3.18e-35	145
Seq_7883	otu002475	78.000	250	47	7	8	254	474	718	6.84e-37	150
Seq_7884	otu001518	78.682	258	45	9	2	254	479	731	8.79e-41	163
Seq_7885	otu001518	77.907	258	47	9	2	254	479	731	1.90e-37	152
Seq_7886	otu001518	78.295	258	46	9	2	254	479	731	4.09e-39	158
Seq_7892	otu001938	78.603	229	45	4	28	254	503	729	2.46e-36	148
Seq_7893	otu001938	78.166	229	46	4	28	254	503	729	1.15e-34	143
Seq_7894	otu000681	79.377	257	47	6	1	254	487	740	1.13e-44	176
Seq_7896	otu002490	82.171	129	21	2	125	252	615	742	1.15e-24	110
Seq_7897	otu002490	81.395	129	22	2	125	252	615	742	5.36e-23	104
Seq_7898	otu002490	82.787	122	19	2	125	245	615	735	4.14e-24	108
Seq_7899	otu002490	83.721	129	19	2	125	252	615	742	5.32e-28	121
Seq_7901	otu000157	76.856	229	49	4	28	254	502	728	1.15e-29	126
Seq_7923	otu003390	80.000	245	41	8	14	254	484	724	4.06e-44	174
Seq_7924	otu004070	78.696	230	45	4	27	254	486	713	6.84e-37	150
Seq_7925	otu003465	76.448	259	51	10	1	254	474	727	2.48e-31	132
Seq_7926	otu003390	81.498	227	42	0	28	254	498	724	5.22e-48	187
Seq_7927	otu004333	78.088	251	45	9	8	254	481	725	6.84e-37	150
Seq_7928	otu003042	80.784	255	45	4	2	254	465	717	8.67e-51	196
Seq_7931	otu003390	79.310	232	38	9	28	254	498	724	5.29e-38	154
Seq_7932	otu002475	77.253	233	46	7	25	254	490	718	8.91e-31	130
Seq_7933	otu004280	78.603	229	45	4	28	254	491	717	2.46e-36	148
Seq_7935	otu002866	78.279	244	51	2	12	254	482	724	1.47e-38	156
Seq_7936	otu004308	77.236	246	50	6	12	254	488	730	1.48e-33	139
Seq_7937	otu002866	75.510	245	56	4	12	254	482	724	6.94e-27	117
Seq_7938	otu001880	78.992	238	40	10	2	235	469	700	5.29e-38	154
Seq_7939	otu001880	79.412	238	39	10	2	235	469	700	1.14e-39	159
Seq_7940	otu001499	79.681	251	34	15	13	254	481	723	2.44e-41	165
Seq_7941	otu000432	78.355	231	44	6	27	254	496	723	3.18e-35	145
Seq_7942	otu002840	78.541	233	39	11	27	254	493	719	1.15e-34	143
Seq_7943	otu001377	77.823	248	44	11	12	254	480	721	1.15e-34	143
Seq_7944	otu001377	78.017	232	42	9	27	254	495	721	5.33e-33	137
Seq_7946	otu000289	76.265	257	55	6	1	254	470	723	2.48e-31	132
Seq_7960	otu000432	82.734	139	19	5	119	255	588	723	1.94e-27	119
Seq_7962	otu002652	78.431	255	51	4	2	254	492	744	8.79e-41	163
Seq_7963	otu004028	77.907	258	48	9	1	254	468	720	1.90e-37	152
Seq_7966	otu002652	76.953	256	53	6	2	254	492	744	4.12e-34	141
Seq_7967	otu002490	78.947	152	26	6	106	254	594	742	2.51e-21	99.0
Seq_7968	otu000550	76.305	249	53	6	8	254	473	717	3.21e-30	128
Seq_7969	otu000550	75.502	249	55	6	8	254	473	717	6.94e-27	117
Seq_7970	otu000550	75.502	249	55	6	8	254	473	717	6.94e-27	117
Seq_7971	otu000550	75.502	249	55	6	8	254	473	717	6.94e-27	117
Seq_7972	otu000550	76.305	249	53	6	8	254	473	717	3.21e-30	128
Seq_7973	otu000550	75.403	248	57	4	8	254	473	717	6.94e-27	117
Seq_7974	otu003411	77.519	258	48	10	2	254	488	740	8.85e-36	147
Seq_7975	otu002490	81.343	134	19	6	124	254	612	742	5.40e-23	104
Seq_7976	otu002652	77.255	255	54	4	2	254	492	744	8.85e-36	147
Seq_7977	otu002490	81.061	132	23	2	124	254	612	742	5.40e-23	104
Seq_7978	otu002652	77.647	255	53	4	2	254	492	744	1.90e-37	152
Seq_7979	otu002490	81.061	132	23	2	124	254	612	742	5.40e-23	104
Seq_7980	otu002490	81.061	132	23	2	124	254	612	742	5.40e-23	104
Seq_7982	otu002652	77.647	255	53	4	2	254	492	744	1.90e-37	152
Seq_7983	otu002652	75.294	255	59	4	2	254	492	744	1.93e-27	119
Seq_7984	otu002652	77.647	255	53	4	2	254	492	744	1.90e-37	152
Seq_7985	otu001314	78.544	261	39	17	2	254	468	719	1.47e-38	156
Seq_7986	otu000432	77.155	232	51	2	24	254	493	723	6.89e-32	134
Seq_7987	otu000432	77.922	231	51	0	24	254	493	723	3.18e-35	145
Seq_7988	otu000432	76.754	228	51	2	28	254	497	723	1.15e-29	126
Seq_7989	otu001880	80.702	228	35	9	28	251	494	716	1.89e-42	169
Seq_7992	otu000432	78.039	255	54	2	1	254	470	723	1.14e-39	159
Seq_7993	otu003390	81.116	233	34	10	27	254	497	724	3.14e-45	178
Seq_7994	otu003390	78.879	232	41	8	27	254	497	724	6.84e-37	150
Seq_7995	otu003390	78.879	232	41	8	27	254	497	724	6.84e-37	150
Seq_7996	otu003390	80.603	232	37	8	27	254	497	724	1.46e-43	172
Seq_7997	otu002840	76.834	259	49	11	1	254	467	719	1.92e-32	135
Seq_8000	otu001938	75.709	247	52	8	12	254	487	729	6.94e-27	117
Seq_8006	otu000432	79.186	221	40	6	27	244	496	713	2.46e-36	148
Seq_8007	otu002866	78.082	219	46	2	27	244	497	714	5.33e-33	137
Seq_8008	otu001938	80.567	247	40	8	12	254	487	729	6.75e-47	183
Seq_8363	otu001880	83.333	252	38	4	1	250	467	716	8.51e-61	230
Seq_8364	otu001880	89.370	254	25	2	1	253	467	719	1.77e-87	318
Seq_8365	otu001880	88.976	254	26	2	1	253	467	719	8.21e-86	313
Seq_8366	otu001880	95.652	253	11	0	1	253	467	719	3.66e-114	407
Seq_8367	otu001880	94.466	253	14	0	1	253	467	719	3.69e-109	390
Seq_8368	otu001880	94.466	253	14	0	1	253	467	719	3.69e-109	390
Seq_8369	otu001880	94.862	253	13	0	1	253	467	719	7.93e-111	396
Seq_8370	otu001880	91.600	250	21	0	1	250	467	716	8.10e-96	346
Seq_8371	otu001880	91.600	250	21	0	1	250	467	716	8.10e-96	346
Seq_8372	otu001880	88.000	250	30	0	1	250	467	716	8.27e-81	296
Seq_8373	otu001880	89.600	250	26	0	1	250	467	716	1.77e-87	318
Seq_8374	otu001880	88.800	250	28	0	1	250	467	716	3.82e-84	307
Seq_8375	otu001880	90.400	250	24	0	1	250	467	716	8.15e-91	329
Seq_8376	otu000432	87.747	253	30	1	2	253	471	723	2.97e-80	294
Seq_8377	otu000374	87.451	255	28	4	2	253	475	728	3.85e-79	291
Seq_8378	otu004045	96.063	254	10	0	1	254	460	713	2.20e-116	414
Seq_8379	otu001988	100.000	255	0	0	1	255	473	727	1.29e-133	472
Seq_8380	otu001099	100.000	255	0	0	1	255	473	727	1.29e-133	472
Seq_8381	otu002866	100.000	254	0	0	1	254	471	724	4.62e-133	470
Seq_8382	otu002866	98.031	254	5	0	1	254	471	724	1.01e-124	442
Seq_8383	otu002866	98.425	254	4	0	1	254	471	724	2.17e-126	448
Seq_8384	otu003465	100.000	254	0	0	1	254	474	727	4.62e-133	470
Seq_8385	otu003465	98.031	254	5	0	1	254	474	727	1.01e-124	442
Seq_8386	otu003465	98.031	254	5	0	1	254	474	727	1.01e-124	442
Seq_8387	otu001938	99.606	254	1	0	1	254	476	729	2.15e-131	464
Seq_8388	otu001938	99.213	254	2	0	1	254	476	729	1.00e-129	459
Seq_8389	otu001938	100.000	254	0	0	1	254	476	729	4.62e-133	470
Seq_8390	otu001880	82.609	253	38	6	1	250	467	716	1.84e-57	219
Seq_8392	otu004269	76.684	193	44	1	12	204	570	761	1.50e-23	106
Seq_8397	otu001889	77.823	248	44	11	12	254	483	724	1.15e-34	143
Seq_8399	otu003853	77.869	244	46	7	14	253	490	729	3.17e-35	145
Seq_8400	otu003853	77.551	245	45	9	14	253	490	729	1.47e-33	139
Seq_8401	otu000420	78.750	240	45	6	12	248	486	722	1.46e-38	156
Seq_8402	otu001638	79.661	236	42	6	14	246	487	719	2.43e-41	165
Seq_8403	otu000917	77.178	241	49	6	12	249	533	770	1.91e-32	135
Seq_8404	otu000917	76.763	241	50	6	12	249	533	770	8.88e-31	130
Seq_8408	otu000917	77.500	240	50	4	12	249	533	770	4.10e-34	141
Seq_8409	otu000917	76.667	240	52	4	12	249	533	770	8.88e-31	130
Seq_8410	otu000917	77.083	240	51	4	12	249	533	770	1.91e-32	135
Seq_8411	otu000917	76.667	240	52	4	12	249	533	770	8.88e-31	130
Seq_8413	otu000940	88.933	253	28	0	1	253	487	739	8.21e-86	313
Seq_8414	otu000940	90.945	254	21	2	1	253	487	739	3.77e-94	340
Seq_8415	otu000940	90.945	254	21	2	1	253	487	739	3.77e-94	340
Seq_8416	otu000940	90.157	254	23	2	1	253	487	739	8.15e-91	329
Seq_8417	otu000940	92.126	254	18	2	1	253	487	739	3.74e-99	357
Seq_8418	otu000940	90.945	254	21	2	1	253	487	739	3.77e-94	340
Seq_8419	otu000940	90.945	254	21	2	1	253	487	739	3.77e-94	340
Seq_8420	otu000940	90.945	254	21	2	1	253	487	739	3.77e-94	340
Seq_8421	otu000940	80.591	237	46	0	14	250	500	736	6.72e-47	183
Seq_8422	otu003573	85.657	251	32	4	2	250	622	870	3.02e-70	261
Seq_8423	otu002190	86.000	250	35	0	1	250	519	768	1.80e-72	268
Seq_8424	otu000907	87.200	250	32	0	1	250	544	793	1.79e-77	285
Seq_8425	otu000907	86.400	250	34	0	1	250	544	793	3.88e-74	274
Seq_8426	otu001804	84.000	250	40	0	1	250	531	780	3.93e-64	241
Seq_8427	otu002539	86.220	254	27	5	1	250	542	791	1.80e-72	268
Seq_8428	otu002539	85.827	254	28	5	1	250	542	791	8.39e-71	263
Seq_8429	otu002539	86.957	253	27	4	1	250	542	791	8.33e-76	279
Seq_8430	otu004214	84.462	251	33	5	6	253	545	792	1.09e-64	243
Seq_8431	otu002539	86.614	254	26	6	1	250	542	791	3.88e-74	274
Seq_8432	otu002539	87.747	253	25	4	1	250	542	791	3.85e-79	291
Seq_8433	otu003952	84.190	253	34	6	1	250	531	780	3.93e-64	241
Seq_8434	otu002539	87.600	250	31	0	1	250	542	791	3.85e-79	291
Seq_8435	otu002539	86.614	254	26	6	1	250	542	791	3.88e-74	274
Seq_8436	otu002539	86.220	254	27	6	1	250	542	791	1.80e-72	268
Seq_8437	otu002539	86.561	253	28	6	1	250	542	791	3.88e-74	274
Seq_8438	otu002539	86.166	253	29	6	1	250	542	791	1.80e-72	268
Seq_8439	otu003952	84.252	254	32	8	1	250	531	780	3.93e-64	241
Seq_8440	otu004016	85.039	254	30	8	1	250	530	779	1.82e-67	252
Seq_8441	otu004214	86.747	249	31	2	6	253	545	792	1.08e-74	276
Seq_8442	otu002999	85.714	252	32	3	1	250	474	723	8.39e-71	263
Seq_8443	otu002999	85.317	252	33	3	1	250	474	723	3.90e-69	257
Seq_8444	otu004214	86.508	252	26	7	6	253	545	792	5.01e-73	270
Seq_8445	otu002539	85.827	254	28	6	1	250	542	791	8.39e-71	263
Seq_8446	otu002539	85.771	253	30	6	1	250	542	791	8.39e-71	263
Seq_8447	otu002351	85.200	250	33	4	6	253	549	796	5.05e-68	254
Seq_8448	otu003573	84.400	250	37	2	2	250	622	870	3.04e-65	244
Seq_8449	otu003573	84.000	250	38	2	2	250	622	870	1.41e-63	239
Seq_8450	otu002190	85.771	253	31	5	1	251	519	768	8.42e-71	263
Seq_8451	otu004331	81.275	251	43	4	2	250	496	744	6.67e-52	200
Seq_8452	otu002581	85.433	254	35	2	1	253	648	900	8.39e-71	263
Seq_8453	otu002242	83.613	238	37	2	14	250	562	798	1.42e-58	222
Seq_8454	otu000148	83.544	237	39	0	14	250	529	765	1.42e-58	222
Seq_8455	otu004552	82.661	248	40	3	8	253	531	777	6.62e-57	217
Seq_8456	otu004552	82.731	249	38	5	8	253	531	777	6.62e-57	217
Seq_8457	otu003077	81.526	249	40	6	8	253	483	728	6.67e-52	200
Seq_8458	otu004014	81.200	250	40	7	8	253	533	779	3.10e-50	195
Seq_8459	otu003509	81.855	248	42	3	8	253	525	771	1.43e-53	206
Seq_8460	otu004552	79.116	249	48	4	8	254	531	777	1.89e-42	169
Seq_8461	otu004552	79.116	249	48	4	8	254	531	777	1.89e-42	169
Seq_8462	otu004552	79.600	250	45	6	8	254	531	777	4.06e-44	174
Seq_8463	otu001273	80.478	251	39	9	8	253	483	728	6.72e-47	183
Seq_8464	otu001273	80.080	251	40	9	8	253	483	728	3.13e-45	178
Seq_8465	otu003509	78.715	249	49	4	8	254	525	771	8.79e-41	163
Seq_8466	otu003509	78.486	251	46	8	8	254	525	771	4.09e-39	158
Seq_8467	otu004552	78.486	251	46	8	8	254	531	777	4.09e-39	158
Seq_8468	otu004552	78.800	250	47	6	8	254	531	777	8.79e-41	163
Seq_8469	otu004287	81.928	249	40	4	8	253	529	775	1.43e-53	206
Seq_8470	otu000907	79.675	246	50	0	8	253	551	796	3.13e-45	178
Seq_8471	otu002311	81.452	248	38	8	10	253	484	727	8.63e-51	196
Seq_8472	otu001273	81.928	249	39	6	8	253	483	728	1.43e-53	206
Seq_8473	otu004552	79.757	247	48	2	8	253	532	777	3.13e-45	178
Seq_8474	otu003509	81.855	248	42	3	8	253	525	771	1.43e-53	206
Seq_8475	otu003509	81.048	248	44	3	8	253	525	771	3.10e-50	195
Seq_8476	otu004119	80.478	251	39	9	8	253	481	726	6.72e-47	183
Seq_8477	otu001514	80.723	249	42	5	8	253	520	765	1.44e-48	189
Seq_8478	otu004113	82.186	247	41	3	8	253	628	872	1.11e-54	209
Seq_8479	otu003509	82.329	249	39	5	8	253	525	771	3.08e-55	211
Seq_8480	otu003509	81.928	249	40	5	8	253	525	771	1.43e-53	206
Seq_8481	otu003446	81.070	243	46	0	11	253	526	768	3.10e-50	195
Seq_8482	otu003446	81.967	244	42	2	11	253	526	768	1.43e-53	206
Seq_8483	otu003446	81.070	243	46	0	11	253	526	768	3.10e-50	195
Seq_8484	otu003963	80.894	246	41	6	11	253	509	751	1.44e-48	189
Seq_8485	otu003446	82.305	243	43	0	11	253	526	768	3.08e-55	211
Seq_8486	otu003446	82.305	243	43	0	11	253	526	768	3.08e-55	211
Seq_8487	otu001706	82.645	242	38	4	11	250	558	797	3.08e-55	211
Seq_8488	otu002088	81.780	236	41	2	16	250	549	783	8.63e-51	196
Seq_8489	otu002088	81.356	236	42	2	16	250	549	783	4.01e-49	191
Seq_8490	otu002088	80.876	251	46	2	1	250	534	783	8.63e-51	196
Seq_8491	otu000262	85.375	253	27	9	6	253	476	723	5.05e-68	254
Seq_8492	otu004211	84.921	252	30	8	6	253	474	721	2.35e-66	248
Seq_8493	otu004211	84.980	253	28	8	6	253	474	721	2.35e-66	248
Seq_8494	otu004211	84.585	253	29	9	6	253	474	721	1.09e-64	243
Seq_8495	otu004211	84.980	253	28	9	6	253	474	721	2.35e-66	248
Seq_8496	otu004211	85.141	249	35	2	6	253	474	721	5.05e-68	254
Seq_8497	otu004211	86.957	253	23	9	6	253	474	721	1.08e-74	276
Seq_8498	otu004223	91.732	254	19	2	1	253	549	801	1.74e-97	351
Seq_8499	otu002688	91.797	256	15	6	1	253	515	767	1.74e-97	351
Seq_8500	otu002688	91.797	256	15	6	1	253	515	767	1.74e-97	351
Seq_8501	otu002688	91.765	255	17	4	1	253	515	767	1.74e-97	351
Seq_8502	otu001173	90.909	253	23	0	1	253	525	777	3.77e-94	340
Seq_8503	otu000751	91.829	257	13	8	1	253	503	755	1.74e-97	351
Seq_8504	otu002688	92.188	256	14	6	1	253	515	767	3.74e-99	357
Seq_8505	otu004098	92.913	254	16	2	1	253	642	894	1.73e-102	368
Seq_8506	otu004098	92.520	254	17	2	1	253	642	894	8.04e-101	363
Seq_8507	otu002419	91.765	255	17	4	1	253	513	765	1.74e-97	351
Seq_8508	otu000217	92.520	254	17	2	1	253	517	769	8.04e-101	363
Seq_8509	otu002688	92.520	254	17	2	1	253	515	767	8.04e-101	363
Seq_8510	otu002688	92.520	254	17	2	1	253	515	767	8.04e-101	363
Seq_8511	otu002688	92.885	253	18	0	1	253	515	767	1.73e-102	368
Seq_8512	otu002688	90.945	254	21	2	1	253	515	767	3.77e-94	340
Seq_8513	otu002688	91.304	253	22	0	1	253	515	767	8.10e-96	346
Seq_8514	otu002688	90.157	254	23	2	1	253	515	767	8.15e-91	329
Seq_8515	otu001706	90.873	252	23	0	2	253	549	800	1.35e-93	339
Seq_8516	otu002688	90.980	255	19	4	1	253	515	767	3.77e-94	340
Seq_8517	otu002364	85.882	255	32	4	1	253	515	767	1.80e-72	268
Seq_8518	otu004098	88.142	253	30	0	1	253	642	894	1.78e-82	302
Seq_8519	otu002485	89.453	256	21	5	1	253	559	811	1.77e-87	318
Seq_8520	otu003979	90.909	253	23	0	1	253	487	739	3.77e-94	340
Seq_8521	otu002847	96.838	253	8	0	1	253	487	739	3.64e-119	424
Seq_8522	otu004505	94.862	253	13	0	1	253	487	739	7.93e-111	396
Seq_8523	otu004505	91.732	254	19	2	1	253	487	739	1.74e-97	351
Seq_8524	otu003385	100.000	253	0	0	1	253	492	744	1.66e-132	468
Seq_8525	otu003979	87.698	252	31	0	2	253	488	739	2.97e-80	294
Seq_8526	otu000546	94.071	253	15	0	1	253	540	792	1.72e-107	385
Seq_8527	otu000546	92.913	254	16	2	1	253	540	792	1.73e-102	368
Seq_8528	otu000546	92.490	253	19	0	1	253	540	792	8.04e-101	363
Seq_8529	otu000546	91.765	255	17	4	1	253	540	792	1.74e-97	351
Seq_8530	otu000546	91.373	255	18	4	1	253	540	792	8.10e-96	346
Seq_8531	otu000546	90.945	254	21	2	1	253	540	792	3.77e-94	340
Seq_8532	otu000546	91.339	254	20	2	1	253	540	792	8.10e-96	346
Seq_8533	otu000546	92.490	253	19	0	1	253	540	792	8.04e-101	363
Seq_8534	otu000546	93.281	253	17	0	1	253	540	792	3.71e-104	374
Seq_8535	otu000546	92.885	253	18	0	1	253	540	792	1.73e-102	368
Seq_8536	otu000546	92.095	253	20	0	1	253	540	792	3.74e-99	357
Seq_8537	otu000546	90.909	253	23	0	1	253	540	792	3.77e-94	340
Seq_8538	otu000546	91.304	253	22	0	1	253	540	792	8.10e-96	346
Seq_8539	otu000546	89.723	253	26	0	1	253	540	792	3.79e-89	324
Seq_8540	otu000546	93.701	254	14	2	1	253	540	792	7.98e-106	379
Seq_8541	otu000546	92.126	254	18	2	1	253	540	792	3.74e-99	357
Seq_8542	otu000546	92.549	255	15	4	1	253	540	792	8.04e-101	363
Seq_8543	otu000546	92.549	255	15	4	1	253	540	792	8.04e-101	363
Seq_8544	otu000546	93.281	253	17	0	1	253	540	792	3.71e-104	374
Seq_8545	otu000546	92.490	253	19	0	1	253	540	792	8.04e-101	363
Seq_8546	otu000546	92.095	253	20	0	1	253	540	792	3.74e-99	357
Seq_8547	otu000546	90.119	253	25	0	1	253	540	792	8.15e-91	329
Seq_8548	otu000546	90.909	253	23	0	1	253	540	792	3.77e-94	340
Seq_8549	otu000546	90.514	253	24	0	1	253	540	792	1.75e-92	335
Seq_8550	otu000546	91.304	253	22	0	1	253	540	792	8.10e-96	346
Seq_8551	otu000546	92.520	254	17	2	1	253	540	792	8.04e-101	363
Seq_8552	otu000546	90.625	256	18	6	1	253	540	792	1.75e-92	335
Seq_8553	otu000546	92.095	253	20	0	1	253	540	792	3.74e-99	357
Seq_8554	otu000546	92.126	254	18	2	1	253	540	792	3.74e-99	357
Seq_8555	otu000546	89.453	256	21	6	1	253	540	792	1.77e-87	318
Seq_8556	otu000546	90.625	256	18	6	1	253	540	792	1.75e-92	335
Seq_8557	otu000546	88.583	254	27	2	1	253	540	792	3.82e-84	307
Seq_8558	otu000546	89.370	254	25	2	1	253	540	792	1.77e-87	318
Seq_8559	otu000546	89.764	254	24	2	1	253	540	792	3.79e-89	324
Seq_8560	otu000546	90.157	254	23	2	1	253	540	792	8.15e-91	329
Seq_8561	otu000546	91.339	254	20	2	1	253	540	792	8.10e-96	346
Seq_8562	otu000546	91.339	254	20	2	1	253	540	792	8.10e-96	346
Seq_8563	otu000546	92.095	253	20	0	1	253	540	792	3.74e-99	357
Seq_8564	otu000546	91.700	253	21	0	1	253	540	792	1.74e-97	351
Seq_8565	otu000546	92.095	253	20	0	1	253	540	792	3.74e-99	357
Seq_8566	otu000546	92.885	253	18	0	1	253	540	792	1.73e-102	368
Seq_8567	otu000546	90.514	253	24	0	1	253	540	792	1.75e-92	335
Seq_8568	otu000546	92.490	253	19	0	1	253	540	792	8.04e-101	363
Seq_8569	otu000546	91.700	253	21	0	1	253	540	792	1.74e-97	351
Seq_8570	otu000546	92.885	253	18	0	1	253	540	792	1.73e-102	368
Seq_8571	otu001960	98.814	253	3	0	1	253	538	790	1.67e-127	451
Seq_8572	otu001960	100.000	253	0	0	1	253	538	790	1.66e-132	468
Seq_8573	otu001960	99.605	253	1	0	1	253	538	790	7.71e-131	462
Seq_8574	otu001960	98.419	253	4	0	1	253	538	790	7.76e-126	446
Seq_8575	otu001960	97.628	253	6	0	1	253	538	790	1.68e-122	435
Seq_8576	otu001960	97.233	253	7	0	1	253	538	790	7.82e-121	429
Seq_8577	otu001960	97.628	253	6	0	1	253	538	790	1.68e-122	435
Seq_8578	otu001960	93.281	253	17	0	1	253	538	790	3.71e-104	374
Seq_8579	otu001960	96.047	253	10	0	1	253	538	790	7.87e-116	412
Seq_8580	otu001960	96.047	253	10	0	1	253	538	790	7.87e-116	412
Seq_8581	otu000366	89.764	254	24	2	1	253	549	801	3.79e-89	324
Seq_8582	otu003911	97.610	251	6	0	2	252	516	766	2.16e-121	431
Seq_8583	otu004421	100.000	253	0	0	1	253	598	850	1.66e-132	468
Seq_8584	otu002300	88.189	254	28	2	1	253	516	768	1.78e-82	302
Seq_8585	otu002419	91.373	255	18	4	1	253	513	765	8.10e-96	346
Seq_8586	otu002364	93.307	254	15	2	1	253	515	767	3.71e-104	374
Seq_8587	otu002364	93.676	253	16	0	1	253	515	767	7.98e-106	379
Seq_8588	otu001173	92.126	254	18	2	1	253	525	777	3.74e-99	357
Seq_8589	otu001173	92.520	254	17	2	1	253	525	777	8.04e-101	363
Seq_8590	otu002688	92.490	253	19	0	1	253	515	767	8.04e-101	363
Seq_8591	otu001173	93.281	253	17	0	1	253	525	777	3.71e-104	374
Seq_8592	otu001173	91.732	254	19	2	1	253	525	777	1.74e-97	351
Seq_8593	otu001173	91.732	254	19	2	1	253	525	777	1.74e-97	351
Seq_8594	otu001173	91.765	255	17	3	1	253	525	777	1.74e-97	351
Seq_8595	otu001173	92.126	254	18	2	1	253	525	777	3.74e-99	357
Seq_8596	otu001173	91.732	254	19	2	1	253	525	777	1.74e-97	351
Seq_8597	otu002364	90.980	255	19	4	1	253	515	767	3.77e-94	340
Seq_8598	otu002300	98.031	254	3	2	1	253	516	768	3.61e-124	440
Seq_8599	otu002300	97.638	254	4	2	1	253	516	768	1.68e-122	435
Seq_8600	otu003583	95.652	253	11	0	1	253	519	771	3.66e-114	407
Seq_8601	otu001612	94.071	253	15	0	1	253	520	772	1.72e-107	385
Seq_8602	otu002364	95.669	254	9	2	1	253	515	767	3.66e-114	407
Seq_8603	otu002364	95.669	254	9	2	1	253	515	767	3.66e-114	407
Seq_8604	otu002364	95.276	254	10	2	1	253	515	767	1.70e-112	401
Seq_8605	otu002364	95.669	254	9	2	1	253	515	767	3.66e-114	407
Seq_8606	otu002364	94.882	254	11	2	1	253	515	767	7.93e-111	396
Seq_8607	otu002429	94.862	253	13	0	1	253	520	772	7.93e-111	396
Seq_8608	otu002364	95.276	254	10	2	1	253	515	767	1.70e-112	401
Seq_8609	otu002364	95.669	254	9	2	1	253	515	767	3.66e-114	407
Seq_8610	otu002429	98.814	253	3	0	1	253	520	772	1.67e-127	451
Seq_8611	otu002429	99.209	253	2	0	1	253	520	772	3.59e-129	457
Seq_8612	otu002429	98.419	253	4	0	1	253	520	772	7.76e-126	446
Seq_8613	otu002429	98.419	253	4	0	1	253	520	772	7.76e-126	446
Seq_8614	otu002300	94.466	253	14	0	1	253	516	768	3.69e-109	390
Seq_8615	otu002364	96.443	253	9	0	1	253	515	767	1.69e-117	418
Seq_8616	otu002364	97.628	253	6	0	1	253	515	767	1.68e-122	435
Seq_8617	otu002364	97.628	253	6	0	1	253	515	767	1.68e-122	435
Seq_8618	otu002364	97.638	254	4	2	1	253	515	767	1.68e-122	435
Seq_8619	otu002364	96.063	254	8	2	1	253	515	767	7.87e-116	412
Seq_8620	otu002364	95.669	254	9	2	1	253	515	767	3.66e-114	407
Seq_8621	otu002364	97.233	253	7	0	1	253	515	767	7.82e-121	429
Seq_8622	otu002364	96.838	253	8	0	1	253	515	767	3.64e-119	424
Seq_8623	otu002364	97.233	253	7	0	1	253	515	767	7.82e-121	429
Seq_8624	otu002364	97.233	253	7	0	1	253	515	767	7.82e-121	429
Seq_8625	otu002364	96.457	254	7	2	1	253	515	767	1.69e-117	418
Seq_8626	otu002364	96.063	254	8	2	1	253	515	767	7.87e-116	412
Seq_8627	otu002364	95.652	253	11	0	1	253	515	767	3.66e-114	407
Seq_8628	otu002364	95.652	253	11	0	1	253	515	767	3.66e-114	407
Seq_8629	otu002364	96.047	253	10	0	1	253	515	767	7.87e-116	412
Seq_8630	otu002364	95.669	254	9	2	1	253	515	767	3.66e-114	407
Seq_8631	otu002364	95.257	253	12	0	1	253	515	767	1.70e-112	401
Seq_8632	otu002364	96.457	254	7	2	1	253	515	767	1.69e-117	418
Seq_8633	otu002364	97.233	253	7	0	1	253	515	767	7.82e-121	429
Seq_8634	otu002364	97.233	253	7	0	1	253	515	767	7.82e-121	429
Seq_8635	otu002364	96.838	253	8	0	1	253	515	767	3.64e-119	424
Seq_8636	otu002300	95.652	253	11	0	1	253	516	768	3.66e-114	407
Seq_8637	otu002364	96.443	253	9	0	1	253	515	767	1.69e-117	418
Seq_8638	otu002364	97.244	254	5	2	1	253	515	767	7.82e-121	429
Seq_8639	otu004223	88.976	254	26	2	1	253	549	801	8.21e-86	313
Seq_8640	otu000148	89.723	253	26	0	1	253	516	768	3.79e-89	324
Seq_8641	otu002702	93.281	253	17	0	1	253	509	761	3.71e-104	374
Seq_8642	otu002419	94.862	253	13	0	1	253	513	765	7.93e-111	396
Seq_8643	otu002419	94.071	253	15	0	1	253	513	765	1.72e-107	385
Seq_8644	otu002419	95.257	253	12	0	1	253	513	765	1.70e-112	401
Seq_8645	otu004303	93.676	253	16	0	1	253	683	935	7.98e-106	379
Seq_8646	otu004303	92.885	253	18	0	1	253	683	935	1.73e-102	368
Seq_8647	otu004303	93.281	253	17	0	1	253	683	935	3.71e-104	374
Seq_8648	otu004098	93.701	254	14	2	1	253	642	894	7.98e-106	379
Seq_8649	otu004098	93.307	254	15	2	1	253	642	894	3.71e-104	374
Seq_8650	otu004098	94.094	254	13	2	1	253	642	894	1.72e-107	385
Seq_8651	otu004098	94.488	254	12	2	1	253	642	894	3.69e-109	390
Seq_8652	otu004303	94.862	253	13	0	1	253	683	935	7.93e-111	396
Seq_8653	otu004303	94.862	253	13	0	1	253	683	935	7.93e-111	396
Seq_8654	otu004303	94.466	253	14	0	1	253	683	935	3.69e-109	390
Seq_8655	otu004303	91.700	253	21	0	1	253	683	935	1.74e-97	351
Seq_8656	otu003075	91.406	256	16	6	1	253	632	884	8.10e-96	346
Seq_8657	otu004303	92.490	253	19	0	1	253	683	935	8.04e-101	363
Seq_8658	otu002419	92.941	255	14	4	1	253	513	765	1.73e-102	368
Seq_8659	otu002419	92.996	257	10	8	1	253	513	765	1.73e-102	368
Seq_8660	otu004098	92.578	256	13	6	1	253	642	894	8.04e-101	363
Seq_8661	otu000286	93.701	254	14	2	1	253	521	773	7.98e-106	379
Seq_8662	otu000217	96.047	253	10	0	1	253	517	769	7.87e-116	412
Seq_8663	otu002148	92.095	253	20	0	1	253	525	777	3.74e-99	357
Seq_8664	otu004098	91.304	253	22	0	1	253	642	894	8.10e-96	346
Seq_8665	otu003742	91.732	254	19	2	1	253	506	758	1.74e-97	351
Seq_8666	otu002148	92.885	253	18	0	1	253	525	777	1.73e-102	368
Seq_8667	otu002148	92.095	253	20	0	1	253	525	777	3.74e-99	357
Seq_8668	otu002148	94.466	253	14	0	1	253	525	777	3.69e-109	390
Seq_8669	otu002148	92.490	253	19	0	1	253	525	777	8.04e-101	363
Seq_8670	otu002148	94.510	255	10	4	1	253	525	777	3.69e-109	390
Seq_8671	otu002148	93.676	253	16	0	1	253	525	777	7.98e-106	379
Seq_8672	otu002148	93.281	253	17	0	1	253	525	777	3.71e-104	374
Seq_8673	otu002148	92.885	253	18	0	1	253	525	777	1.73e-102	368
Seq_8674	otu002148	92.520	254	17	2	1	253	525	777	8.04e-101	363
Seq_8675	otu002148	91.373	255	18	3	1	253	525	777	8.10e-96	346
Seq_8676	otu004176	90.157	254	23	2	1	253	521	773	8.15e-91	329
Seq_8677	otu000286	90.980	255	19	4	1	253	521	773	3.77e-94	340
Seq_8678	otu003742	93.281	253	17	0	1	253	506	758	3.71e-104	374
Seq_8679	otu003742	92.490	253	19	0	1	253	506	758	8.04e-101	363
Seq_8680	otu004098	91.304	253	22	0	1	253	642	894	8.10e-96	346
Seq_8681	otu000286	91.304	253	22	0	1	253	521	773	8.10e-96	346
Seq_8682	otu004051	91.304	253	22	0	1	253	505	757	8.10e-96	346
Seq_8683	otu001737	86.220	254	33	2	1	253	514	766	3.88e-74	274
Seq_8684	otu001737	86.220	254	33	2	1	253	514	766	3.88e-74	274
Seq_8685	otu001737	86.220	254	33	2	1	253	514	766	3.88e-74	274
Seq_8686	otu004014	94.862	253	13	0	1	253	527	779	7.93e-111	396
Seq_8687	otu003995	94.862	253	13	0	1	253	506	758	7.93e-111	396
Seq_8688	otu001713	91.732	254	19	2	1	253	496	748	1.74e-97	351
Seq_8689	otu004458	100.000	253	0	0	1	253	505	757	1.66e-132	468
Seq_8690	otu004458	94.862	253	13	0	1	253	505	757	7.93e-111	396
Seq_8691	otu004098	90.514	253	24	0	1	253	642	894	1.75e-92	335
Seq_8692	otu000148	87.795	254	29	2	1	253	516	768	8.27e-81	296
Seq_8693	otu000217	91.732	254	19	2	1	253	517	769	1.74e-97	351
Seq_8694	otu004098	92.188	256	14	6	1	253	642	894	3.74e-99	357
Seq_8695	otu004098	92.969	256	12	6	1	253	642	894	1.73e-102	368
Seq_8696	otu004098	91.700	253	21	0	1	253	642	894	1.74e-97	351
Seq_8697	otu000286	92.126	254	18	2	1	253	521	773	3.74e-99	357
Seq_8698	otu000286	92.126	254	18	2	1	253	521	773	3.74e-99	357
Seq_8699	otu004098	94.488	254	12	2	1	253	642	894	3.69e-109	390
Seq_8700	otu004098	92.941	255	14	4	1	253	642	894	1.73e-102	368
Seq_8701	otu000286	93.676	253	16	0	1	253	521	773	7.98e-106	379
Seq_8702	otu000286	93.676	253	16	0	1	253	521	773	7.98e-106	379
Seq_8703	otu001737	90.119	253	25	0	1	253	514	766	8.15e-91	329
Seq_8704	otu001294	90.514	253	24	0	1	253	517	769	1.75e-92	335
Seq_8705	otu001294	90.909	253	23	0	1	253	517	769	3.77e-94	340
Seq_8706	otu001294	91.304	253	22	0	1	253	517	769	8.10e-96	346
Seq_8707	otu001294	90.514	253	24	0	1	253	517	769	1.75e-92	335
Seq_8708	otu004098	90.157	254	23	2	1	253	642	894	8.15e-91	329
Seq_8709	otu004098	90.157	254	23	2	1	253	642	894	8.15e-91	329
Seq_8710	otu001294	90.514	253	24	0	1	253	517	769	1.75e-92	335
Seq_8711	otu001294	90.909	253	23	0	1	253	517	769	3.77e-94	340
Seq_8712	otu002419	90.234	256	19	6	1	253	513	765	8.15e-91	329
Seq_8713	otu001294	91.339	254	20	2	1	253	517	769	8.10e-96	346
Seq_8714	otu000217	91.732	254	19	2	1	253	517	769	1.74e-97	351
Seq_8715	otu001294	90.157	254	23	2	1	253	517	769	8.15e-91	329
Seq_8716	otu001294	89.370	254	25	2	1	253	517	769	1.77e-87	318
Seq_8717	otu001294	92.157	255	16	4	1	253	517	769	3.74e-99	357
Seq_8718	otu001294	90.945	254	21	2	1	253	517	769	3.77e-94	340
Seq_8719	otu001294	91.732	254	19	2	1	253	517	769	1.74e-97	351
Seq_8720	otu001294	92.126	254	18	2	1	253	517	769	3.74e-99	357
Seq_8721	otu001737	90.909	253	23	0	1	253	514	766	3.77e-94	340
Seq_8722	otu001294	90.945	254	21	2	1	253	517	769	3.77e-94	340
Seq_8723	otu000217	92.490	253	19	0	1	253	517	769	8.04e-101	363
Seq_8724	otu001294	92.126	254	18	2	1	253	517	769	3.74e-99	357
Seq_8725	otu001294	91.732	254	19	2	1	253	517	769	1.74e-97	351
Seq_8726	otu000286	89.020	255	24	2	1	253	521	773	8.21e-86	313
Seq_8727	otu000286	91.339	254	20	2	1	253	521	773	8.10e-96	346
Seq_8728	otu000217	95.257	253	12	0	1	253	517	769	1.70e-112	401
Seq_8729	otu004303	93.676	253	16	0	1	253	683	935	7.98e-106	379
Seq_8730	otu004098	94.902	255	9	4	1	253	642	894	7.93e-111	396
Seq_8731	otu004303	94.510	255	10	4	1	253	683	935	3.69e-109	390
Seq_8732	otu003075	96.078	255	6	4	1	253	632	884	7.87e-116	412
Seq_8733	otu000217	92.549	255	15	4	1	253	517	769	8.04e-101	363
Seq_8734	otu000217	92.941	255	14	4	1	253	517	769	1.73e-102	368
Seq_8735	otu003075	94.488	254	12	2	1	253	632	884	3.69e-109	390
Seq_8736	otu000217	94.862	253	13	0	1	253	517	769	7.93e-111	396
Seq_8737	otu000217	94.862	253	13	0	1	253	517	769	7.93e-111	396
Seq_8738	otu004098	94.488	254	12	2	1	253	642	894	3.69e-109	390
Seq_8739	otu000217	94.466	253	14	0	1	253	517	769	3.69e-109	390
Seq_8740	otu000217	94.466	253	14	0	1	253	517	769	3.69e-109	390
Seq_8741	otu002419	93.281	253	17	0	1	253	513	765	3.71e-104	374
Seq_8742	otu002419	92.885	253	18	0	1	253	513	765	1.73e-102	368
Seq_8743	otu000217	94.488	254	12	2	1	253	517	769	3.69e-109	390
Seq_8744	otu000217	94.882	254	11	2	1	253	517	769	7.93e-111	396
Seq_8745	otu003075	93.676	253	16	0	1	253	632	884	7.98e-106	379
Seq_8746	otu000217	95.669	254	9	2	1	253	517	769	3.66e-114	407
Seq_8747	otu000217	95.669	254	9	2	1	253	517	769	3.66e-114	407
Seq_8748	otu000217	96.063	254	8	2	1	253	517	769	7.87e-116	412
Seq_8749	otu004098	94.466	253	14	0	1	253	642	894	3.69e-109	390
Seq_8750	otu002419	95.652	253	11	0	1	253	513	765	3.66e-114	407
Seq_8751	otu002419	95.257	253	12	0	1	253	513	765	1.70e-112	401
Seq_8752	otu002419	94.862	253	13	0	1	253	513	765	7.93e-111	396
Seq_8753	otu002419	95.652	253	11	0	1	253	513	765	3.66e-114	407
Seq_8754	otu002419	96.047	253	10	0	1	253	513	765	7.87e-116	412
Seq_8755	otu004098	94.862	253	13	0	1	253	642	894	7.93e-111	396
Seq_8756	otu004098	95.652	253	11	0	1	253	642	894	3.66e-114	407
Seq_8757	otu002419	96.047	253	10	0	1	253	513	765	7.87e-116	412
Seq_8758	otu001737	93.281	253	17	0	1	253	514	766	3.71e-104	374
Seq_8759	otu003075	92.885	253	18	0	1	253	632	884	1.73e-102	368
Seq_8760	otu004098	92.885	253	18	0	1	253	642	894	1.73e-102	368
Seq_8761	otu004303	93.676	253	16	0	1	253	683	935	7.98e-106	379
Seq_8762	otu004303	92.885	253	18	0	1	253	683	935	1.73e-102	368
Seq_8763	otu004303	94.071	253	15	0	1	253	683	935	1.72e-107	385
Seq_8764	otu004098	93.307	254	15	2	1	253	642	894	3.71e-104	374
Seq_8765	otu002419	95.652	253	11	0	1	253	513	765	3.66e-114	407
Seq_8766	otu004098	94.466	253	14	0	1	253	642	894	3.69e-109	390
Seq_8767	otu004098	94.466	253	14	0	1	253	642	894	3.69e-109	390
Seq_8768	otu004098	94.466	253	14	0	1	253	642	894	3.69e-109	390
Seq_8769	otu002419	94.094	254	13	2	1	253	513	765	1.72e-107	385
Seq_8770	otu002419	94.466	253	14	0	1	253	513	765	3.69e-109	390
Seq_8771	otu004098	94.466	253	14	0	1	253	642	894	3.69e-109	390
Seq_8772	otu004098	94.862	253	13	0	1	253	642	894	7.93e-111	396
Seq_8773	otu003075	94.862	253	13	0	1	253	632	884	7.93e-111	396
Seq_8774	otu004098	94.466	253	14	0	1	253	642	894	3.69e-109	390
Seq_8775	otu004098	94.071	253	15	0	1	253	642	894	1.72e-107	385
Seq_8776	otu004098	93.676	253	16	0	1	253	642	894	7.98e-106	379
Seq_8777	otu004098	96.047	253	10	0	1	253	642	894	7.87e-116	412
Seq_8778	otu000217	94.862	253	13	0	1	253	517	769	7.93e-111	396
Seq_8779	otu002419	93.725	255	12	4	1	253	513	765	7.98e-106	379
Seq_8780	otu002419	93.725	255	12	4	1	253	513	765	7.98e-106	379
Seq_8781	otu002419	92.941	255	14	4	1	253	513	765	1.73e-102	368
Seq_8782	otu004098	95.652	253	11	0	1	253	642	894	3.66e-114	407
Seq_8783	otu004098	93.676	253	16	0	1	253	642	894	7.98e-106	379
Seq_8784	otu004098	99.209	253	2	0	1	253	642	894	3.59e-129	457
Seq_8785	otu004098	98.814	253	3	0	1	253	642	894	1.67e-127	451
Seq_8786	otu002419	99.605	253	1	0	1	253	513	765	7.71e-131	462
Seq_8787	otu004098	98.814	253	3	0	1	253	642	894	1.67e-127	451
Seq_8788	otu004098	99.605	253	1	0	1	253	642	894	7.71e-131	462
Seq_8789	otu004098	98.419	253	4	0	1	253	642	894	7.76e-126	446
Seq_8790	otu002419	99.209	253	2	0	1	253	513	765	3.59e-129	457
Seq_8791	otu004098	98.814	253	3	0	1	253	642	894	1.67e-127	451
Seq_8792	otu004098	98.419	253	4	0	1	253	642	894	7.76e-126	446
Seq_8793	otu004098	98.814	253	3	0	1	253	642	894	1.67e-127	451
Seq_8794	otu004098	97.233	253	7	0	1	253	642	894	7.82e-121	429
Seq_8795	otu003075	96.838	253	8	0	1	253	632	884	3.64e-119	424
Seq_8796	otu003075	96.457	254	7	2	1	253	632	884	1.69e-117	418
Seq_8797	otu003075	97.233	253	7	0	1	253	632	884	7.82e-121	429
Seq_8798	otu003075	96.047	253	10	0	1	253	632	884	7.87e-116	412
Seq_8799	otu004098	96.838	253	8	0	1	253	642	894	3.64e-119	424
Seq_8800	otu003075	96.838	253	8	0	1	253	632	884	3.64e-119	424
Seq_8801	otu003075	96.838	253	8	0	1	253	632	884	3.64e-119	424
Seq_8802	otu003075	97.233	253	7	0	1	253	632	884	7.82e-121	429
Seq_8803	otu003075	98.419	253	4	0	1	253	632	884	7.76e-126	446
Seq_8804	otu004098	96.838	253	8	0	1	253	642	894	3.64e-119	424
Seq_8805	otu004303	94.071	253	15	0	1	253	683	935	1.72e-107	385
Seq_8806	otu004303	94.466	253	14	0	1	253	683	935	3.69e-109	390
Seq_8807	otu004098	94.862	253	13	0	1	253	642	894	7.93e-111	396
Seq_8808	otu004303	94.862	253	13	0	1	253	683	935	7.93e-111	396
Seq_8809	otu002419	94.862	253	13	0	1	253	513	765	7.93e-111	396
Seq_8810	otu002419	95.257	253	12	0	1	253	513	765	1.70e-112	401
Seq_8811	otu004303	96.443	253	9	0	1	253	683	935	1.69e-117	418
Seq_8812	otu003075	95.257	253	12	0	1	253	632	884	1.70e-112	401
Seq_8813	otu003075	94.862	253	13	0	1	253	632	884	7.93e-111	396
Seq_8814	otu002419	95.652	253	11	0	1	253	513	765	3.66e-114	407
Seq_8815	otu004098	96.047	253	10	0	1	253	642	894	7.87e-116	412
Seq_8816	otu004303	89.370	254	25	2	1	253	683	935	1.77e-87	318
Seq_8817	otu004303	97.233	253	7	0	1	253	683	935	7.82e-121	429
Seq_8818	otu004303	96.047	253	10	0	1	253	683	935	7.87e-116	412
Seq_8819	otu004303	96.047	253	10	0	1	253	683	935	7.87e-116	412
Seq_8820	otu004303	96.443	253	9	0	1	253	683	935	1.69e-117	418
Seq_8821	otu004303	94.862	253	13	0	1	253	683	935	7.93e-111	396
Seq_8822	otu004303	95.652	253	11	0	1	253	683	935	3.66e-114	407
Seq_8823	otu004098	96.838	253	8	0	1	253	642	894	3.64e-119	424
Seq_8824	otu004303	98.024	253	5	0	1	253	683	935	3.61e-124	440
Seq_8825	otu004303	97.233	253	7	0	1	253	683	935	7.82e-121	429
Seq_8826	otu004303	96.443	253	9	0	1	253	683	935	1.69e-117	418
Seq_8827	otu004098	96.838	253	8	0	1	253	642	894	3.64e-119	424
Seq_8828	otu004098	97.233	253	7	0	1	253	642	894	7.82e-121	429
Seq_8829	otu004303	96.047	253	10	0	1	253	683	935	7.87e-116	412
Seq_8830	otu004303	98.024	253	5	0	1	253	683	935	3.61e-124	440
Seq_8831	otu004303	97.233	253	7	0	1	253	683	935	7.82e-121	429
Seq_8832	otu004303	100.000	253	0	0	1	253	683	935	1.66e-132	468
Seq_8833	otu000286	94.488	254	12	2	1	253	521	773	3.69e-109	390
Seq_8834	otu000217	94.862	253	13	0	1	253	517	769	7.93e-111	396
Seq_8835	otu000217	97.628	253	6	0	1	253	517	769	1.68e-122	435
Seq_8836	otu002419	94.862	253	13	0	1	253	513	765	7.93e-111	396
Seq_8837	otu004098	95.652	253	11	0	1	253	642	894	3.66e-114	407
Seq_8838	otu004098	92.490	253	19	0	1	253	642	894	8.04e-101	363
Seq_8839	otu004098	92.095	253	20	0	1	253	642	894	3.74e-99	357
Seq_8840	otu004098	92.490	253	19	0	1	253	642	894	8.04e-101	363
Seq_8841	otu002419	93.701	254	14	2	1	253	513	765	7.98e-106	379
Seq_8842	otu002419	95.652	253	11	0	1	253	513	765	3.66e-114	407
Seq_8843	otu004303	94.902	255	9	4	1	253	683	935	7.93e-111	396
Seq_8844	otu004303	96.063	254	8	2	1	253	683	935	7.87e-116	412
Seq_8845	otu000217	96.443	253	9	0	1	253	517	769	1.69e-117	418
Seq_8846	otu004303	96.063	254	8	2	1	253	683	935	7.87e-116	412
Seq_8847	otu004303	94.488	254	12	2	1	253	683	935	3.69e-109	390
Seq_8848	otu004303	95.257	253	12	0	1	253	683	935	1.70e-112	401
Seq_8849	otu004303	95.669	254	9	2	1	253	683	935	3.66e-114	407
Seq_8850	otu004303	96.850	254	6	2	1	253	683	935	3.64e-119	424
Seq_8851	otu003075	97.628	253	6	0	1	253	632	884	1.68e-122	435
Seq_8852	otu000217	97.233	253	7	0	1	253	517	769	7.82e-121	429
Seq_8853	otu000217	98.419	253	4	0	1	253	517	769	7.76e-126	446
Seq_8854	otu000217	98.024	253	5	0	1	253	517	769	3.61e-124	440
Seq_8855	otu003075	96.838	253	8	0	1	253	632	884	3.64e-119	424
Seq_8856	otu004098	95.257	253	12	0	1	253	642	894	1.70e-112	401
Seq_8857	otu000217	96.443	253	9	0	1	253	517	769	1.69e-117	418
Seq_8858	otu000286	95.257	253	12	0	1	253	521	773	1.70e-112	401
Seq_8859	otu004176	90.119	253	25	0	1	253	521	773	8.15e-91	329
Seq_8860	otu004176	94.118	255	11	4	1	253	521	773	1.72e-107	385
Seq_8861	otu004303	93.281	253	17	0	1	253	683	935	3.71e-104	374
Seq_8862	otu000286	94.862	253	13	0	1	253	521	773	7.93e-111	396
Seq_8863	otu002419	94.488	254	12	2	1	253	513	765	3.69e-109	390
Seq_8864	otu002419	94.466	253	14	0	1	253	513	765	3.69e-109	390
Seq_8865	otu002419	94.862	253	13	0	1	253	513	765	7.93e-111	396
Seq_8866	otu002419	95.652	253	11	0	1	253	513	765	3.66e-114	407
Seq_8867	otu004176	94.862	253	13	0	1	253	521	773	7.93e-111	396
Seq_8868	otu004176	94.862	253	13	0	1	253	521	773	7.93e-111	396
Seq_8869	otu000286	95.652	253	11	0	1	253	521	773	3.66e-114	407
Seq_8870	otu000286	95.257	253	12	0	1	253	521	773	1.70e-112	401
Seq_8871	otu004176	94.488	254	12	2	1	253	521	773	3.69e-109	390
Seq_8872	otu004176	92.157	255	16	4	1	253	521	773	3.74e-99	357
Seq_8873	otu000286	94.466	253	14	0	1	253	521	773	3.69e-109	390
Seq_8874	otu004176	94.071	253	15	0	1	253	521	773	1.72e-107	385
Seq_8875	otu004176	94.488	254	12	2	1	253	521	773	3.69e-109	390
Seq_8876	otu004176	94.466	253	14	0	1	253	521	773	3.69e-109	390
Seq_8877	otu004176	94.466	253	14	0	1	253	521	773	3.69e-109	390
Seq_8878	otu000286	94.466	253	14	0	1	253	521	773	3.69e-109	390
Seq_8879	otu000286	94.862	253	13	0	1	253	521	773	7.93e-111	396
Seq_8880	otu004176	93.281	253	17	0	1	253	521	773	3.71e-104	374
Seq_8881	otu004176	95.652	253	9	2	2	253	522	773	1.32e-113	405
Seq_8882	otu004176	95.257	253	12	0	1	253	521	773	1.70e-112	401
Seq_8883	otu004176	94.862	253	13	0	1	253	521	773	7.93e-111	396
Seq_8884	otu004176	100.000	253	0	0	1	253	521	773	1.66e-132	468
Seq_8885	otu004176	96.443	253	9	0	1	253	521	773	1.69e-117	418
Seq_8886	otu004176	95.652	253	11	0	1	253	521	773	3.66e-114	407
Seq_8887	otu004098	91.700	253	21	0	1	253	642	894	1.74e-97	351
Seq_8888	otu004098	91.304	253	22	0	1	253	642	894	8.10e-96	346
Seq_8889	otu002419	93.281	253	17	0	1	253	513	765	3.71e-104	374
Seq_8890	otu004176	92.885	253	18	0	1	253	521	773	1.73e-102	368
Seq_8891	otu004098	94.466	253	14	0	1	253	642	894	3.69e-109	390
Seq_8892	otu004176	92.520	254	17	2	1	253	521	773	8.04e-101	363
Seq_8893	otu004098	94.071	253	15	0	1	253	642	894	1.72e-107	385
Seq_8894	otu000217	94.510	255	10	4	1	253	517	769	3.69e-109	390
Seq_8895	otu000217	95.652	253	11	0	1	253	517	769	3.66e-114	407
Seq_8896	otu000217	96.443	253	9	0	1	253	517	769	1.69e-117	418
Seq_8897	otu000217	95.652	253	11	0	1	253	517	769	3.66e-114	407
Seq_8898	otu000217	94.862	253	13	0	1	253	517	769	7.93e-111	396
Seq_8899	otu000217	96.443	253	9	0	1	253	517	769	1.69e-117	418
Seq_8900	otu004098	94.862	253	13	0	1	253	642	894	7.93e-111	396
Seq_8901	otu004098	95.257	253	12	0	1	253	642	894	1.70e-112	401
Seq_8902	otu004098	94.466	253	14	0	1	253	642	894	3.69e-109	390
Seq_8903	otu004303	92.095	253	20	0	1	253	683	935	3.74e-99	357
Seq_8904	otu000751	91.732	254	19	2	1	253	503	755	1.74e-97	351
Seq_8905	otu004209	91.304	253	22	0	1	253	521	773	8.10e-96	346
Seq_8906	otu004209	91.304	253	22	0	1	253	521	773	8.10e-96	346
Seq_8907	otu003902	92.188	256	14	6	1	253	528	780	3.74e-99	357
Seq_8908	otu003902	92.885	253	18	0	1	253	528	780	1.73e-102	368
Seq_8909	otu000751	92.885	253	18	0	1	253	503	755	1.73e-102	368
Seq_8910	otu003075	92.490	253	19	0	1	253	632	884	8.04e-101	363
Seq_8911	otu002300	92.126	254	18	2	1	253	516	768	3.74e-99	357
Seq_8912	otu000503	86.957	253	33	0	1	253	524	776	1.79e-77	285
Seq_8913	otu002688	90.119	253	25	0	1	253	515	767	8.15e-91	329
Seq_8914	otu003902	91.700	253	21	0	1	253	528	780	1.74e-97	351
Seq_8915	otu004303	92.157	255	16	4	1	253	683	935	3.74e-99	357
Seq_8916	otu000751	92.913	254	16	2	1	253	503	755	1.73e-102	368
Seq_8917	otu002257	92.126	254	18	2	1	253	503	755	3.74e-99	357
Seq_8918	otu001857	93.676	253	16	0	1	253	505	757	7.98e-106	379
Seq_8919	otu000751	92.490	253	19	0	1	253	503	755	8.04e-101	363
Seq_8920	otu004051	87.500	256	26	5	1	253	505	757	3.85e-79	291
Seq_8921	otu004223	87.843	255	28	3	1	254	549	801	8.31e-81	296
Seq_8922	otu003939	91.339	254	21	1	1	253	501	754	8.10e-96	346
Seq_8923	otu003939	91.765	255	18	3	1	253	501	754	1.74e-97	351
Seq_8924	otu003939	92.157	255	17	3	1	253	501	754	3.74e-99	357
Seq_8925	otu003939	92.549	255	16	3	1	253	501	754	8.04e-101	363
Seq_8926	otu003939	92.549	255	16	3	1	253	501	754	8.04e-101	363
Seq_8927	otu003939	92.157	255	17	3	1	253	501	754	3.74e-99	357
Seq_8928	otu001921	98.814	253	3	0	1	253	495	747	1.67e-127	451
Seq_8929	otu001857	96.443	253	9	0	1	253	505	757	1.69e-117	418
Seq_8930	otu004410	100.000	253	0	0	1	253	506	758	1.66e-132	468
Seq_8931	otu004410	99.605	253	1	0	1	253	506	758	7.71e-131	462
Seq_8932	otu004410	96.838	253	8	0	1	253	506	758	3.64e-119	424
Seq_8933	otu002257	95.257	253	12	0	1	253	503	755	1.70e-112	401
Seq_8934	otu003674	94.862	253	13	0	1	253	499	751	7.93e-111	396
Seq_8935	otu000830	96.047	253	10	0	1	253	501	753	7.87e-116	412
Seq_8936	otu001857	99.605	253	1	0	1	253	505	757	7.71e-131	462
Seq_8937	otu001857	97.628	253	6	0	1	253	505	757	1.68e-122	435
Seq_8938	otu000542	97.628	253	6	0	1	253	506	758	1.68e-122	435
Seq_8939	otu002688	96.443	253	9	0	1	253	515	767	1.69e-117	418
Seq_8940	otu003674	96.047	253	10	0	1	253	499	751	7.87e-116	412
Seq_8941	otu002688	95.257	253	12	0	1	253	515	767	1.70e-112	401
Seq_8942	otu002688	97.233	253	7	0	1	253	515	767	7.82e-121	429
Seq_8943	otu002688	99.605	253	1	0	1	253	515	767	7.71e-131	462
Seq_8944	otu000830	96.047	253	10	0	1	253	501	753	7.87e-116	412
Seq_8945	otu000797	96.443	253	9	0	1	253	504	756	1.69e-117	418
Seq_8946	otu000797	100.000	253	0	0	1	253	504	756	1.66e-132	468
Seq_8947	otu000830	94.488	254	12	2	1	253	501	753	3.69e-109	390
Seq_8948	otu002502	94.466	253	14	0	1	253	505	757	3.69e-109	390
Seq_8949	otu002688	97.628	253	6	0	1	253	515	767	1.68e-122	435
Seq_8950	otu002688	98.024	253	5	0	1	253	515	767	3.61e-124	440
Seq_8951	otu002688	97.628	253	6	0	1	253	515	767	1.68e-122	435
Seq_8952	otu002688	96.838	253	8	0	1	253	515	767	3.64e-119	424
Seq_8953	otu002688	93.281	253	17	0	1	253	515	767	3.71e-104	374
Seq_8954	otu000751	93.281	253	17	0	1	253	503	755	3.71e-104	374
Seq_8955	otu000751	94.094	254	13	2	1	253	503	755	1.72e-107	385
Seq_8956	otu004113	89.370	254	24	3	1	253	621	872	6.35e-87	316
Seq_8957	otu003554	88.142	253	30	0	1	253	549	801	1.78e-82	302
Seq_8958	otu003554	88.933	253	28	0	1	253	549	801	8.21e-86	313
Seq_8959	otu002300	88.189	254	28	2	1	253	516	768	1.78e-82	302
Seq_8960	otu000217	90.119	253	25	0	1	253	517	769	8.15e-91	329
Seq_8961	otu003907	91.304	253	18	4	2	252	520	770	1.04e-94	342
Seq_8962	otu003907	91.700	253	17	4	2	252	520	770	2.24e-96	348
Seq_8963	otu003907	90.945	254	19	4	1	252	519	770	1.35e-93	339
Seq_8964	otu003907	90.157	254	21	4	1	252	519	770	2.92e-90	327
Seq_8965	otu003907	90.551	254	20	4	1	252	519	770	6.28e-92	333
Seq_8966	otu003907	90.945	254	19	4	1	252	519	770	1.35e-93	339
Seq_8967	otu003907	96.032	252	10	0	1	252	519	770	2.82e-115	411
Seq_8968	otu003907	94.048	252	15	0	1	252	519	770	6.14e-107	383
Seq_8969	otu001422	90.514	253	22	2	1	252	505	756	6.28e-92	333
Seq_8970	otu002441	95.635	252	11	0	1	252	487	738	1.31e-113	405
Seq_8971	otu002855	91.339	254	19	3	1	253	520	771	2.91e-95	344
Seq_8972	otu002855	92.063	252	20	0	1	252	520	771	1.34e-98	355
Seq_8973	otu001385	91.270	252	22	0	1	252	522	773	2.90e-95	344
Seq_8974	otu001797	88.142	253	28	2	1	252	518	769	6.37e-82	300
Seq_8975	otu001385	92.885	253	16	2	1	252	522	773	6.19e-102	366
Seq_8976	otu001385	91.700	253	19	2	1	252	522	773	6.23e-97	350
Seq_8977	otu001385	92.913	254	14	4	1	252	522	773	6.19e-102	366
Seq_8978	otu001385	92.857	252	18	0	1	252	522	773	6.19e-102	366
Seq_8979	otu001385	92.460	252	19	0	1	252	522	773	2.88e-100	361
Seq_8980	otu001385	92.063	252	20	0	1	252	522	773	1.34e-98	355
Seq_8981	otu001385	93.651	252	16	0	1	252	522	773	2.86e-105	377
Seq_8982	otu001385	92.857	252	18	0	1	252	522	773	6.19e-102	366
Seq_8983	otu001385	91.667	252	21	0	1	252	522	773	6.23e-97	350
Seq_8984	otu001385	92.857	252	18	0	1	252	522	773	6.19e-102	366
Seq_8985	otu002855	91.667	252	21	0	1	252	520	771	6.23e-97	350
Seq_8986	otu002855	93.254	252	17	0	1	252	520	771	1.33e-103	372
Seq_8987	otu001385	90.514	253	22	2	1	252	522	773	6.28e-92	333
Seq_8988	otu002859	90.945	254	19	4	1	252	519	770	1.35e-93	339
Seq_8989	otu002441	91.667	252	21	0	1	252	487	738	6.23e-97	350
Seq_8990	otu002855	94.444	252	14	0	1	252	520	771	1.32e-108	388
Seq_8991	otu002855	91.270	252	22	0	1	252	520	771	2.90e-95	344
Seq_8992	otu000934	91.270	252	22	0	1	252	521	772	2.90e-95	344
Seq_8993	otu000934	91.270	252	22	0	1	252	521	772	2.90e-95	344
Seq_8994	otu000934	93.651	252	16	0	1	252	521	772	2.86e-105	377
Seq_8995	otu000934	94.048	252	15	0	1	252	521	772	6.14e-107	383
Seq_8996	otu000934	92.857	252	18	0	1	252	521	772	6.19e-102	366
Seq_8997	otu002855	94.071	253	13	2	1	252	520	771	6.14e-107	383
Seq_8998	otu002855	93.254	252	17	0	1	252	520	771	1.33e-103	372
Seq_8999	otu002855	92.095	253	18	2	1	252	520	771	1.34e-98	355
Seq_9000	otu002855	91.700	253	19	2	1	252	520	771	6.23e-97	350
Seq_9001	otu002855	94.071	253	13	2	1	252	520	771	6.14e-107	383
Seq_9002	otu002855	94.466	253	12	2	1	252	520	771	1.32e-108	388
Seq_9003	otu004371	91.270	252	22	0	1	252	511	762	2.90e-95	344
Seq_9004	otu002855	93.281	253	15	2	1	252	520	771	1.33e-103	372
Seq_9005	otu002855	93.254	252	17	0	1	252	520	771	1.33e-103	372
Seq_9006	otu004371	91.667	252	21	0	1	252	511	762	6.23e-97	350
Seq_9007	otu002855	91.304	253	20	2	1	252	520	771	2.90e-95	344
Seq_9008	otu002855	91.700	253	19	2	1	252	520	771	6.23e-97	350
Seq_9009	otu002855	92.490	253	17	2	1	252	520	771	2.88e-100	361
Seq_9010	otu000934	92.063	252	20	0	1	252	521	772	1.34e-98	355
Seq_9011	otu002855	92.490	253	17	2	1	252	520	771	2.88e-100	361
Seq_9012	otu002855	92.490	253	17	2	1	252	520	771	2.88e-100	361
Seq_9013	otu002855	91.304	253	20	2	1	252	520	771	2.90e-95	344
Seq_9014	otu002855	91.700	253	19	2	1	252	520	771	6.23e-97	350
Seq_9015	otu002855	91.700	253	19	2	1	252	520	771	6.23e-97	350
Seq_9016	otu002855	91.304	253	20	2	1	252	520	771	2.90e-95	344
Seq_9017	otu004371	91.667	252	21	0	1	252	511	762	6.23e-97	350
Seq_9018	otu002855	92.063	252	20	0	1	252	520	771	1.34e-98	355
Seq_9019	otu004371	92.857	252	18	0	1	252	511	762	6.19e-102	366
Seq_9020	otu004371	93.307	254	13	4	1	252	511	762	1.33e-103	372
Seq_9021	otu001065	93.651	252	16	0	1	252	519	770	2.86e-105	377
Seq_9022	otu002441	95.635	252	11	0	1	252	487	738	1.31e-113	405
Seq_9023	otu000562	94.444	252	14	0	1	252	494	745	1.32e-108	388
Seq_9024	otu004371	90.157	254	21	4	1	252	511	762	2.92e-90	327
Seq_9025	otu000084	86.957	253	31	2	1	252	511	762	6.41e-77	283
Seq_9026	otu002228	89.328	253	27	0	1	253	503	755	1.77e-87	318
Seq_9027	otu004293	91.700	253	21	0	1	253	505	757	1.74e-97	351
Seq_9028	otu004293	91.304	253	22	0	1	253	505	757	8.10e-96	346
Seq_9029	otu004293	91.700	253	21	0	1	253	505	757	1.74e-97	351
Seq_9030	otu004293	92.490	253	19	0	1	253	505	757	8.04e-101	363
Seq_9031	otu002506	88.400	250	28	1	1	249	532	781	6.37e-82	300
Seq_9032	otu000399	89.723	253	26	0	1	253	554	806	3.79e-89	324
Seq_9033	otu002747	88.933	253	28	0	1	253	554	806	8.21e-86	313
Seq_9034	otu004074	86.905	252	29	4	1	250	666	915	8.33e-76	279
Seq_9035	otu004074	87.251	251	30	2	1	250	666	915	1.79e-77	285
Seq_9036	otu002578	86.853	251	30	3	1	250	648	896	3.00e-75	278
Seq_9037	otu004368	92.063	252	20	0	2	253	548	799	1.35e-98	355
Seq_9038	otu004368	92.063	252	20	0	2	253	548	799	1.35e-98	355
Seq_9039	otu004368	92.460	252	19	0	2	253	548	799	2.89e-100	361
Seq_9040	otu003573	90.079	252	25	0	2	253	622	873	2.93e-90	327
Seq_9041	otu002811	93.676	253	16	0	1	253	679	931	7.98e-106	379
Seq_9042	otu002811	93.676	253	16	0	1	253	679	931	7.98e-106	379
Seq_9043	otu002811	90.909	253	23	0	1	253	679	931	3.77e-94	340
Seq_9044	otu002811	92.490	253	19	0	1	253	679	931	8.04e-101	363
Seq_9045	otu002811	92.095	253	20	0	1	253	679	931	3.74e-99	357
Seq_9046	otu002811	93.676	253	16	0	1	253	679	931	7.98e-106	379
Seq_9047	otu002811	93.676	253	16	0	1	253	679	931	7.98e-106	379
Seq_9048	otu002811	93.281	253	17	0	1	253	679	931	3.71e-104	374
Seq_9049	otu002811	94.071	253	15	0	1	253	679	931	1.72e-107	385
Seq_9050	otu002811	95.257	253	12	0	1	253	679	931	1.70e-112	401
Seq_9051	otu002811	96.838	253	8	0	1	253	679	931	3.64e-119	424
Seq_9052	otu002811	96.047	253	10	0	1	253	679	931	7.87e-116	412
Seq_9053	otu002811	96.838	253	8	0	1	253	679	931	3.64e-119	424
Seq_9054	otu002811	96.047	253	10	0	1	253	679	931	7.87e-116	412
Seq_9055	otu002811	95.257	253	12	0	1	253	679	931	1.70e-112	401
Seq_9056	otu003902	88.933	253	26	2	2	253	529	780	2.95e-85	311
Seq_9057	otu003902	89.683	252	26	0	2	253	529	780	1.36e-88	322
Seq_9058	otu003902	89.286	252	27	0	2	253	529	780	6.35e-87	316
Seq_9059	otu003140	89.723	253	24	2	2	253	548	799	1.36e-88	322
Seq_9060	otu003140	89.328	253	25	2	2	253	548	799	6.35e-87	316
Seq_9061	otu003140	88.538	253	27	2	2	253	548	799	1.37e-83	305
Seq_9062	otu003104	89.328	253	25	2	2	253	584	835	6.35e-87	316
Seq_9063	otu000421	89.200	250	25	2	2	250	514	762	2.95e-85	311
Seq_9064	otu002539	88.845	251	24	4	2	250	543	791	1.37e-83	305
Seq_9065	otu002539	89.243	251	23	4	2	250	543	791	2.95e-85	311
Seq_9066	otu003120	90.909	253	21	2	2	253	524	775	1.35e-93	339
Seq_9067	otu003104	90.119	253	23	2	2	253	584	835	2.93e-90	327
Seq_9068	otu004014	91.700	253	21	0	1	253	527	779	1.74e-97	351
Seq_9069	otu001420	92.032	251	20	0	3	253	516	766	4.84e-98	353
Seq_9070	otu003120	90.119	253	23	2	2	253	524	775	2.93e-90	327
Seq_9071	otu003120	89.804	255	20	5	2	253	524	775	1.36e-88	322
Seq_9072	otu003120	89.723	253	24	2	2	253	524	775	1.36e-88	322
Seq_9073	otu001420	89.412	255	19	8	3	253	516	766	2.28e-86	315
Seq_9074	otu003554	88.492	252	29	0	2	253	550	801	1.37e-83	305
Seq_9075	otu004223	90.119	253	23	2	2	253	550	801	2.93e-90	327
Seq_9076	otu003120	90.196	255	19	6	2	253	524	775	2.93e-90	327
Seq_9077	otu001706	90.514	253	22	2	2	253	549	800	6.30e-92	333
Seq_9078	otu000332	92.941	255	14	4	1	253	542	794	1.73e-102	368
Seq_9079	otu002672	89.683	252	21	5	2	251	551	799	6.38e-87	316
Seq_9080	otu002672	89.286	252	22	5	2	251	551	799	2.97e-85	311
Seq_9081	otu002672	89.683	252	21	5	2	251	551	799	6.38e-87	316
Seq_9082	otu002672	88.845	251	25	3	2	251	551	799	1.38e-83	305
Seq_9083	otu003857	88.933	253	23	4	1	251	566	815	3.84e-84	307
Seq_9084	otu001050	89.683	252	26	0	2	253	518	769	1.36e-88	322
Seq_9085	otu002798	90.119	253	19	5	1	250	516	765	3.79e-89	324
Seq_9086	otu001050	90.476	252	24	0	2	253	518	769	6.30e-92	333
Seq_9087	otu001050	91.304	253	22	0	1	253	517	769	8.10e-96	346
Seq_9088	otu002798	90.400	250	24	0	1	250	516	765	8.15e-91	329
Seq_9089	otu002672	91.667	252	21	0	2	253	551	802	6.26e-97	350
Seq_9090	otu004223	91.304	253	22	0	1	253	549	801	8.10e-96	346
Seq_9091	otu004223	90.909	253	23	0	1	253	549	801	3.77e-94	340
Seq_9092	otu001706	88.492	252	29	0	2	253	549	800	1.37e-83	305
Seq_9093	otu001706	87.747	253	29	2	2	253	549	800	2.97e-80	294
Seq_9094	otu002364	87.352	253	32	0	1	253	515	767	3.85e-79	291
Seq_9095	otu003902	90.763	249	23	0	2	250	529	777	6.30e-92	333
Seq_9096	otu002798	89.200	250	25	2	2	250	517	765	2.95e-85	311
Seq_9097	otu002798	90.000	250	23	2	2	250	517	765	1.36e-88	322
Seq_9098	otu003902	90.800	250	23	0	1	250	528	777	1.75e-92	335
Seq_9099	otu003902	88.889	252	24	4	1	250	528	777	3.82e-84	307
Seq_9100	otu001706	89.558	249	26	0	2	250	549	797	6.35e-87	316
Seq_9101	otu004176	90.438	251	22	2	1	250	521	770	8.15e-91	329
Seq_9102	otu000421	87.200	250	32	0	1	250	513	762	1.79e-77	285
Seq_9103	otu000421	86.800	250	33	0	1	250	513	762	8.33e-76	279
Seq_9104	otu001706	90.763	249	23	0	2	250	549	797	6.30e-92	333
Seq_9105	otu004368	90.514	253	23	1	1	252	547	799	6.28e-92	333
Seq_9106	otu004348	91.304	253	22	0	1	253	552	804	8.10e-96	346
Seq_9107	otu004348	90.909	253	23	0	1	253	552	804	3.77e-94	340
Seq_9108	otu004348	91.304	253	22	0	1	253	552	804	8.10e-96	346
Seq_9109	otu004348	91.700	253	21	0	1	253	552	804	1.74e-97	351
Seq_9110	otu004348	90.909	253	23	0	1	253	552	804	3.77e-94	340
Seq_9111	otu004348	90.514	253	24	0	1	253	552	804	1.75e-92	335
Seq_9112	otu004098	90.588	255	20	4	1	253	642	894	1.75e-92	335
Seq_9113	otu004098	91.406	256	16	6	1	253	642	894	8.10e-96	346
Seq_9114	otu004098	91.829	257	13	8	1	253	642	894	1.74e-97	351
Seq_9115	otu002747	89.328	253	27	0	1	253	554	806	1.77e-87	318
Seq_9116	otu002824	90.164	244	24	0	1	244	549	792	1.77e-87	318
Seq_9117	otu002747	93.281	253	17	0	1	253	554	806	3.71e-104	374
Seq_9118	otu002747	93.227	251	15	2	1	250	554	803	1.73e-102	368
Seq_9119	otu002747	93.651	252	12	4	1	250	554	803	3.71e-104	374
Seq_9120	otu003165	91.700	253	21	0	1	253	547	799	1.74e-97	351
Seq_9121	otu002747	92.941	255	14	4	1	253	554	806	1.73e-102	368
Seq_9122	otu003492	94.466	253	14	0	1	253	638	890	3.69e-109	390
Seq_9123	otu001050	88.933	253	28	0	1	253	517	769	8.21e-86	313
Seq_9124	otu001050	89.328	253	27	0	1	253	517	769	1.77e-87	318
Seq_9125	otu001050	91.304	253	22	0	1	253	517	769	8.10e-96	346
Seq_9126	otu001050	89.723	253	26	0	1	253	517	769	3.79e-89	324
Seq_9127	otu001050	88.933	253	28	0	1	253	517	769	8.21e-86	313
Seq_9128	otu001050	88.933	253	28	0	1	253	517	769	8.21e-86	313
Seq_9129	otu001050	88.538	253	29	0	1	253	517	769	3.82e-84	307
Seq_9130	otu001050	91.304	253	22	0	1	253	517	769	8.10e-96	346
Seq_9131	otu001050	90.119	253	25	0	1	253	517	769	8.15e-91	329
Seq_9132	otu001050	89.328	253	27	0	1	253	517	769	1.77e-87	318
Seq_9133	otu003554	95.257	253	12	0	1	253	549	801	1.70e-112	401
Seq_9134	otu003554	94.862	253	13	0	1	253	549	801	7.93e-111	396
Seq_9135	otu004223	98.024	253	5	0	1	253	549	801	3.61e-124	440
Seq_9136	otu004223	96.471	255	6	2	1	254	549	801	1.70e-117	418
Seq_9137	otu004223	96.443	253	9	0	1	253	549	801	1.69e-117	418
Seq_9138	otu004223	97.233	253	7	0	1	253	549	801	7.82e-121	429
Seq_9139	otu000332	88.800	250	28	0	1	250	542	791	3.82e-84	307
Seq_9140	otu000332	93.281	253	17	0	1	253	542	794	3.71e-104	374
Seq_9141	otu000332	94.071	253	15	0	1	253	542	794	1.72e-107	385
Seq_9142	otu000332	94.466	253	14	0	1	253	542	794	3.69e-109	390
Seq_9143	otu000332	95.257	253	12	0	1	253	542	794	1.70e-112	401
Seq_9144	otu000332	94.466	253	14	0	1	253	542	794	3.69e-109	390
Seq_9145	otu000332	94.071	253	15	0	1	253	542	794	1.72e-107	385
Seq_9146	otu000332	94.862	253	13	0	1	253	542	794	7.93e-111	396
Seq_9147	otu000332	94.071	253	15	0	1	253	542	794	1.72e-107	385
Seq_9148	otu000332	90.400	250	24	0	1	250	542	791	8.15e-91	329
Seq_9149	otu000332	98.024	253	5	0	1	253	542	794	3.61e-124	440
Seq_9150	otu000332	100.000	253	0	0	1	253	542	794	1.66e-132	468
Seq_9151	otu000332	94.488	254	12	2	1	253	542	794	3.69e-109	390
Seq_9152	otu000332	94.071	253	15	0	1	253	542	794	1.72e-107	385
Seq_9153	otu000332	96.838	253	8	0	1	253	542	794	3.64e-119	424
Seq_9154	otu000332	96.443	253	9	0	1	253	542	794	1.69e-117	418
Seq_9155	otu000332	95.652	253	11	0	1	253	542	794	3.66e-114	407
Seq_9156	otu002672	90.400	250	22	2	2	250	551	799	2.93e-90	327
Seq_9157	otu000756	88.446	251	23	5	6	253	494	741	2.30e-81	298
Seq_9158	otu003272	84.766	256	32	7	1	253	539	790	6.53e-67	250
Seq_9159	otu003272	85.156	256	31	7	1	253	539	790	1.40e-68	255
Seq_9160	otu003479	87.200	250	32	0	1	250	471	720	1.79e-77	285
Seq_9161	otu003479	87.200	250	32	0	1	250	471	720	1.79e-77	285
Seq_9162	otu000332	87.747	253	25	5	1	250	542	791	3.85e-79	291
Seq_9163	otu003290	87.600	250	29	2	2	250	527	775	1.38e-78	289
Seq_9164	otu004098	86.056	251	33	2	1	250	642	891	1.80e-72	268
Seq_9165	otu000332	88.142	253	24	5	1	250	542	791	8.27e-81	296
Seq_9166	otu001706	88.048	251	26	4	2	250	549	797	2.97e-80	294
Seq_9167	otu003104	88.048	251	26	4	2	250	584	832	2.97e-80	294
Seq_9168	otu003902	87.200	250	32	0	1	250	528	777	1.79e-77	285
Seq_9169	otu004098	88.400	250	29	0	1	250	642	891	1.78e-82	302
Seq_9170	otu000332	87.352	253	26	5	1	250	542	791	1.79e-77	285
Seq_9171	otu001706	87.200	250	30	2	2	250	549	797	6.44e-77	283
Seq_9172	otu000332	87.747	253	25	5	1	250	542	791	3.85e-79	291
Seq_9173	otu004098	87.600	250	31	0	1	250	642	891	3.85e-79	291
Seq_9174	otu004348	100.000	253	0	0	1	253	552	804	1.66e-132	468
Seq_9175	otu004348	99.209	253	2	0	1	253	552	804	3.59e-129	457
Seq_9176	otu003165	99.209	253	2	0	1	253	547	799	3.59e-129	457
Seq_9177	otu003165	99.605	253	1	0	1	253	547	799	7.71e-131	462
Seq_9178	otu004368	98.814	253	3	0	1	253	547	799	1.67e-127	451
Seq_9179	otu004368	98.024	253	5	0	1	253	547	799	3.61e-124	440
Seq_9180	otu004368	98.419	253	4	0	1	253	547	799	7.76e-126	446
Seq_9181	otu003165	99.209	253	2	0	1	253	547	799	3.59e-129	457
Seq_9182	otu004368	98.814	253	3	0	1	253	547	799	1.67e-127	451
Seq_9183	otu004368	96.838	253	8	0	1	253	547	799	3.64e-119	424
Seq_9184	otu004348	97.233	253	7	0	1	253	552	804	7.82e-121	429
Seq_9185	otu004368	97.233	253	7	0	1	253	547	799	7.82e-121	429
Seq_9186	otu003165	98.024	253	5	0	1	253	547	799	3.61e-124	440
Seq_9187	otu003323	97.628	253	6	0	1	253	552	804	1.68e-122	435
Seq_9188	otu004348	98.814	253	3	0	1	253	552	804	1.67e-127	451
Seq_9189	otu002581	100.000	253	0	0	1	253	648	900	1.66e-132	468
Seq_9190	otu004348	97.233	253	7	0	1	253	552	804	7.82e-121	429
Seq_9191	otu002581	96.850	254	6	2	1	253	648	900	3.64e-119	424
Seq_9192	otu002581	96.457	254	7	2	1	253	648	900	1.69e-117	418
Seq_9193	otu002581	95.276	254	10	2	1	253	648	900	1.70e-112	401
Seq_9194	otu002581	98.031	254	3	2	1	253	648	900	3.61e-124	440
Seq_9195	otu002581	97.638	254	4	2	1	253	648	900	1.68e-122	435
Seq_9196	otu002581	97.244	254	5	2	1	253	648	900	7.82e-121	429
Seq_9197	otu003598	94.466	253	14	0	1	253	541	793	3.69e-109	390
Seq_9198	otu004273	100.000	253	0	0	1	253	536	788	1.66e-132	468
Seq_9199	otu004273	99.605	253	1	0	1	253	536	788	7.71e-131	462
Seq_9200	otu002191	100.000	253	0	0	1	253	540	792	1.66e-132	468
Seq_9201	otu004317	97.628	253	6	0	1	253	540	792	1.68e-122	435
Seq_9202	otu004317	96.838	253	8	0	1	253	540	792	3.64e-119	424
Seq_9203	otu004317	97.233	253	7	0	1	253	540	792	7.82e-121	429
Seq_9204	otu004317	99.605	253	1	0	1	253	540	792	7.71e-131	462
Seq_9205	otu004317	92.490	253	18	1	1	252	540	792	2.88e-100	361
Seq_9206	otu000492	94.882	254	11	2	1	253	541	793	7.93e-111	396
Seq_9207	otu002506	94.862	253	13	0	1	253	532	784	7.93e-111	396
Seq_9208	otu002506	94.488	254	12	2	1	253	532	784	3.69e-109	390
Seq_9209	otu002506	94.882	254	11	2	1	253	532	784	7.93e-111	396
Seq_9210	otu002506	94.488	254	12	2	1	253	532	784	3.69e-109	390
Seq_9211	otu002506	97.628	253	6	0	1	253	532	784	1.68e-122	435
Seq_9212	otu000569	96.443	253	9	0	1	253	542	794	1.69e-117	418
Seq_9213	otu003697	96.850	254	7	1	1	253	542	795	3.64e-119	424
Seq_9214	otu004491	100.000	253	0	0	1	253	534	786	1.66e-132	468
Seq_9215	otu004491	99.605	253	1	0	1	253	534	786	7.71e-131	462
Seq_9216	otu003281	96.838	253	8	0	1	253	537	789	3.64e-119	424
Seq_9217	otu000037	100.000	253	0	0	1	253	546	798	1.66e-132	468
Seq_9218	otu004183	100.000	253	0	0	1	253	549	801	1.66e-132	468
Seq_9219	otu000798	99.209	253	2	0	1	253	536	788	3.59e-129	457
Seq_9220	otu004046	100.000	253	0	0	1	253	539	791	1.66e-132	468
Seq_9221	otu003208	100.000	253	0	0	1	253	538	790	1.66e-132	468
Seq_9222	otu004538	98.419	253	4	0	1	253	537	789	7.76e-126	446
Seq_9223	otu003281	98.814	253	3	0	1	253	537	789	1.67e-127	451
Seq_9224	otu002659	98.814	253	3	0	1	253	538	790	1.67e-127	451
Seq_9225	otu003850	98.814	253	3	0	1	253	538	790	1.67e-127	451
Seq_9226	otu003850	97.628	253	6	0	1	253	538	790	1.68e-122	435
Seq_9227	otu003850	99.209	253	2	0	1	253	538	790	3.59e-129	457
Seq_9228	otu004318	97.628	253	6	0	1	253	539	791	1.68e-122	435
Seq_9229	otu001555	99.209	253	2	0	1	253	533	785	3.59e-129	457
Seq_9230	otu001555	100.000	253	0	0	1	253	533	785	1.66e-132	468
Seq_9231	otu001555	99.605	253	1	0	1	253	533	785	7.71e-131	462
Seq_9232	otu004318	99.209	253	2	0	1	253	539	791	3.59e-129	457
Seq_9233	otu004318	98.814	253	3	0	1	253	539	791	1.67e-127	451
Seq_9234	otu004318	99.209	253	2	0	1	253	539	791	3.59e-129	457
Seq_9235	otu004481	99.605	253	1	0	1	253	540	792	7.71e-131	462
Seq_9236	otu003854	100.000	253	0	0	1	253	532	784	1.66e-132	468
Seq_9237	otu000563	100.000	253	0	0	1	253	538	790	1.66e-132	468
Seq_9238	otu003854	98.024	253	5	0	1	253	532	784	3.61e-124	440
Seq_9239	otu004066	97.628	253	6	0	1	253	539	791	1.68e-122	435
Seq_9240	otu004473	98.814	253	3	0	1	253	542	794	1.67e-127	451
Seq_9241	otu004481	98.814	253	3	0	1	253	540	792	1.67e-127	451
Seq_9242	otu004066	99.605	253	1	0	1	253	539	791	7.71e-131	462
Seq_9243	otu004500	98.814	253	3	0	1	253	543	795	1.67e-127	451
Seq_9244	otu003412	100.000	253	0	0	1	253	541	793	1.66e-132	468
Seq_9245	otu000492	97.233	253	7	0	1	253	541	793	7.82e-121	429
Seq_9246	otu000569	97.233	253	7	0	1	253	542	794	7.82e-121	429
Seq_9247	otu000492	95.652	253	11	0	1	253	541	793	3.66e-114	407
Seq_9248	otu000492	95.652	253	11	0	1	253	541	793	3.66e-114	407
Seq_9249	otu003208	95.652	253	11	0	1	253	538	790	3.66e-114	407
Seq_9250	otu003208	96.047	253	10	0	1	253	538	790	7.87e-116	412
Seq_9251	otu004538	96.047	253	10	0	1	253	537	789	7.87e-116	412
Seq_9252	otu002672	100.000	253	0	0	1	253	550	802	1.66e-132	468
Seq_9253	otu002434	94.882	254	11	2	1	253	543	795	7.93e-111	396
Seq_9254	otu000569	94.466	253	14	0	1	253	542	794	3.69e-109	390
Seq_9255	otu002080	95.257	253	12	0	1	253	542	794	1.70e-112	401
Seq_9256	otu001898	96.047	253	10	0	1	253	536	788	7.87e-116	412
Seq_9257	otu000492	100.000	253	0	0	1	253	541	793	1.66e-132	468
Seq_9258	otu004131	100.000	253	0	0	1	253	542	794	1.66e-132	468
Seq_9259	otu001898	99.605	253	1	0	1	253	536	788	7.71e-131	462
Seq_9260	otu001898	100.000	253	0	0	1	253	536	788	1.66e-132	468
Seq_9261	otu000336	100.000	253	0	0	1	253	543	795	1.66e-132	468
Seq_9262	otu001389	100.000	253	0	0	1	253	540	792	1.66e-132	468
Seq_9263	otu001086	99.605	253	1	0	1	253	537	789	7.71e-131	462
Seq_9264	otu001086	100.000	253	0	0	1	253	537	789	1.66e-132	468
Seq_9265	otu004488	99.209	253	2	0	1	253	539	791	3.59e-129	457
Seq_9266	otu001629	100.000	253	0	0	1	253	552	804	1.66e-132	468
Seq_9267	otu004539	100.000	253	0	0	1	253	435	687	1.66e-132	468
Seq_9268	otu004184	100.000	253	0	0	1	253	541	793	1.66e-132	468
Seq_9269	otu000647	97.628	253	6	0	1	253	532	784	1.68e-122	435
Seq_9270	otu000647	97.233	253	7	0	1	253	532	784	7.82e-121	429
Seq_9271	otu003690	100.000	252	0	0	1	252	536	787	5.93e-132	466
Seq_9272	otu002366	89.370	254	23	4	1	252	544	795	6.32e-87	316
Seq_9273	otu002366	90.514	253	22	2	1	252	544	795	6.28e-92	333
Seq_9274	otu003272	90.873	252	23	0	1	252	539	790	1.35e-93	339
Seq_9275	otu003272	93.254	252	17	0	1	252	539	790	1.33e-103	372
Seq_9276	otu002172	90.196	255	20	5	1	253	548	799	2.93e-90	327
Seq_9277	otu002578	97.222	252	7	0	1	252	648	899	2.80e-120	427
Seq_9278	otu000375	97.222	252	7	0	1	252	553	804	2.80e-120	427
Seq_9279	otu000375	97.619	252	6	0	1	252	553	804	6.02e-122	433
Seq_9280	otu002347	90.119	253	24	1	1	252	542	794	2.92e-90	327
Seq_9281	otu000931	93.676	253	14	2	1	252	551	802	2.86e-105	377
Seq_9282	otu002347	98.419	253	4	0	1	253	542	794	7.76e-126	446
Seq_9283	otu001449	93.173	249	17	0	1	249	643	891	6.19e-102	366
Seq_9284	otu001449	93.574	249	16	0	1	249	643	891	1.33e-103	372
Seq_9285	otu001449	93.976	249	15	0	1	249	643	891	2.86e-105	377
Seq_9286	otu001449	93.976	249	15	0	1	249	643	891	2.86e-105	377
Seq_9287	otu000931	89.723	253	24	2	1	252	551	802	1.36e-88	322
Seq_9288	otu001715	89.286	252	27	0	1	252	551	802	6.32e-87	316
Seq_9289	otu001715	88.889	252	28	0	1	252	551	802	2.94e-85	311
Seq_9290	otu002061	88.492	252	29	0	1	252	642	893	1.37e-83	305
Seq_9291	otu000931	89.723	253	24	2	1	252	551	802	1.36e-88	322
Seq_9292	otu000931	89.328	253	25	2	1	252	551	802	6.32e-87	316
Seq_9293	otu002366	89.020	255	22	6	1	252	544	795	2.94e-85	311
Seq_9294	otu003272	89.764	254	23	3	1	253	539	790	1.36e-88	322
Seq_9295	otu002347	88.976	254	26	2	1	253	542	794	8.21e-86	313
Seq_9296	otu003272	87.795	254	28	3	1	253	539	790	2.97e-80	294
Seq_9297	otu003272	88.976	254	25	3	1	253	539	790	2.95e-85	311
Seq_9298	otu002878	95.257	253	12	0	1	253	549	801	1.70e-112	401
Seq_9299	otu002672	94.071	253	13	2	2	253	551	802	6.17e-107	383
Seq_9300	otu002672	94.466	253	12	2	2	253	551	802	1.33e-108	388
Seq_9301	otu004041	93.701	254	13	2	1	253	525	776	2.87e-105	377
Seq_9302	otu004041	92.490	253	18	1	1	253	525	776	2.89e-100	361
Seq_9303	otu004041	91.339	254	19	2	1	253	525	776	2.91e-95	344
Seq_9304	otu004041	91.339	254	19	2	1	253	525	776	2.91e-95	344
Seq_9305	otu004041	91.339	254	19	2	1	253	525	776	2.91e-95	344
Seq_9306	otu004041	90.945	254	20	2	1	253	525	776	1.35e-93	339
Seq_9307	otu004041	91.339	254	19	2	1	253	525	776	2.91e-95	344
Seq_9308	otu004041	92.460	252	19	0	1	252	525	776	2.88e-100	361
Seq_9309	otu004041	93.307	254	14	2	1	253	525	776	1.34e-103	372
Seq_9310	otu003712	95.635	252	11	0	1	252	543	794	1.31e-113	405
Seq_9311	otu003712	95.238	252	12	0	1	252	543	794	6.10e-112	399
Seq_9312	otu003712	94.444	252	14	0	1	252	543	794	1.32e-108	388
Seq_9313	otu004041	95.257	253	10	2	1	252	525	776	6.10e-112	399
Seq_9314	otu004306	93.651	252	16	0	1	252	542	793	2.86e-105	377
Seq_9315	otu002887	94.862	253	11	2	1	252	542	793	2.84e-110	394
Seq_9316	otu004306	94.444	252	14	0	1	252	542	793	1.32e-108	388
Seq_9317	otu004041	94.862	253	11	2	1	252	525	776	2.84e-110	394
Seq_9318	otu004041	94.841	252	13	0	1	252	525	776	2.84e-110	394
Seq_9319	otu004041	94.444	252	14	0	1	252	525	776	1.32e-108	388
Seq_9320	otu004041	94.841	252	13	0	1	252	525	776	2.84e-110	394
Seq_9321	otu004041	96.032	252	10	0	1	252	525	776	2.82e-115	411
Seq_9322	otu004041	96.032	252	10	0	1	252	525	776	2.82e-115	411
Seq_9323	otu004041	97.628	253	5	1	1	253	525	776	6.04e-122	433
Seq_9324	otu003712	96.429	252	9	0	1	252	543	794	6.06e-117	416
Seq_9325	otu003712	96.032	252	10	0	1	252	543	794	2.82e-115	411
Seq_9326	otu004041	94.841	252	13	0	1	252	525	776	2.84e-110	394
Seq_9327	otu004041	96.429	252	9	0	1	252	525	776	6.06e-117	416
Seq_9328	otu002874	92.857	252	18	0	1	252	537	788	6.19e-102	366
Seq_9329	otu003712	93.254	252	17	0	1	252	543	794	1.33e-103	372
Seq_9330	otu003502	94.444	252	14	0	1	252	542	793	1.32e-108	388
Seq_9331	otu003502	93.651	252	16	0	1	252	542	793	2.86e-105	377
Seq_9332	otu002874	95.238	252	12	0	1	252	537	788	6.10e-112	399
Seq_9333	otu004041	95.635	252	11	0	1	252	525	776	1.31e-113	405
Seq_9334	otu004041	95.238	252	12	0	1	252	525	776	6.10e-112	399
Seq_9335	otu003534	96.032	252	10	0	1	252	522	773	2.82e-115	411
Seq_9336	otu003534	98.016	252	5	0	1	252	522	773	1.29e-123	438
Seq_9337	otu003534	99.206	252	2	0	1	252	522	773	1.28e-128	455
Seq_9338	otu003534	97.619	252	6	0	1	252	522	773	6.02e-122	433
Seq_9339	otu003534	98.810	252	3	0	1	252	522	773	5.97e-127	449
Seq_9340	otu003534	98.016	252	5	0	1	252	522	773	1.29e-123	438
Seq_9341	otu004041	95.238	252	12	0	1	252	525	776	6.10e-112	399
Seq_9342	otu003534	94.048	252	15	0	1	252	522	773	6.14e-107	383
Seq_9343	otu003534	94.048	252	15	0	1	252	522	773	6.14e-107	383
Seq_9344	otu003534	93.651	252	16	0	1	252	522	773	2.86e-105	377
Seq_9345	otu003534	92.857	252	18	0	1	252	522	773	6.19e-102	366
Seq_9346	otu003534	95.276	254	8	3	1	252	522	773	6.10e-112	399
Seq_9347	otu003534	94.882	254	9	3	1	252	522	773	2.84e-110	394
Seq_9348	otu003572	95.238	252	12	0	1	252	534	785	6.10e-112	399
Seq_9349	otu003572	96.429	252	9	0	1	252	534	785	6.06e-117	416
Seq_9350	otu004041	94.444	252	14	0	1	252	525	776	1.32e-108	388
Seq_9351	otu004041	95.635	252	11	0	1	252	525	776	1.31e-113	405
Seq_9352	otu004041	93.651	252	16	0	1	252	525	776	2.86e-105	377
Seq_9353	otu004041	94.841	252	13	0	1	252	525	776	2.84e-110	394
Seq_9354	otu004041	94.841	252	13	0	1	252	525	776	2.84e-110	394
Seq_9355	otu004041	92.857	252	18	0	1	252	525	776	6.19e-102	366
Seq_9356	otu002874	95.635	252	11	0	1	252	537	788	1.31e-113	405
Seq_9357	otu004041	94.444	252	14	0	1	252	525	776	1.32e-108	388
Seq_9358	otu004041	95.238	252	12	0	1	252	525	776	6.10e-112	399
Seq_9359	otu002887	100.000	252	0	0	1	252	542	793	5.93e-132	466
Seq_9360	otu003921	100.000	252	0	0	1	252	542	793	5.93e-132	466
Seq_9361	otu004540	97.222	252	7	0	1	252	542	793	2.80e-120	427
Seq_9362	otu004513	97.222	252	7	0	1	252	543	794	2.80e-120	427
Seq_9363	otu004513	96.429	252	9	0	1	252	543	794	6.06e-117	416
Seq_9364	otu003185	98.810	252	3	0	1	252	542	793	5.97e-127	449
Seq_9365	otu003172	100.000	252	0	0	1	252	542	793	5.93e-132	466
Seq_9366	otu003724	100.000	252	0	0	1	252	544	795	5.93e-132	466
Seq_9367	otu003185	96.443	253	7	2	1	252	542	793	6.06e-117	416
Seq_9368	otu003572	94.862	253	11	2	1	252	534	785	2.84e-110	394
Seq_9369	otu004441	96.429	252	9	0	1	252	534	785	6.06e-117	416
Seq_9370	otu003172	96.032	252	10	0	1	252	542	793	2.82e-115	411
Seq_9371	otu004205	95.257	253	10	2	1	252	542	793	6.10e-112	399
Seq_9372	otu004205	96.047	253	8	2	1	252	542	793	2.82e-115	411
Seq_9373	otu003712	97.619	252	6	0	1	252	543	794	6.02e-122	433
Seq_9374	otu003712	94.841	252	13	0	1	252	543	794	2.84e-110	394
Seq_9375	otu002878	97.628	253	6	0	1	253	549	801	1.68e-122	435
Seq_9376	otu002878	98.419	253	4	0	1	253	549	801	7.76e-126	446
Seq_9377	otu002878	97.628	253	6	0	1	253	549	801	1.68e-122	435
Seq_9378	otu002878	100.000	253	0	0	1	253	549	801	1.66e-132	468
Seq_9379	otu002878	99.209	253	2	0	1	253	549	801	3.59e-129	457
Seq_9380	otu002878	98.814	253	3	0	1	253	549	801	1.67e-127	451
Seq_9381	otu004041	98.810	252	3	0	1	252	525	776	5.97e-127	449
Seq_9382	otu004205	95.238	252	12	0	1	252	542	793	6.10e-112	399
Seq_9383	otu004205	94.841	252	13	0	1	252	542	793	2.84e-110	394
Seq_9384	otu003712	94.841	252	13	0	1	252	543	794	2.84e-110	394
Seq_9385	otu003712	94.444	252	14	0	1	252	543	794	1.32e-108	388
Seq_9386	otu003075	87.747	253	31	0	1	253	632	884	8.27e-81	296
Seq_9387	otu003075	87.747	253	31	0	1	253	632	884	8.27e-81	296
Seq_9388	otu003075	88.538	253	29	0	1	253	632	884	3.82e-84	307
Seq_9389	otu003075	87.795	254	29	2	1	253	632	884	8.27e-81	296
Seq_9390	otu003075	88.189	254	28	2	1	253	632	884	1.78e-82	302
Seq_9391	otu003354	87.402	254	30	2	1	253	509	761	3.85e-79	291
Seq_9392	otu002672	92.857	252	18	0	2	253	551	802	6.22e-102	366
Seq_9393	otu002672	92.460	252	19	0	2	253	551	802	2.89e-100	361
Seq_9394	otu004131	91.700	253	21	0	1	253	542	794	1.74e-97	351
Seq_9395	otu004303	84.646	254	37	2	1	253	683	935	1.82e-67	252
Seq_9396	otu002255	83.594	256	36	5	1	253	542	794	1.83e-62	235
Seq_9397	otu000171	93.725	255	14	2	1	253	541	795	2.22e-106	381
Seq_9398	otu002672	92.885	253	16	2	2	253	551	802	6.22e-102	366
Seq_9399	otu002506	94.882	254	11	2	1	253	532	784	7.93e-111	396
Seq_9400	otu001316	95.257	253	12	0	1	253	543	795	1.70e-112	401
Seq_9401	otu001316	94.862	253	13	0	1	253	543	795	7.93e-111	396
Seq_9402	otu000171	94.118	255	13	2	1	253	541	795	4.77e-108	387
Seq_9403	otu000171	93.333	255	15	2	1	253	541	795	1.03e-104	375
Seq_9404	otu000748	99.605	253	1	0	1	253	540	792	7.71e-131	462
Seq_9405	otu000748	98.419	253	4	0	1	253	540	792	7.76e-126	446
Seq_9406	otu000748	100.000	253	0	0	1	253	540	792	1.66e-132	468
Seq_9407	otu004469	88.538	253	29	0	1	253	523	775	3.82e-84	307
Seq_9408	otu004469	88.933	253	28	0	1	253	523	775	8.21e-86	313
Seq_9409	otu002672	88.492	252	29	0	2	253	551	802	1.37e-83	305
Seq_9410	otu004469	96.838	253	8	0	1	253	523	775	3.64e-119	424
Seq_9411	otu004469	88.538	253	29	0	1	253	523	775	3.82e-84	307
Seq_9412	otu004469	89.723	253	24	2	2	253	524	775	1.36e-88	322
Seq_9413	otu004469	89.286	252	27	0	2	253	524	775	6.35e-87	316
Seq_9414	otu004469	88.095	252	30	0	2	253	524	775	6.39e-82	300
Seq_9415	otu004469	88.889	252	28	0	2	253	524	775	2.95e-85	311
Seq_9416	otu004469	87.698	252	31	0	2	253	524	775	2.97e-80	294
Seq_9417	otu004469	87.008	254	31	2	1	253	523	775	1.79e-77	285
Seq_9418	otu004469	87.008	254	31	2	1	253	523	775	1.79e-77	285
Seq_9419	otu004469	87.008	254	31	2	1	253	523	775	1.79e-77	285
Seq_9420	otu004469	87.402	254	30	2	1	253	523	775	3.85e-79	291
Seq_9421	otu000332	89.764	254	22	4	2	253	543	794	1.36e-88	322
Seq_9422	otu002672	90.476	252	24	0	2	253	551	802	6.30e-92	333
Seq_9423	otu003430	93.307	254	15	2	1	253	497	749	3.71e-104	374
Seq_9424	otu003430	96.443	253	9	0	1	253	497	749	1.69e-117	418
Seq_9425	otu003430	96.047	253	10	0	1	253	497	749	7.87e-116	412
Seq_9426	otu003430	96.471	255	5	4	1	253	497	749	1.69e-117	418
Seq_9427	otu003430	94.071	253	15	0	1	253	497	749	1.72e-107	385
Seq_9428	otu003430	92.063	252	20	0	2	253	498	749	1.35e-98	355
Seq_9429	otu003430	100.000	253	0	0	1	253	497	749	1.66e-132	468
Seq_9430	otu003430	94.071	253	15	0	1	253	497	749	1.72e-107	385
Seq_9431	otu003430	93.676	253	16	0	1	253	497	749	7.98e-106	379
Seq_9432	otu003430	93.281	253	17	0	1	253	497	749	3.71e-104	374
Seq_9433	otu002672	93.281	253	15	2	2	253	551	802	1.34e-103	372
Seq_9434	otu002672	92.913	254	14	4	2	253	551	802	6.22e-102	366
Seq_9435	otu002672	93.676	253	14	2	2	253	551	802	2.87e-105	377
Seq_9436	otu003430	90.980	255	18	5	1	252	497	749	1.35e-93	339
Seq_9437	otu004194	89.328	253	25	2	1	252	542	793	6.32e-87	316
Seq_9438	otu004371	87.451	255	27	3	1	253	511	762	1.38e-78	289
Seq_9439	otu004371	85.098	255	33	3	1	253	511	762	1.40e-68	255
Seq_9440	otu004371	84.706	255	34	3	1	253	511	762	6.53e-67	250
Seq_9441	otu004371	85.098	255	33	3	1	253	511	762	1.40e-68	255
Seq_9442	otu002672	87.008	254	29	4	2	253	551	802	6.44e-77	283
Seq_9443	otu004010	88.142	253	29	1	1	253	553	804	6.39e-82	300
Seq_9444	otu000375	88.142	253	29	1	1	253	553	804	6.39e-82	300
Seq_9445	otu000375	88.538	253	28	1	1	253	553	804	1.37e-83	305
Seq_9446	otu000375	88.933	253	27	1	1	253	553	804	2.95e-85	311
Seq_9447	otu002672	86.957	253	31	2	2	253	551	802	6.44e-77	283
Seq_9448	otu000375	86.957	253	32	1	1	253	553	804	6.44e-77	283
Seq_9449	otu002672	86.957	253	31	2	2	253	551	802	6.44e-77	283
Seq_9450	otu002578	88.933	253	27	1	1	253	648	899	2.95e-85	311
Seq_9451	otu002672	88.583	254	25	4	2	253	551	802	1.37e-83	305
Seq_9452	otu002672	87.402	254	28	4	2	253	551	802	1.38e-78	289
Seq_9453	otu002672	87.843	255	25	5	2	253	551	802	2.97e-80	294
Seq_9454	otu002672	89.020	255	22	5	2	253	551	802	2.95e-85	311
Seq_9455	otu004371	87.500	256	25	5	1	253	511	762	1.38e-78	289
Seq_9456	otu004371	87.109	256	26	5	1	253	511	762	6.44e-77	283
Seq_9457	otu003120	84.127	252	40	0	2	253	524	775	3.04e-65	244
Seq_9458	otu003120	85.714	252	36	0	2	253	524	775	6.48e-72	267
Seq_9459	otu002506	85.433	254	35	2	1	253	532	784	8.39e-71	263
Seq_9460	otu004014	85.547	256	31	6	1	253	527	779	8.39e-71	263
Seq_9461	otu004014	85.938	256	30	6	1	253	527	779	1.80e-72	268
Seq_9462	otu004014	85.882	255	32	4	1	253	527	779	1.80e-72	268
Seq_9463	otu004014	85.547	256	31	6	1	253	527	779	8.39e-71	263
Seq_9464	otu002672	87.008	254	29	4	2	253	551	802	6.44e-77	283
Seq_9465	otu002672	86.957	253	31	2	2	253	551	802	6.44e-77	283
Seq_9466	otu003140	83.465	254	33	9	2	251	548	796	3.06e-60	228
Seq_9467	otu003140	83.529	255	31	11	2	251	548	796	3.06e-60	228
Seq_9468	otu003140	83.529	255	31	11	2	251	548	796	3.06e-60	228
Seq_9469	otu003140	83.529	255	31	11	2	251	548	796	3.06e-60	228
Seq_9470	otu003140	83.137	255	32	11	2	251	548	796	1.42e-58	222
Seq_9471	otu003140	83.071	254	34	9	2	251	548	796	1.42e-58	222
Seq_9472	otu003140	82.213	253	38	7	2	251	548	796	3.08e-55	211
Seq_9473	otu003140	82.283	254	36	9	2	251	548	796	3.08e-55	211
Seq_9474	otu003140	82.677	254	35	9	2	251	548	796	6.62e-57	217
Seq_9475	otu003140	82.283	254	36	9	2	251	548	796	3.08e-55	211
Seq_9476	otu003140	83.071	254	34	9	2	251	548	796	1.42e-58	222
Seq_9477	otu002364	89.370	254	23	4	2	253	516	767	6.35e-87	316
Seq_9478	otu004098	86.905	252	33	0	2	253	643	894	6.44e-77	283
Seq_9479	otu002752	85.317	252	37	0	2	253	541	792	3.02e-70	261
Seq_9480	otu004223	88.583	254	27	2	1	253	549	801	3.82e-84	307
Seq_9481	otu003854	87.500	256	26	6	1	253	532	784	3.85e-79	291
Seq_9482	otu000174	88.189	254	28	2	1	253	539	791	1.78e-82	302
Seq_9483	otu000174	88.189	254	28	2	1	253	539	791	1.78e-82	302
Seq_9484	otu000370	88.189	254	28	2	1	253	561	813	1.78e-82	302
Seq_9485	otu000370	87.795	254	29	2	1	253	561	813	8.27e-81	296
Seq_9486	otu003554	86.957	253	33	0	1	253	549	801	1.79e-77	285
Seq_9487	otu004214	82.800	250	33	8	6	250	545	789	2.38e-56	215
Seq_9488	otu004214	82.800	250	33	8	6	250	545	789	2.38e-56	215
Seq_9489	otu003319	82.422	256	39	6	1	253	523	775	1.84e-57	219
Seq_9490	otu003319	82.813	256	38	6	1	253	523	775	3.96e-59	224
Seq_9491	otu001579	83.333	258	33	7	1	253	522	774	8.51e-61	230
Seq_9492	otu001579	82.677	254	42	2	1	253	522	774	3.96e-59	224
Seq_9493	otu001579	82.677	254	42	2	1	253	522	774	3.96e-59	224
Seq_9494	otu001579	82.677	254	42	2	1	253	522	774	3.96e-59	224
Seq_9495	otu001579	83.071	254	41	2	1	253	522	774	8.51e-61	230
Seq_9496	otu003319	81.028	253	48	0	1	253	523	775	1.85e-52	202
Seq_9497	otu003319	80.859	256	43	6	1	253	523	775	8.63e-51	196
Seq_9498	otu003319	80.859	256	43	5	1	253	523	775	8.63e-51	196
Seq_9499	otu003319	80.784	255	45	4	1	253	523	775	8.63e-51	196
Seq_9500	otu003319	80.392	255	46	4	1	253	523	775	4.01e-49	191
Seq_9501	otu003319	81.569	255	43	4	1	253	523	775	3.99e-54	207
Seq_9502	otu003319	81.569	255	43	4	1	253	523	775	3.99e-54	207
Seq_9503	otu003319	81.176	255	44	4	1	253	523	775	1.85e-52	202
Seq_9504	otu004294	80.934	257	41	8	1	253	543	795	8.63e-51	196
Seq_9505	otu001579	82.353	255	41	4	1	253	522	774	1.84e-57	219
Seq_9506	otu001579	82.422	256	39	6	1	253	522	774	1.84e-57	219
Seq_9507	otu001579	82.745	255	40	4	1	253	522	774	3.96e-59	224
Seq_9508	otu001579	82.353	255	41	4	1	253	522	774	1.84e-57	219
Seq_9509	otu001579	82.422	256	39	6	1	253	522	774	1.84e-57	219
Seq_9510	otu000095	81.395	258	36	11	2	253	545	796	6.67e-52	200
Seq_9511	otu000095	81.250	256	40	8	2	253	545	796	6.67e-52	200
Seq_9512	otu000095	81.323	257	38	10	2	253	545	796	6.67e-52	200
Seq_9513	otu003319	80.392	255	46	4	1	253	523	775	4.01e-49	191
Seq_9514	otu000943	82.101	257	39	7	1	253	629	882	8.57e-56	213
Seq_9515	otu002999	80.156	257	43	8	1	253	474	726	1.87e-47	185
Seq_9516	otu000173	80.934	257	41	8	1	253	535	787	8.63e-51	196
Seq_9517	otu003916	79.216	255	50	3	1	253	468	721	4.04e-44	174
Seq_9518	otu002449	80.392	255	46	4	1	253	489	741	4.01e-49	191
Seq_9519	otu003319	83.137	255	39	4	1	253	523	775	8.51e-61	230
Seq_9520	otu003319	82.609	253	44	0	1	253	523	775	3.96e-59	224
Seq_9521	otu004407	83.203	256	37	6	1	253	473	725	8.51e-61	230
Seq_9522	otu004407	82.422	256	39	6	1	253	473	725	1.84e-57	219
Seq_9523	otu004407	82.422	256	39	6	1	253	473	725	1.84e-57	219
Seq_9524	otu004407	82.745	255	40	4	1	253	473	725	3.96e-59	224
Seq_9525	otu004407	82.813	256	38	6	1	253	473	725	3.96e-59	224
Seq_9526	otu000943	80.233	258	42	9	1	253	629	882	1.87e-47	185
Seq_9527	otu003319	81.641	256	41	5	1	253	523	775	3.99e-54	207
Seq_9528	otu003319	80.469	256	44	5	1	253	523	775	4.01e-49	191
Seq_9529	otu003319	81.028	253	48	0	1	253	523	775	1.85e-52	202
Seq_9530	otu003319	80.632	253	49	0	1	253	523	775	8.63e-51	196
Seq_9531	otu003319	81.028	253	48	0	1	253	523	775	1.85e-52	202
Seq_9532	otu003319	84.375	256	34	5	1	253	523	775	8.45e-66	246
Seq_9533	otu003438	82.213	253	43	2	2	253	505	756	6.62e-57	217
Seq_9534	otu002088	82.813	256	38	6	1	253	534	786	3.96e-59	224
Seq_9535	otu003998	81.641	256	39	8	2	253	505	756	1.43e-53	206
Seq_9536	otu003319	82.101	257	38	8	1	253	523	775	8.57e-56	213
Seq_9537	otu003319	81.641	256	41	5	1	253	523	775	3.99e-54	207
Seq_9538	otu002819	81.496	254	43	4	2	253	492	743	1.43e-53	206
Seq_9539	otu003319	81.250	256	42	6	1	253	523	775	1.85e-52	202
Seq_9540	otu003319	83.137	255	39	4	1	253	523	775	8.51e-61	230
Seq_9541	otu003319	83.594	256	36	6	1	253	523	775	1.83e-62	235
Seq_9542	otu003319	82.353	255	41	4	1	253	523	775	1.84e-57	219
Seq_9543	otu003319	82.745	255	40	4	1	253	523	775	3.96e-59	224
Seq_9544	otu001239	88.583	254	26	3	1	253	508	759	1.37e-83	305
Seq_9545	otu004172	86.561	253	33	1	1	253	509	760	3.00e-75	278
Seq_9546	otu004172	87.747	253	30	1	1	253	509	760	2.97e-80	294
Seq_9547	otu004172	88.538	253	28	1	1	253	509	760	1.37e-83	305
Seq_9548	otu004172	88.142	253	29	1	1	253	509	760	6.39e-82	300
Seq_9549	otu004172	88.538	253	28	1	1	253	509	760	1.37e-83	305
Seq_9550	otu001239	89.020	255	23	5	1	253	508	759	2.95e-85	311
Seq_9551	otu004172	88.235	255	25	5	1	253	509	760	6.39e-82	300
Seq_9552	otu004172	89.020	255	23	5	1	253	509	760	2.95e-85	311
Seq_9553	otu004172	87.843	255	26	5	1	253	509	760	2.97e-80	294
Seq_9554	otu004172	88.235	255	25	5	1	253	509	760	6.39e-82	300
Seq_9555	otu004172	88.627	255	24	5	1	253	509	760	1.37e-83	305
Seq_9556	otu004172	88.538	253	28	1	1	253	509	760	1.37e-83	305
Seq_9557	otu004172	88.142	253	29	1	1	253	509	760	6.39e-82	300
Seq_9558	otu004172	88.538	253	28	1	1	253	509	760	1.37e-83	305
Seq_9559	otu004172	88.538	253	28	1	1	253	509	760	1.37e-83	305
Seq_9560	otu004172	88.538	253	28	1	1	253	509	760	1.37e-83	305
Seq_9561	otu004172	88.142	253	29	1	1	253	509	760	6.39e-82	300
Seq_9562	otu004172	88.933	253	27	1	1	253	509	760	2.95e-85	311
Seq_9563	otu004172	86.275	255	30	5	1	253	509	760	1.39e-73	272
Seq_9564	otu004172	86.957	253	32	1	1	253	509	760	6.44e-77	283
Seq_9565	otu004172	87.352	253	31	1	1	253	509	760	1.38e-78	289
Seq_9566	otu004172	87.747	253	30	1	1	253	509	760	2.97e-80	294
Seq_9567	otu002190	83.730	252	37	4	1	250	519	768	1.83e-62	235
Seq_9568	otu004214	86.111	252	31	4	1	250	540	789	1.80e-72	268
Seq_9569	otu003593	84.190	253	40	0	1	253	474	726	8.45e-66	246
Seq_9570	otu003593	84.190	253	40	0	1	253	474	726	8.45e-66	246
Seq_9571	otu001939	87.755	245	24	6	1	242	502	743	2.32e-76	281
Seq_9572	otu003964	85.185	243	34	2	1	242	501	742	2.35e-66	248
Seq_9573	otu003964	84.711	242	37	0	1	242	501	742	1.09e-64	243
Seq_9574	otu004458	83.858	254	39	2	1	253	505	757	3.93e-64	241
Seq_9575	otu003247	84.426	244	36	2	11	253	520	762	1.41e-63	239
Seq_9576	otu001650	83.465	254	40	2	1	253	511	763	1.83e-62	235
Seq_9577	otu001650	82.283	254	43	2	1	253	511	763	1.84e-57	219
Seq_9578	otu003979	76.285	253	58	2	2	253	488	739	6.86e-32	134
Seq_9579	otu001711	84.082	245	29	9	14	253	517	756	3.06e-60	228
Seq_9580	otu001136	83.465	254	30	12	6	253	510	757	1.10e-59	226
Seq_9581	otu002625	83.333	252	33	9	6	253	523	769	3.96e-59	224
Seq_9582	otu002469	82.558	258	36	9	1	253	507	760	1.84e-57	219
Seq_9583	otu001136	84.252	254	28	12	6	253	510	757	5.08e-63	237
Seq_9584	otu002088	81.890	254	44	2	1	253	534	786	8.57e-56	213
Seq_9585	otu002088	82.677	254	42	2	1	253	534	786	3.96e-59	224
Seq_9586	otu004433	81.641	256	41	6	1	253	501	753	3.99e-54	207
Seq_9587	otu002457	83.534	249	32	9	7	250	528	772	3.96e-59	224
Seq_9588	otu001706	82.937	252	37	6	2	250	549	797	1.42e-58	222
Seq_9589	otu002911	83.200	250	40	2	2	250	548	796	3.06e-60	228
Seq_9590	otu003963	83.333	252	38	4	1	250	499	748	8.51e-61	230
Seq_9591	otu003963	84.127	252	36	4	1	250	499	748	3.93e-64	241
Seq_9592	otu000332	85.882	255	30	6	2	253	543	794	6.48e-72	267
Seq_9593	otu000332	85.882	255	30	6	2	253	543	794	6.48e-72	267
Seq_9594	otu000739	82.470	251	38	6	6	253	560	807	2.38e-56	215
Seq_9595	otu003765	85.375	253	31	6	1	250	553	802	3.90e-69	257
Seq_9596	otu003765	81.349	252	41	5	2	250	554	802	6.67e-52	200
Seq_9597	otu003802	84.127	252	35	5	1	250	542	790	1.41e-63	239
Seq_9598	otu003802	83.730	252	36	5	1	250	542	790	6.58e-62	233
Seq_9599	otu003802	84.127	252	35	5	1	250	542	790	1.41e-63	239
Seq_9600	otu003724	85.098	255	32	6	1	252	544	795	1.40e-68	255
Seq_9601	otu002485	84.980	253	31	7	1	249	559	808	6.50e-67	250
Seq_9602	otu003724	84.800	250	36	2	1	249	544	792	6.50e-67	250
Seq_9603	otu003724	85.200	250	35	2	1	249	544	792	1.40e-68	255
Seq_9604	otu003430	85.600	250	35	1	1	249	497	746	3.00e-70	261
Seq_9605	otu002364	85.039	254	35	3	1	252	515	767	1.40e-68	255
Seq_9606	otu004027	82.609	253	37	7	1	249	516	765	6.60e-57	217
Seq_9607	otu003104	83.534	249	40	1	2	249	584	832	2.36e-61	231
Seq_9608	otu003104	83.534	249	40	1	2	249	584	832	2.36e-61	231
Seq_9609	otu002364	83.600	250	40	1	1	249	515	764	6.55e-62	233
Seq_9610	otu002364	83.203	256	36	6	1	252	515	767	3.05e-60	228
Seq_9611	otu000286	85.771	253	35	1	1	252	521	773	6.46e-72	267
Seq_9612	otu003104	83.600	250	38	3	2	249	584	832	2.36e-61	231
Seq_9613	otu003430	81.600	250	45	1	1	249	497	746	1.43e-53	206
Seq_9614	otu004176	79.297	256	47	4	1	253	521	773	4.04e-44	174
Seq_9615	otu003073	78.740	254	52	2	1	253	504	756	1.88e-42	169
Seq_9616	otu003695	79.528	254	50	2	1	253	603	855	8.69e-46	180
Seq_9617	otu004014	83.594	256	35	7	1	252	527	779	6.55e-62	233
Seq_9618	otu000940	83.071	254	40	3	1	252	487	739	3.05e-60	228
Seq_9619	otu004582	83.794	253	40	1	1	252	533	785	1.41e-63	239
Seq_9620	otu000206	83.594	256	34	8	1	252	521	772	6.55e-62	233
Seq_9621	otu000206	83.203	256	35	6	1	252	521	772	3.05e-60	228
Seq_9622	otu000940	82.609	253	43	1	1	252	487	739	1.42e-58	222
Seq_9623	otu000940	82.609	253	43	1	1	252	487	739	1.42e-58	222
Seq_9624	otu002858	82.609	253	43	1	1	252	525	777	1.42e-58	222
Seq_9625	otu003695	84.706	255	34	5	1	252	603	855	6.50e-67	250
Seq_9626	otu003441	82.400	250	43	1	1	249	484	733	6.60e-57	217
Seq_9627	otu003014	82.400	250	43	1	1	249	485	734	6.60e-57	217
Seq_9628	otu004582	85.200	250	36	1	1	249	533	782	1.40e-68	255
Seq_9629	otu004582	84.400	250	38	1	1	249	533	782	3.03e-65	244
Seq_9630	otu004582	83.200	250	41	1	1	249	533	782	3.05e-60	228
Seq_9631	otu004439	82.470	251	40	4	1	249	542	790	6.60e-57	217
Seq_9632	otu001706	83.534	249	40	1	2	249	549	797	2.36e-61	231
Seq_9633	otu004529	84.585	253	36	3	2	252	531	782	2.34e-66	248
Seq_9634	otu004529	84.252	254	35	5	2	252	531	782	1.09e-64	243
Seq_9635	otu003014	83.600	250	40	1	1	249	485	734	6.55e-62	233
Seq_9636	otu004111	82.800	250	42	1	1	249	528	777	1.42e-58	222
Seq_9637	otu004111	85.200	250	36	1	1	249	528	777	1.40e-68	255
Seq_9638	otu004582	83.600	250	40	1	1	249	533	782	6.55e-62	233
Seq_9639	otu004194	83.600	250	39	2	1	249	542	790	6.55e-62	233
Seq_9640	otu002183	84.375	256	33	7	1	252	505	757	3.03e-65	244
Seq_9641	otu004111	83.333	252	37	5	1	249	528	777	3.05e-60	228
Seq_9642	otu003441	84.800	250	37	1	1	249	484	733	6.50e-67	250
Seq_9643	otu003441	84.800	250	37	1	1	249	484	733	6.50e-67	250
Seq_9644	otu001065	83.665	251	37	4	1	249	519	767	6.55e-62	233
Seq_9645	otu002798	83.004	253	34	9	2	249	517	765	5.10e-58	220
Seq_9646	otu002835	85.317	252	32	5	1	249	486	735	1.40e-68	255
Seq_9647	otu004529	83.594	256	33	6	2	252	531	782	2.36e-61	231
Seq_9648	otu004529	85.214	257	27	7	2	252	531	782	5.03e-68	254
Seq_9649	otu004529	85.214	257	27	7	2	252	531	782	5.03e-68	254
Seq_9650	otu000636	83.071	254	33	10	1	249	549	797	1.42e-58	222
Seq_9651	otu004529	85.771	253	33	3	2	252	531	782	2.32e-71	265
Seq_9652	otu004529	83.004	253	40	3	2	252	531	782	1.10e-59	226
Seq_9653	otu000243	84.524	252	34	4	1	249	532	781	3.03e-65	244
Seq_9654	otu004113	83.794	253	33	8	1	249	621	869	6.55e-62	233
Seq_9655	otu002183	81.890	254	43	3	1	252	505	757	3.07e-55	211
Seq_9656	otu004111	83.465	254	40	2	1	253	528	780	1.83e-62	235
Seq_9657	otu003747	84.064	251	38	2	1	250	510	759	3.93e-64	241
Seq_9658	otu003864	84.800	250	37	1	1	249	552	801	6.50e-67	250
Seq_9659	otu000751	82.745	255	34	9	1	250	503	752	1.84e-57	219
Seq_9660	otu002183	84.706	255	35	4	1	253	505	757	1.82e-67	252
Seq_9661	otu001546	83.665	251	39	2	1	250	525	774	1.83e-62	235
Seq_9662	otu002183	83.265	245	41	0	1	245	505	749	1.10e-59	226
Seq_9663	otu003612	84.064	251	37	3	1	249	525	774	1.41e-63	239
Seq_9664	otu004582	80.556	252	44	5	1	249	533	782	1.44e-48	189
Seq_9665	otu004529	83.794	253	38	3	2	252	531	782	5.06e-63	237
Seq_9666	otu004529	83.399	253	39	3	2	252	531	782	2.36e-61	231
Seq_9667	otu004529	83.794	253	38	3	2	252	531	782	5.06e-63	237
Seq_9668	otu000128	81.641	256	40	7	1	252	552	804	1.43e-53	206
Seq_9669	otu004111	82.143	252	40	4	1	249	528	777	3.07e-55	211
Seq_9670	otu004111	81.746	252	41	4	1	249	528	777	1.43e-53	206
Seq_9671	otu003963	82.813	256	37	7	1	252	499	751	1.42e-58	222
Seq_9672	otu000130	83.794	253	38	3	2	252	530	781	5.06e-63	237
Seq_9673	otu000130	83.794	253	38	3	2	252	530	781	5.06e-63	237
Seq_9674	otu003963	83.858	254	38	2	1	252	499	751	1.41e-63	239
Seq_9675	otu004458	82.072	251	42	3	1	249	505	754	3.07e-55	211
Seq_9676	otu004111	84.000	250	39	1	1	249	528	777	1.41e-63	239
Seq_9677	otu004529	84.585	253	36	3	2	252	531	782	2.34e-66	248
Seq_9678	otu004041	84.337	249	39	0	1	249	525	773	3.03e-65	244
Seq_9679	otu004529	83.004	253	40	3	2	252	531	782	1.10e-59	226
Seq_9680	otu004582	84.462	251	36	3	1	249	533	782	3.03e-65	244
Seq_9681	otu003612	83.665	251	38	2	1	249	525	774	6.55e-62	233
Seq_9682	otu000243	84.127	252	35	4	1	249	532	781	1.41e-63	239
Seq_9683	otu002878	84.190	253	33	6	1	249	549	798	1.41e-63	239
Seq_9684	otu004215	84.462	251	34	5	2	249	524	772	1.09e-64	243
Seq_9685	otu003913	80.723	249	38	8	1	244	517	760	1.87e-47	185
Seq_9686	otu003913	81.855	248	37	7	1	244	517	760	1.85e-52	202
Seq_9687	otu003913	81.855	248	37	7	1	244	517	760	1.85e-52	202
Seq_9688	otu004113	80.723	249	41	7	1	246	621	865	5.19e-48	187
Seq_9689	otu000278	81.200	250	39	8	1	246	530	775	3.10e-50	195
Seq_9690	otu003277	80.478	251	39	10	1	246	530	775	6.72e-47	183
Seq_9691	otu003684	82.745	255	39	5	1	253	522	773	1.42e-58	222
Seq_9692	otu003684	82.745	255	39	5	1	253	522	773	1.42e-58	222
Seq_9693	otu002109	83.333	252	39	2	1	250	523	773	8.51e-61	230
