SampleID	Sample_ID	short_name	sample_names	sample_names	order_treatment	orvion_sample_names	primerpairname	filtration_volume_ml	elution_volume_ul	DNA_concentration	sample_nr	wetland_sample	CW_number	CW_section	MF_number	linked_redox_sensor	CW_number_CW_section	CW_number_MF_number	sampling_date	date	season_meterological	sample_depth_information	timepoint	timepoint_MF_number	timepoint_sample_depth_information	time_continuous	obs_well	Nanobubbles_On	chloride_mg_l	cyanide_total	phosphorus_total	oxygen	temperature	redoxpot	pH	EGV3	Frontpump_flowrate		DOC	TOC	benzene_ug_l	benzene_mmol_e_l	toluene_ug_l	toluene_mmol_e_l	ethylbenzene_ug_l	ethylbenzene_mmol_e_l	o_xylene_ug_l	o_xylene_mmol_e_l	pm_xylene_ug_l	pm_xylene_mmol_e_l	xylene_ug_l	xylene_mmol_e_l	concentration_BTEX_ug_l	concentration_BTEX_mmol_e_l	naphthalene_VOC_ug_l	naphthalene_VOC_mmol_e_l	naphthalene_PAH_ug_l	naphthalene_PAH_mmol_e_l	acenaphthylene_ug_l	acenaphthylene_mmol_e_l	acenaphthene_ug_l	acenaphthene_mmol_e_l	fluorene_ug_l	fluorene_mmol_e_l	phenanthrene_ug_l	phenanthrene_mmol_e_l	anthracene_ug_l	anthracene_mmol_e_l	fluoranthene_ug_l	fluoranthene_mmol_e_l	pyrene_ug_l	pyrene_mmol_e_l	Sum_water_soluble_PAHs_ug_l	Sum_water_soluble_PAHs_no_napthalene_ug_l	Sum_water_soluble_PAHs_mmol_e_l	Sum_water_soluble_PAHs_no_napthalene_mmol_e_l	fraction_C10-C12	fraction_C12-C22	fraction_C30-C40	total_C10-C40	iron2_mg_l	iron2_measured_mmoles_l	iron2_measured_electron_acceptor_capacity_mmol_e	manganese2_mg_l	manganese2__measured_mmoles_l	manganese2_electron_acceptor_capacity_mmol_e_l	sulfate_mg_l	sulfate_measured_mmoles_l	sulfate_electron_acceptor_capacity_mmol_e	sulfate_consumption_relative_to_influent	sulfate_consumption_percentage_relative_to_influent	sulfate_consumption_relative_to_influent_mmols_e_l	sulfate_consumption_relative_to_influent_mmols_e_l_no_negatives	sulfate_consumption_1D_flow_mg_l	sulfate_consumption_percentage_1D_flow_relative_to_previous_sample	sulfate_consumption_1D_flow_mmols_e_l	sulfate_consumption_1D_flow_mmols_e_l_no_negatives	iron2_PRECIPITATED_due_to_sulfate_reduction_mg_l_Sulfate_relative_To_Influent	iron2_PRECIPITATED_due_to_sulfate_mg_l_Sulfate_relative_To_Influent_NO_NEGATIVES	iron2_TOTAL_mg_l_Sulfate_relative_To_Influent	iron2_TOTAL_mmoles_l__Sulfate_relative_To_Influent	iron2_TOTAL_mmoles_e_l__Sulfate_relative_To_Influent	iron2_PRECIPITATED_due_to_sulfate_reduction_mg_l_Sulfate_relative_To_1D_flow	iron2_PRECIPITATED_due_to_sulfate_mg_l_Sulfate_relative_To_1D_flow_NO_NEGATIVES	iron2_TOTAL_mg_l_sulfate_relative_to_1D_flow	iron2_TOTAL_mmoles_l_sulfate_relative_to_1D_flow	iron2_TOTAL_mmoles_e_l__sulfate_relative_to_1D_flow	Soluble_electron_acceptor_capacity_present_mmol_e_l	combined_TOTAL_reduced_metals_mg_l_1D_flow	combined_total_reduced_metals_mmol_e_l_1D_flow	electron_acceptor_capacity_mmol_e_consumed_rel_to_influent	electron_acceptor_capacity_mmol_e_consumed_rel_to_influent_contribution_manganese2	electron_acceptor_capacity_mmol_e_consumed_rel_to_influent_contribution_iron2	electron_acceptor_capacity_mmol_e_consumed_rel_to_influent_contribution_sulfate	electron_acceptor_capacity_mmol_e_consumed_rel_to_1D_flow	electron_acceptor_capacity_mmol_e_consumed_rel_to_1D_flow_contribution_manganese2	electron_acceptor_capacity_mmol_e_consumed_rel_to_1D_flow_contribution_iron2	electron_acceptor_capacity_mmol_e_consumed_rel_to_1D_flow_contribution_sulfate	electron_donor_acceptor_balance_BTEXN_acceptors_consumed_relative_to_influent	electron_donor_acceptor_balance_BTEXN_acceptors_consumed_relative_to_1D_flow	electron_donor_acceptor_balance_BTEXN_PAH_acceptors_consumed_relative_to_influent	electron_donor_acceptor_balance_BTEXN_PAH_acceptors_consumed_relative_to_1D_flow	electron_capacity_balance_influent	electron_balance_1D_flow	dominant_electron_acceptor_species_influent	dominant_electron_acceptor_species_1D_flow
CW_1	CW_1	CW1MF01_P0	CW1MF01_P0_May_2024	CW1MF01_P0_May_2024	1	S7472	515F806R	150	65	19,1	NA	Wetland	CW_1	Section_1	MF01	CW1S1-1	CW_1_Section_1	CW_1_MF01	2024-05-27		Spring	0.15-0.30	P0	P0_MF01	P0_0.15-0.30	0	NA	NA	NA	NA	NA	NA	NA	NA	NA	NA	NA	NA	NA	NA	NA	NA	NA	NA	NA	NA	NA	NA	NA	NA	NA	NA	NA	NA	NA	NA	NA	NA	NA	NA	NA	NA	NA	NA	NA	NA	NA	NA	NA	NA	NA	NA	NA	NA	NA	NA	NA	NA	NA	NA	NA	NA	NA	NA	NA	NA	NA	NA	NA	NA	NA	NA	NA	NA	NA	NA	NA	NA	NA	NA	NA	NA	NA	NA	NA	NA	NA	NA	NA	NA	NA	NA	NA	NA	NA	NA	NA	NA	NA	NA	NA	NA	NA	NA	NA	NA
CW_2	CW_2	CW1MF02_P0	CW1MF02_P0_May_2024	CW1MF02_P0_May_2024	2	S7473	515F806R	150	65	13,3	NA	Wetland	CW_1	Section_1	MF02	CW1S1-3-4	CW_1_Section_1	CW_1_MF02	2024-05-27		Spring	0.60-0.80	P0	P0_MF02	P0_0.60-0.80	0	NA	NA	NA	NA	NA	NA	NA	NA	NA	NA	NA	NA	NA	NA	NA	NA	NA	NA	NA	NA	NA	NA	NA	NA	NA	NA	NA	NA	NA	NA	NA	NA	NA	NA	NA	NA	NA	NA	NA	NA	NA	NA	NA	NA	NA	NA	NA	NA	NA	NA	NA	NA	NA	NA	NA	NA	NA	NA	NA	NA	NA	NA	NA	NA	NA	NA	NA	NA	NA	NA	NA	NA	NA	NA	NA	NA	NA	NA	NA	NA	NA	NA	NA	NA	NA	NA	NA	NA	NA	NA	NA	NA	NA	NA	NA	NA	NA	NA	NA	NA
CW_3	CW_3	CW1MF03_P0	CW1MF03_P0_May_2024	CW1MF03_P0_May_2024	3	S7474	515F806R	150	65	14,95	NA	Wetland	CW_1	Section_2	MF03	CW1S2-1	CW_1_Section_2	CW_1_MF03	2024-05-27		Spring	0.15-0.30	P0	P0_MF03	P0_0.15-0.30	0	NA	NA	NA	NA	NA	NA	NA	NA	NA	NA	NA	NA	NA	NA	NA	NA	NA	NA	NA	NA	NA	NA	NA	NA	NA	NA	NA	NA	NA	NA	NA	NA	NA	NA	NA	NA	NA	NA	NA	NA	NA	NA	NA	NA	NA	NA	NA	NA	NA	NA	NA	NA	NA	NA	NA	NA	NA	NA	NA	NA	NA	NA	NA	NA	NA	NA	NA	NA	NA	NA	NA	NA	NA	NA	NA	NA	NA	NA	NA	NA	NA	NA	NA	NA	NA	NA	NA	NA	NA	NA	NA	NA	NA	NA	NA	NA	NA	NA	NA	NA
CW_4	CW_4	CW1MF04_P0	CW1MF04_P0_May_2024	CW1MF04_P0_May_2024	4	S7475	515F806R	150	65	13,65	NA	Wetland	CW_1	Section_2	MF04	CW1S2-3-4	CW_1_Section_2	CW_1_MF04	2024-05-27		Spring	0.60-0.80	P0	P0_MF04	P0_0.60-0.80	0	NA	NA	NA	NA	NA	NA	NA	NA	NA	NA	NA	NA	NA	NA	NA	NA	NA	NA	NA	NA	NA	NA	NA	NA	NA	NA	NA	NA	NA	NA	NA	NA	NA	NA	NA	NA	NA	NA	NA	NA	NA	NA	NA	NA	NA	NA	NA	NA	NA	NA	NA	NA	NA	NA	NA	NA	NA	NA	NA	NA	NA	NA	NA	NA	NA	NA	NA	NA	NA	NA	NA	NA	NA	NA	NA	NA	NA	NA	NA	NA	NA	NA	NA	NA	NA	NA	NA	NA	NA	NA	NA	NA	NA	NA	NA	NA	NA	NA	NA	NA
CW_5	CW_5	CW1MF09_P0	CW1MF09_P0_May_2024	CW1MF09_P0_May_2024	5	S7476	515F806R	150	65	11,85	NA	Wetland	CW_1	Section_3	MF09	CW1S3-1	CW_1_Section_3	CW_1_MF09	2024-05-27		Spring	0.15-0.30	P0	P0_MF09	P0_0.15-0.30	0	NA	NA	NA	NA	NA	NA	NA	NA	NA	NA	NA	NA	NA	NA	NA	NA	NA	NA	NA	NA	NA	NA	NA	NA	NA	NA	NA	NA	NA	NA	NA	NA	NA	NA	NA	NA	NA	NA	NA	NA	NA	NA	NA	NA	NA	NA	NA	NA	NA	NA	NA	NA	NA	NA	NA	NA	NA	NA	NA	NA	NA	NA	NA	NA	NA	NA	NA	NA	NA	NA	NA	NA	NA	NA	NA	NA	NA	NA	NA	NA	NA	NA	NA	NA	NA	NA	NA	NA	NA	NA	NA	NA	NA	NA	NA	NA	NA	NA	NA	NA
CW_6	CW_6	CW1MF10_P0	CW1MF10_P0_May_2024	CW1MF10_P0_May_2024	6	S7477	515F806R	150	65	12	NA	Wetland	CW_1	Section_3	MF10	CW1S3-3-4	CW_1_Section_3	CW_1_MF10	2024-05-27		Spring	0.60-0.80	P0	P0_MF10	P0_0.60-0.80	0	NA	NA	NA	NA	NA	NA	NA	NA	NA	NA	NA	NA	NA	NA	NA	NA	NA	NA	NA	NA	NA	NA	NA	NA	NA	NA	NA	NA	NA	NA	NA	NA	NA	NA	NA	NA	NA	NA	NA	NA	NA	NA	NA	NA	NA	NA	NA	NA	NA	NA	NA	NA	NA	NA	NA	NA	NA	NA	NA	NA	NA	NA	NA	NA	NA	NA	NA	NA	NA	NA	NA	NA	NA	NA	NA	NA	NA	NA	NA	NA	NA	NA	NA	NA	NA	NA	NA	NA	NA	NA	NA	NA	NA	NA	NA	NA	NA	NA	NA	NA
CW_7	CW_7	CW1MF11_P0	CW1MF11_P0_May_2024	CW1MF11_P0_May_2024	7	S7478	515F806R	150	65	11,05	NA	Wetland	CW_1	Section_4	MF11	CW1S4-1	CW_1_Section_4	CW_1_MF11	2024-05-27		Spring	0.15-0.30	P0	P0_MF11	P0_0.15-0.30	0	NA	NA	NA	NA	NA	NA	NA	NA	NA	NA	NA	NA	NA	NA	NA	NA	NA	NA	NA	NA	NA	NA	NA	NA	NA	NA	NA	NA	NA	NA	NA	NA	NA	NA	NA	NA	NA	NA	NA	NA	NA	NA	NA	NA	NA	NA	NA	NA	NA	NA	NA	NA	NA	NA	NA	NA	NA	NA	NA	NA	NA	NA	NA	NA	NA	NA	NA	NA	NA	NA	NA	NA	NA	NA	NA	NA	NA	NA	NA	NA	NA	NA	NA	NA	NA	NA	NA	NA	NA	NA	NA	NA	NA	NA	NA	NA	NA	NA	NA	NA
CW_8	CW_8	CW1MF12_P0	CW1MF12_P0_May_2024	CW1MF12_P0_May_2024	8	S7479	515F806R	150	65	10,65	NA	Wetland	CW_1	Section_4	MF12	CW1S4-3-4	CW_1_Section_4	CW_1_MF12	2024-05-27		Spring	0.60-0.80	P0	P0_MF12	P0_0.60-0.80	0	NA	NA	NA	NA	NA	NA	NA	NA	NA	NA	NA	NA	NA	NA	NA	NA	NA	NA	NA	NA	NA	NA	NA	NA	NA	NA	NA	NA	NA	NA	NA	NA	NA	NA	NA	NA	NA	NA	NA	NA	NA	NA	NA	NA	NA	NA	NA	NA	NA	NA	NA	NA	NA	NA	NA	NA	NA	NA	NA	NA	NA	NA	NA	NA	NA	NA	NA	NA	NA	NA	NA	NA	NA	NA	NA	NA	NA	NA	NA	NA	NA	NA	NA	NA	NA	NA	NA	NA	NA	NA	NA	NA	NA	NA	NA	NA	NA	NA	NA	NA
CW_9	CW_9	CWinf_0	CWinf_0_August_2024	CWinf_0_August_2024	9	S7660	515F806R	150	65	5,95	14137094-002	INF	CW_0	Section_0	INF	NA	CW_0_Section_0	CW_0_INF	2024-08-12	14/08/2024	Summer	INF	T0	T0_INF	T0_INF	0	INFLOW	no	65	26	0,78	NA	NA	NA	NA	NA	0,2	NA	14	15	690	0,265010882	190	0,07423486	910	0,359988697	330	0,130545352	590	0,233399265	920	0,363944617	2710,00	1,06	5600	2,097214637	4900	1,835062807	1900	0,699126092	2400	0,902665197	2600	0,969799061	5100	1,888570948	2300	0,851708467	2200	0,804944376	2800	1,02447466	24200	19300	8,976351608	7,141288801	8600	4600	2.5	13000	0,3	0,005371531	0,005371531	0,9	0,016384489	0,032768979	73	0,759941703	6,079533625	0	0	0	0	0	0	0	0	0	0	0,3	0,005371531	0,005371531	0	0	0,3	0,005371531	0,005371531	6,079533625	1,2	0,03814051	0,03814051	0,85916468	0,14083532	0	0,03814051	0,85916468	0,14083532	0	3,12	3,12	10,26	10,26	Insufficient Capacity	Insufficient Capacity	Iron Dominant electron acceptor	Iron Dominant electron acceptor
CW_10	CW_10	CW1eff_0	CW1eff_0_August_2024	CW1eff_0_August_2024	10	S7661	515F806R	150	65	5,5	14135850-001	EFF	CW_1	Section_5	EFF	NA	CW_1_Section_5	CW_1_EFF	2024-08-12	12/08/2024	Summer	EFF	T0	T0_EFF	T0_EFF	0	CW1_OUT	no	44	12	0,93	4,02	23	-83	7	785	0,1	NA	17	17	150	0,057611061	21	0,008204906	110	0,043515117	43	0,017010455	35	0,013845719	78		359,00	0,11	410	0,153546072	160	0,059920418	1,6	0,000588738	6,1	0,002294274	1,3	0,0004849	0,73	0,000270325	0,08	2,96246E-05	0,04	1,46354E-05	0,03	1,09765E-05	169,88	9,88	0,063613891	0,003693473	430	50	2.5	480	5,3	0,094897046	0,094897046	3,8	0,069178955	0,13835791	36	0,374765771	2,998126171	37	50,68493151	3,081407454	3,081407454	3	7,692307692	0,249843848	0,249843848	21,50822403	21,50822403	26,80822403	0,480004011	0,480004011	1,743910056	1,743910056	7,043910056	0,126121935	0,126121935	2,998126171	10,84391006	0,264479845	3,699769375	0,037396361	0,129738901	0,832864739	0,514323692	0,269009404	0,245218987	0,485771609	-3,44	-0,25	-3,43	-0,25	Sufficient Capacity	Sufficient Capacity	Sulfate Dominant electron acceptor	Sulfate Dominant electron acceptor
CW_11	CW_11	CW2eff_0	CW2eff_0_August_2024	CW2eff_0_August_2024	11	S7662	515F806R	150	65	16,05	14137094-008	EFF	CW_2	Section_5	EFF	NA	CW_2_Section_5	CW_2_EFF	2024-08-12	14/08/2024	Summer	EFF	T0	T0_EFF	T0_EFF	0	CW2_OUT	no	62	22	0,84	0,75	24	-146	6,88	704	0,3	NA	13	13	680	0,261170145	63	0,024614717	370	0,146369031	150	0,059338796	200	0,079118395	350		1463,00	0,43	1400	0,524303659	510	0,190996333	4	0,001471844	4	0,001504442	1,6	0,000596799	0,13	4,814E-05	0,02	7,40616E-06	0,04	1,46354E-05	0,002	7,31768E-07	519,792	9,792	0,194640332	0,003643999	2000	220	2.5	2200	6,3	0,112802149	0,112802149	3,7	0,067358456	0,134716912	37	0,385175932	3,081407454	36	49,31506849	2,998126171	2,998126171	8	17,77777778	0,66625026	0,66625026	20,92692067	20,92692067	27,22692067	0,487500818	0,487500818	4,650426817	4,650426817	10,95042682	0,19606852	0,19606852	3,081407454	14,65042682	0,330785432	3,620343901	0,037211082	0,134655942	0,828132977	0,997035692	0,135117442	0,196651455	0,668231103	-2,66	-0,04	-2,66	-0,04	Sufficient Capacity	Sufficient Capacity	Sulfate Dominant electron acceptor	Sulfate Dominant electron acceptor
CW_12	CW_12	CW3eff_0	CW3eff_0_August_2024	CW3eff_0_August_2024	12	S7663	515F806R	150	65	4,2	14137171-001	EFF	CW_3	Section_5	EFF	NA	CW_3_Section_5	CW_3_EFF	2024-08-12	14/08/2024	Summer	EFF	T0	T0_EFF	T0_EFF	0	CW3_OUT	no	61	23	0,98	0,48	23,8	-141	7,01	919	0,3	NA	24	26	510	0,195877609	13	0,005079227	260	0,102853914	90	0,035603278	76	0,03006499	166		949,00	0,30	1100	0,411952875	360	0,134820941	2	0,000735922	2	0,000752221	2,5	0,000932499	0,37	0,000137014	0,03	1,11092E-05	0,02	7,31768E-06	0,002	7,31768E-07	366,922	6,922	0,137397756	0,002576815	1600	240	2.5	1800	7,6	0,136078782	0,136078782	4,2	0,07646095	0,152921901	42	0,437226733	3,497813866	31	42,46575342	2,581719758	2,581719758	5	10,63829787	0,416406413	0,416406413	18,02040391	18,02040391	25,62040391	0,45873597	0,45873597	2,90651676	2,90651676	10,50651676	0,188120264	0,188120264	3,497813866	14,70651676	0,341042165	3,193377629	0,047887196	0,143652278	0,808460526	0,757448578	0,201890802	0,248360443	0,549748755	-2,48	-0,04	-2,48	-0,04	Sufficient Capacity	Sufficient Capacity	Sulfate Dominant electron acceptor	Sulfate Dominant electron acceptor
CW_13	CW_13	CW1MF01_0	CW1MF01_0_August_2024	CW1MF01_0_August_2024	13	S7664	515F806R	150	65	24	14137094-003	Wetland	CW_1	Section_1	MF01	CW1S1-1	CW_1_Section_1	CW_1_MF01	2024-08-12	14/08/2024	Summer	0.15-0.30	T0	T0_MF01	T0_0.15-0.30	0	CW1_MF01	no	61	18	2,7	0,46	24,5	-166	6,8	1060	0,1	NA	17	18	320	0,122903597	19	0,007423486	18	0,007120656	11	0,004351512	4,3	0,001701045	15,3		372,30	0,14	4	0,00149801	3	0,001123508	0,01	3,67961E-06	0,1	3,7611E-05	0,005	1,865E-06	0,04	1,48123E-05	0,001	3,70308E-07	0,01	3,65884E-06	0,002	7,31768E-07	3,168	0,168	0,001186237	6,27289E-05	2,5	2,5	2.5	5	18	0,322291853	0,322291853	4,3	0,078281449	0,156562898	0,5	0,00520508	0,041640641	72,5	99,31506849	6,037892984	6,037892984	72,5	99,31506849	6,037892984	6,037892984	42,14449303	42,14449303	60,14449303	1,07689334	1,07689334	42,14449303	42,14449303	60,14449303	1,07689334	1,07689334	0,041640641	64,44449303	1,233456238	7,271349222	0,021531478	0,148100897	0,830367625	7,271349222	0,021531478	0,148100897	0,830367625	-7,13	-7,13	-7,13	-7,13	Sufficient Capacity	Sufficient Capacity	Sulfate Dominant electron acceptor	Sulfate Dominant electron acceptor
CW_14	CW_14	CW1MF02_0	CW1MF02_0_August_2024	CW1MF02_0_August_2024	14	S7665	515F806R	150	65	4,1	14137094-004	Wetland	CW_1	Section_1	MF02	CW1S1-3-4	CW_1_Section_1	CW_1_MF02	2024-08-12	14/08/2024	Summer	0.60-0.80	T0	T0_MF02	T0_0.60-0.80	0	CW1_MF02	no	65	23	0,83	0,26	23,1	-192	7,1	1118	0,2	NA	12	12	510	0,195877609	120	0,046885175	600	0,237355185	230	0,090986154	310	0,122633512	540		1770,00	0,48	3600	1,348209409	1700	0,636654443	83	0,030540771	75	0,028208287	32	0,011935988	21	0,007776469	4,3	0,001592325	0,7	0,000256119	0,55	0,000201236	1916,55	216,55	0,717165638	0,080511195	5900	1900	2.5	7800	1,5	0,026857654	0,026857654	1,4	0,025486983	0,050973967	59	0,614199459	4,913595669	14	19,17808219	1,165937955	1,165937955	14	19,17808219	1,165937955	1,165937955	8,138246929	8,138246929	9,638246929	0,172573804	0,172573804	8,138246929	8,138246929	9,638246929	0,172573804	0,172573804	4,913595669	11,03824693	0,22354777	1,389485726	0,036685492	0,124199767	0,839114741	1,389485726	0,036685492	0,124199767	0,839114741	0,44	0,44	0,52	0,52	Insufficient Capacity	Insufficient Capacity	Sulfate Dominant electron acceptor	Sulfate Dominant electron acceptor
CW_15	CW_15	CW1MF05_0	CW1MF05_0_August_2024	CW1MF05_0_August_2024	15	S7666	515F806R	150	65	8,35	14137094-005	Wetland	CW_1	Section_2	MF05	CW1S2-1	CW_1_Section_2	CW_1_MF05	2024-08-12	14/08/2024	Summer	0.15-0.30	T0	T0_MF05	T0_0.15-0.30	0	CW1_MF05	no	13	3,7	2	0,36	24,8	-133	7,02	755	0,1	NA	32	32	2,6	0,000998592	0,6	0,000234426	1,6	0,000632947	0,75	0,000296694	0,73	0,000288782	1,48		6,28	0,00	18	0,006741047	9,1	0,003407974	0,31	0,000114068	0,17	6,39388E-05	0,005	1,865E-06	0,04	1,48123E-05	0,001	3,70308E-07	0,001	3,65884E-07	0,002	7,31768E-07	9,629	0,529	0,003604126	0,000196152	30	2,5	2.5	5	4,6	0,082363474	0,082363474	5,1	0,09284544	0,185690879	0,5	0,00520508	0,041640641	72,5	99,31506849	6,037892984	6,037892984	0	0	0	0	42,14449303	42,14449303	46,74449303	0,83696496	0,83696496	0	0	4,6	0,082363474	0,082363474	0,041640641	9,7	0,268054353	7,060548823	0,02629978	0,118541063	0,855159158	0,268054353	0,692735922	0,307264078	0	-7,05	-0,26	-7,05	-0,26	Sufficient Capacity	Sufficient Capacity	Sulfate Dominant electron acceptor	Iron Dominant electron acceptor
CW_16	CW_16	CW1MF06_0	CW1MF06_0_August_2024	CW1MF06_0_August_2024	16	S7667	515F806R	150	65	20,35	14137094-001	Wetland	CW_1	Section_2	MF06	CW1S2-3-4	CW_1_Section_2	CW_1_MF06	2024-08-12	14/08/2024	Summer	0.60-0.80	T0	T0_MF06	T0_0.60-0.80	0	CW1_MF06	no	63	20	1,7	0,37	23,8	-134	7,05	799	0,3	NA	23	18	310	0,11906286	18	0,007032776	28	0,011076575	14	0,005538288	6,3	0,002492229	20,3		376,30	0,14	5,6	0,002097215	2,2	0,000823906	0,01	3,67961E-06	0,01	3,7611E-06	0,005	1,865E-06	0,001	3,70308E-07	0,001	3,70308E-07	0,001	3,65884E-07	0,002	7,31768E-07	2,23	0,03	0,00083505	1,1144E-05	2,5	2,5	2.5	5	17	0,30438675	0,30438675	3,9	0,070999454	0,141998908	0,5	0,00520508	0,041640641	72,5	99,31506849	6,037892984	6,037892984	58,5	99,15254237	4,871955028	4,871955028	42,14449303	42,14449303	59,14449303	1,058988237	1,058988237	34,0062461	34,0062461	51,0062461	0,913272088	0,913272088	0,041640641	54,9062461	1,055270995	7,238880128	0,019616143	0,146291722	0,834092135	5,927226023	0,02395706	0,154080861	0,82196208	-7,10	-5,79	-7,10	-5,79	Sufficient Capacity	Sufficient Capacity	Sulfate Dominant electron acceptor	Sulfate Dominant electron acceptor
CW_17	CW_17	CW1MF09_0	CW1MF09_0_August_2024	CW1MF09_0_August_2024	17	S7668	515F806R	150	65	17,65	14135850-002	Wetland	CW_1	Section_3	MF09	CW1S3-1	CW_1_Section_3	CW_1_MF09	2024-08-12	12/08/2024	Summer	0.15-0.30	T0	T0_MF09	T0_0.15-0.30	0	CW1_MF09	no	47	17	2,4	1,08	22,9	-138	7,19	1210	0,1	NA	28	20	110	0,042248112	2,1	0,000820491	44	0,017406047	31	0,012263351	14	0,005538288	45		201,10	0,06	2,5	0,000936257	0,002	7,49005E-07	0,01	3,67961E-06	0,01	3,7611E-06	0,005	1,865E-06	0,02	7,40616E-06	0,001	3,70308E-07	0,01	3,65884E-06	0,002	7,31768E-07	0,06	0,058	2,22218E-05	2,14728E-05	2,5	2,5	2.5	5	16	0,286481647	0,286481647	3,7	0,067358456	0,134716912	0,5	0,00520508	0,041640641	72,5	99,31506849	6,037892984	6,037892984	0	0	0	0	42,14449303	42,14449303	58,14449303	1,041083134	1,041083134	0	0	16	0,286481647	0,286481647	0,041640641	19,7	0,42119856	7,21369303	0,018675166	0,14432041	0,837004425	0,42119856	0,319841816	0,680158184	0	-7,15	-0,36	-7,15	-0,36	Sufficient Capacity	Sufficient Capacity	Sulfate Dominant electron acceptor	Manganese Dominant electron acceptor
CW_18	CW_18	CW1MF10_0	CW1MF10_0_August_2024	CW1MF10_0_August_2024	18	S7669	515F806R	150	65	8	14135850-003	Wetland	CW_1	Section_3	MF10	CW1S3-3-4	CW_1_Section_3	CW_1_MF10	2024-08-12	12/08/2024	Summer	0.60-0.80	T0	T0_MF10	T0_0.60-0.80	0	CW1_MF10	no	67	26	0,94	0,4	22,8	-132,5	7,01	985	0,2	NA	12	12	650	0,249647932	88	0,034382461	380	0,150324951	150	0,059338796	130	0,051426957	280		1398,00	0,43	2000	0,749005227	730	0,273386908	4	0,001471844	4	0,001504442	4,3	0,001603898	0,3	0,000111092	0,03	1,11092E-05	0,04	1,46354E-05	0,03	1,09765E-05	742,7	12,7	0,278114906	0,004727998	3100	410	2.5	3500	4,8	0,085944494	0,085944494	3,2	0,058255962	0,116511924	39	0,405996252	3,247970019	34	46,57534247	2,831563606	2,831563606	-38,5	-7700	-3,206329377	0	19,76431397	19,76431397	24,56431397	0,439826571	0,439826571	-22,38017905	0	4,8	0,085944494	0,085944494	3,247970019	8	0,202456418	3,387902101	0,034390582	0,129822692	0,835786726	0,202456418	0,575491383	0,424508617	0	-2,20	0,98	-2,20	0,99	Sufficient Capacity	Insufficient Capacity	Sulfate Dominant electron acceptor	Iron Dominant electron acceptor
CW_19	CW_19	CW2MF01_0	CW2MF01_0_August_2024	CW2MF01_0_August_2024	19	S7670	515F806R	150	65	14,45	14137094-009	Wetland	CW_2	Section_1	MF01	CW2S1-1	CW_2_Section_1	CW_2_MF01	2024-08-12	14/08/2024	Summer	0.15-0.30	T0	T0_MF01	T0_0.15-0.30	0	CW2_MF01	no	62	22	2,4	0,88	23,9	-118	6,9	880	0,2	NA	16	16	440	0,168992447	30	0,011721294	33	0,013054535	20	0,00791184	14	0,005538288	34		537,00	0,19	2,1	0,000786455	1,2	0,000449403	0,01	3,67961E-06	0,01	3,7611E-06	0,005	1,865E-06	0,02	7,40616E-06	0,001	3,70308E-07	0,01	3,65884E-06	0,002	7,31768E-07	1,258	0,058	0,000470876	2,14728E-05	2,5	2,5	2.5	5	15	0,268576544	0,268576544	5,3	0,096486437	0,192972875	6,4	0,066625026	0,533000208	66,6	91,23287671	5,546533417	5,546533417	66,6	91,23287671	5,546533417	5,546533417	38,71480325	38,71480325	53,71480325	0,961769082	0,961769082	38,71480325	38,71480325	53,71480325	0,961769082	0,961769082	0,533000208	59,01480325	1,154741957	6,701275374	0,02879644	0,143520305	0,827683255	6,701275374	0,02879644	0,143520305	0,827683255	-6,51	-6,51	-6,51	-6,51	Sufficient Capacity	Sufficient Capacity	Sulfate Dominant electron acceptor	Sulfate Dominant electron acceptor
CW_20	CW_20	CW2MF02_0	CW2MF02_0_August_2024	CW2MF02_0_August_2024	20	S7671	515F806R	150	65	4	14137094-010	Wetland	CW_2	Section_1	MF02	CW2S1-3-4	CW_2_Section_1	CW_2_MF02	2024-08-12	14/08/2024	Summer	0.60-0.80	T0	T0_MF02	T0_0.60-0.80	0	CW2_MF02	no	65	22	0,88	0,16	24,1	-164	7,09	814	0,2	NA	12	12	740	0,284214569	140	0,054699371	640	0,253178864	230	0,090986154	380	0,150324951	610		2130,00	0,59	3800	1,423109932	1400	0,524303659	67	0,024653394	60	0,02256663	26	0,009697991	16	0,005924928	3,5	0,001296078	0,54	0,000197577	0,44	0,000160989	1573,48	173,48	0,588801246	0,064497587	5700	1900	2.5	7600	1,2	0,021486124	0,021486124	1,2	0,021845986	0,043691972	58	0,603789298	4,830314387	15	20,54794521	1,249219238	1,249219238	15	20,54794521	1,249219238	1,249219238	8,719550281	8,719550281	9,919550281	0,177610569	0,177610569	8,719550281	8,719550281	9,919550281	0,177610569	0,177610569	4,830314387	11,11955028	0,221302541	1,470521779	0,029711883	0,120780645	0,849507472	1,470521779	0,029711883	0,120780645	0,849507472	0,54	0,54	0,61	0,61	Insufficient Capacity	Insufficient Capacity	Sulfate Dominant electron acceptor	Sulfate Dominant electron acceptor
CW_21	CW_21	CW2MF05_0	CW2MF05_0_August_2024	CW2MF05_0_August_2024	21	S7672	515F806R	150	65	17,55	14137094-006	Wetland	CW_2	Section_2	MF05	CW2S2-1	CW_2_Section_2	CW_2_MF05	2024-08-12	14/08/2024	Summer	0.15-0.30	T0	T0_MF05	T0_0.15-0.30	0	CW2_MF05	no	65	24	1,2	0,5	23,4	-183,2	7,12	869	0,2	NA	13	13	880	0,337984893	140	0,054699371	620	0,245267025	230	0,090986154	260	0,102853914	490		2130,00	0,64	3000	1,123507841	1100	0,411952875	4	0,001471844	4	0,001504442	2	0,000745999	1,4	0,000518431	0,14	5,18431E-05	0,03	1,09765E-05	0,002	7,31768E-07	1111,572	11,572	0,416257143	0,004304268	4200	720	2.5	4900	5,9	0,105640107	0,105640107	3,1	0,056435463	0,112870927	33	0,34353529	2,748282324	40	54,79452055	3,331251301	3,331251301	-26,6	-415,625	-2,215282115	0	23,25213408	23,25213408	29,15213408	0,521971962	0,521971962	-15,46266917	0	5,9	0,105640107	0,105640107	2,748282324	9	0,218511034	3,96609419	0,028458963	0,131608564	0,839932473	0,218511034	0,516545661	0,483454339	0	-2,20	1,54	-2,20	1,55	Sufficient Capacity	Insufficient Capacity	Sulfate Dominant electron acceptor	Iron Dominant electron acceptor
CW_22	CW_22	CW2MF06_0	CW2MF06_0_August_2024	CW2MF06_0_August_2024	22	S7673	515F806R	150	65	6,8	14137094-007	Wetland	CW_2	Section_2	MF06	CW2S2-3-4	CW_2_Section_2	CW_2_MF06	2024-08-12	14/08/2024	Summer	0.60-0.80	T0	T0_MF06	T0_0.60-0.80	0	CW2_MF06	no	64	23	1,1	0,23	24,1	-132	6,92	1150	0,1	NA	12	13	770	0,295736781	110	0,042978077	530	0,209663747	190	0,075162475	290	0,114721673	480		1890,00	0,55	2600	0,973706796	520	0,194741359	4	0,001471844	4	0,001504442	2	0,000745999	3	0,001110924	0,41	0,000151826	0,04	1,46354E-05	0,02	7,31768E-06	533,47	13,47	0,199748348	0,005006989	3400	910	2.5	4300	4,9	0,087735004	0,087735004	2,8	0,050973967	0,101947934	38	0,395586092	3,164688736	35	47,94520548	2,914844889	2,914844889	20	34,48275862	1,665625651	1,665625651	20,34561732	20,34561732	25,24561732	0,452025377	0,452025377	11,62606704	11,62606704	16,52606704	0,295900932	0,295900932	3,164688736	19,32606704	0,397848866	3,4688182	0,029389817	0,13031106	0,840299122	2,063474516	0,049405957	0,143399363	0,807194679	-1,95	-0,54	-1,94	-0,54	Sufficient Capacity	Sufficient Capacity	Sulfate Dominant electron acceptor	Sulfate Dominant electron acceptor
CW_23	CW_23	CW2MF09_0	CW2MF09_0_August_2024	CW2MF09_0_August_2024	23	S7674	515F806R	150	65	20,15	14137094-011	Wetland	CW_2	Section_3	MF09	CW2S3-1	CW_2_Section_3	CW_2_MF09	2024-08-12	14/08/2024	Summer	0.15-0.30	T0	T0_MF09	T0_0.15-0.30	0	CW2_MF09	no	53	16	2,6	0,78	24,2	-132	6,9	712	0,1	NA	22	23	130	0,049929586	3,1	0,0012112	5,7	0,002254874	2	0,000791184	2,9	0,001147217	4,9		143,70	0,05	20	0,007490052	9,8	0,003670126	0,41	0,000150864	0,21	7,89832E-05	0,08	2,984E-05	0,04	1,48123E-05	0,001	3,70308E-07	0,01	3,65884E-06	0,002	7,31768E-07	10,553	0,753	0,003949386	0,00027926	35	2,5	2.5	5	15	0,268576544	0,268576544	4,4	0,080101948	0,160203896	0,5	0,00520508	0,041640641	72,5	99,31506849	6,037892984	6,037892984	32,5	98,48484848	2,706641682	2,706641682	42,14449303	42,14449303	57,14449303	1,023178031	1,023178031	18,89235894	18,89235894	33,89235894	0,606846176	0,606846176	0,041640641	38,29235894	0,767050072	7,22127491	0,022184988	0,141689389	0,836125623	3,473691754	0,046119203	0,174697762	0,779183035	-7,16	-3,41	-7,16	-3,41	Sufficient Capacity	Sufficient Capacity	Sulfate Dominant electron acceptor	Sulfate Dominant electron acceptor
CW_24	CW_24	CW2MF10_0	CW2MF10_0_August_2024	CW2MF10_0_August_2024	24	S7675	515F806R	150	65	7,45	14137094-012	Wetland	CW_2	Section_3	MF10	CW2S3-3-4	CW_2_Section_3	CW_2_MF10	2024-08-12	14/08/2024	Summer	0.60-0.80	T0	T0_MF10	T0_0.60-0.80	0	CW2_MF10	no	65	24	0,77	0,34	24,2	-128	6,91	676	0,2	NA	12	12	730	0,280373832	100	0,039070979	490	0,193840068	190	0,075162475	290	0,114721673	480		1800,00	0,51	2500	0,936256534	980	0,367012561	42	0,015454366	4	0,001504442	2	0,000745999	1,8	0,000666554	0,15	5,55462E-05	0,07	2,56119E-05	0,04	1,46354E-05	1030,06	50,06	0,385479717	0,018467155	3400	810	2.5	4200	3,6	0,064458371	0,064458371	2,8	0,050973967	0,101947934	45	0,468457214	3,747657714	28	38,35616438	2,331875911	2,331875911	-7	-18,42105263	-0,582968978	0	16,27649386	16,27649386	19,87649386	0,355890669	0,355890669	-4,069123465	0	3,6	0,064458371	0,064458371	3,747657714	6,4	0,166406304	2,789714514	0,036544217	0,127572433	0,835883349	0,166406304	0,61264466	0,38735534	0	-1,34	1,28	-1,32	1,30	Sufficient Capacity	Insufficient Capacity	Sulfate Dominant electron acceptor	Iron Dominant electron acceptor
CW_25	CW_25	CW3MF01_0	CW3MF01_0_August_2024	CW3MF01_0_August_2024	25	S7676	515F806R	150	65	22,8	14137171-002	Wetland	CW_3	Section_1	MF01	CW3S1-1	CW_3_Section_1	CW_3_MF01	2024-08-12	14/08/2024	Summer	0.15-0.30	T0	T0_MF01	T0_0.15-0.30	0	CW3_MF01	no	59	16	2,9	0,41	22,9	-131	6,8	1155	0,2	NA	31	38	120	0,046088849	2,3	0,000898633	2	0,000791184	1,3	0,00051427	0,2	7,91184E-05	2,7		127,00	0,05	6,1	0,002284466	4,3	0,001610361	0,01	3,67961E-06	0,01	3,7611E-06	0,005	1,865E-06	0,001	3,70308E-07	0,001	3,70308E-07	0,001	3,65884E-07	0,002	7,31768E-07	4,33	0,03	0,001621505	1,1144E-05	2,5	2,5	2.5	5	22	0,393912265	0,393912265	5	0,091024941	0,182049882	0,5	0,00520508	0,041640641	72,5	99,31506849	6,037892984	6,037892984	72,5	99,31506849	6,037892984	6,037892984	42,14449303	42,14449303	64,14449303	1,148513752	1,148513752	42,14449303	42,14449303	64,14449303	1,148513752	1,148513752	0,041640641	69,14449303	1,330563633	7,368456617	0,02470665	0,155868971	0,819424378	7,368456617	0,02470665	0,155868971	0,819424378	-7,32	-7,32	-7,32	-7,32	Sufficient Capacity	Sufficient Capacity	Sulfate Dominant electron acceptor	Sulfate Dominant electron acceptor
CW_26	CW_26	CW3MF02_0	CW3MF02_0_August_2024	CW3MF02_0_August_2024	26	S7677	515F806R	150	65	8,8	14137171-003	Wetland	CW_3	Section_1	MF02	CW3S1-3-4	CW_3_Section_1	CW_3_MF02	2024-08-12	14/08/2024	Summer	0.60-0.80	T0	T0_MF02	T0_0.60-0.80	0	CW3_MF02	no	65	25	0,93	0,2	24	-109	6,9	1090	0,2	NA	12	12	850	0,326462681	120	0,046885175	620	0,245267025	250	0,098897994	290	0,114721673	540		2130,00	0,62	3500	1,310759148	1400	0,524303659	68	0,025021355	57	0,021438298	23	0,008578992	13	0,004814004	2,7	0,000999832	0,38	0,000139036	0,28	0,000102447	1564,36	164,36	0,585397624	0,061093964	5000	1300	2.5	6300	1,4	0,025067144	0,025067144	1,4	0,025486983	0,050973967	49	0,510097856	4,080782844	24	32,87671233	1,998750781	1,998750781	24	32,87671233	1,998750781	1,998750781	13,95128045	13,95128045	15,35128045	0,274866257	0,274866257	13,95128045	13,95128045	15,35128045	0,274866257	0,274866257	4,080782844	16,75128045	0,325840224	2,324591005	0,021928144	0,118242846	0,859829009	2,324591005	0,021928144	0,118242846	0,859829009	-0,40	-0,40	-0,33	-0,33	Sufficient Capacity	Sufficient Capacity	Sulfate Dominant electron acceptor	Sulfate Dominant electron acceptor
CW_27	CW_27	CW3MF05_0	CW3MF05_0_August_2024	CW3MF05_0_August_2024	27	S7678	515F806R	150	65	22,6	14137171-004	Wetland	CW_3	Section_2	MF05	CW3S2-1	CW_3_Section_2	CW_3_MF05	2024-08-12	14/08/2024	Summer	0.15-0.30	T0	T0_MF05	T0_0.15-0.30	0	CW3_MF05	no	56	0,2	0,65	0,28	24,1	-159	7,08	934	0,2	NA	4,5	6,1	1,1	0,000422481	0,02	7,8142E-06	0,93	0,000367901	0,43	0,000170105	0,47	0,000185928	0,9		3,07	0,00	5	0,001872513	4,7	0,001760162	0,01	3,67961E-06	0,01	3,7611E-06	0,005	1,865E-06	0,001	3,70308E-07	0,001	3,70308E-07	0,001	3,65884E-07	0,002	7,31768E-07	4,73	0,03	0,001771306	1,1144E-05	2,5	2,5	2.5	5	4,3	0,076991943	0,076991943	1,5	0,027307482	0,054614965	240	2,498438476	19,98750781	-167	-228,7671233	-13,90797418	0	-239,5	-47900	-19,94586717	0	-97,0776598	0	4,3	0,076991943	0,076991943	-139,2221528	0	4,3	0,076991943	0,076991943	19,98750781	5,8	0,131606907	0,131606907	0,414985548	0,585014452	0	0,131606907	0,414985548	0,585014452	0	-0,13	-0,13	-0,13	-0,13	Sufficient Capacity	Sufficient Capacity	Manganese Dominant electron acceptor	Manganese Dominant electron acceptor
CW_28	CW_28	CW3MF06_0	CW3MF06_0_August_2024	CW3MF06_0_August_2024	28	S7679	515F806R	150	65	5,8	14137171-005	Wetland	CW_3	Section_2	MF06	CW3S2-3-4	CW_3_Section_2	CW_3_MF06	2024-08-12	14/08/2024	Summer	0.60-0.80	T0	T0_MF06	T0_0.60-0.80	0	CW3_MF06	no	66	24	1	0,22	22,8	-163	7,11	1064	0,2	NA	11	9,5	570	0,218922033	31	0,012112003	350	0,138457191	150	0,059338796	150	0,059338796	300		1251,00	0,37	2000	0,749005227	900	0,337052352	47	0,017294172	4	0,001504442	2	0,000745999	7,3	0,002703249	1,4	0,000518431	0,06	2,1953E-05	0,03	1,09765E-05	961,79	61,79	0,359851575	0,022799222	3000	750	2.5	3700	1,8	0,032229185	0,032229185	2,1	0,038230475	0,07646095	52	0,541328336	4,330626692	21	28,76712329	1,748906933	1,748906933	-3	-6,12244898	-0,249843848	0	12,20737039	12,20737039	14,00737039	0,250803409	0,250803409	-1,743910056	0	1,8	0,032229185	0,032229185	4,330626692	3,9	0,108690136	2,076171292	0,036827862	0,120800923	0,842371215	0,108690136	0,703476446	0,296523554	0	-0,96	1,01	-0,93	1,03	Sufficient Capacity	Insufficient Capacity	Sulfate Dominant electron acceptor	Iron Dominant electron acceptor
CW_29	CW_29	CW3MF09_0	CW3MF09_0_August_2024	CW3MF09_0_August_2024	29	S7680	515F806R	150	65	24	14137171-006	Wetland	CW_3	Section_3	MF09	CW3S3-1	CW_3_Section_3	CW_3_MF09	2024-08-12	14/08/2024	Summer	0.15-0.30	T0	T0_MF09	T0_0.15-0.30	0	CW3_MF09	no	16	5,2	3	4,7	24	-117	6,91	1036	0,1	NA	39	39	6,6	0,002534887	0,1	3,9071E-05	2,3	0,000909862	0,1	3,95592E-05	0,2	7,91184E-05	2,1		11,70	0,00	18	0,006741047	8,3	0,003108372	0,41	0,000150864	0,21	7,89832E-05	0,07	2,611E-05	0,04	1,48123E-05	0,001	3,70308E-07	0,001	3,65884E-07	0,002	7,31768E-07	9,034	0,734	0,003380609	0,000272238	2,5	2,5	2.5	5	24	0,429722471	0,429722471	5,8	0,105588931	0,211177863	0,5	0,00520508	0,041640641	72,5	99,31506849	6,037892984	6,037892984	239,5	99,79166667	19,94586717	19,94586717	42,14449303	42,14449303	66,14449303	1,184323957	1,184323957	139,2221528	139,2221528	163,2221528	2,922509451	2,922509451	0,041640641	169,0221528	3,133687313	7,433394804	0,028409343	0,159324775	0,812265882	23,07955448	0,009149997	0,126627637	0,864222365	-7,42	-23,07	-7,42	-23,07	Sufficient Capacity	Sufficient Capacity	Sulfate Dominant electron acceptor	Sulfate Dominant electron acceptor
CW_30	CW_30	CW3MF10_0	CW3MF10_0_August_2024	CW3MF10_0_August_2024	30	S7681	515F806R	150	65	10,55	14137171-007	Wetland	CW_3	Section_3	MF10	CW3S3-3-4	CW_3_Section_3	CW_3_MF10	2024-08-12	14/08/2024	Summer	0.60-0.80	T0	T0_MF10	T0_0.60-0.80	0	CW3_MF10	no	65	24	0,9	0,41	23,5	-132	7,02	887	2	NA	10	11	630	0,241966458	18	0,007032776	370	0,146369031	140	0,055382877	120	0,047471037	260		1278,00	0,40	2100	0,786455489	890	0,333307326	42	0,015454366	4	0,001504442	2	0,000745999	2	0,000740616	0,16	5,92493E-05	0,05	1,82942E-05	0,02	7,31768E-06	940,23	50,23	0,351837611	0,018530285	3100	600	2.5	3700	2,1	0,037600716	0,037600716	2,7	0,049153468	0,098306936	47	0,489277535	3,914220279	26	35,61643836	2,165313346	2,165313346	5	9,615384615	0,416406413	0,416406413	15,11388715	15,11388715	17,21388715	0,308216422	0,308216422	2,90651676	2,90651676	5,00651676	0,089642198	0,089642198	3,914220279	7,70651676	0,187949134	2,571836704	0,038224408	0,119842921	0,841932671	0,604355547	0,162664075	0,148326922	0,689009003	-1,39	0,58	-1,37	0,60	Sufficient Capacity	Insufficient Capacity	Sulfate Dominant electron acceptor	Sulfate Dominant electron acceptor
CW_31	CW_31	CWinf_1	CWinf_1_October_2024	CWinf_1_October_2024	31	S7816	515F806R	150	100	5,00	14171533-004	INF	CW_0	Section_0	INF	NA	CW_0_Section_0	CW_0_INF	2024-10-15	15/10/2024	Autumn	INF	T1	T1_INF	T1_INF	1	INFLOW	no	69	26	0,69	NA	NA	NA	NA	NA	NA	0,01	15	16	610	0,234284983	110	0,042978077	490	0,193840068	210	0,083074315	280	0,110765753	490		1700,00	0,47	5000	1,872513069	4600	1,722712023	230	0,084631053	210	0,078983205	120	0,044759957	120	0,044436963	22	0,008146777	9,3	0,003402719	12	0,004390606	5323,3	723,3	1,991463303	0,26875128	8300	4300	35	13000	1,9	0,034019696	0,034019696	1,1	0,020025487	0,040050974	78	0,811992505	6,495940037	0	0	0	0	0	0	0	0	0	0	1,9	0,034019696	0,034019696	0	0	1,9	0,034019696	0,034019696	6,495940037	3	0,07407067	0,07407067	0,540713	0,459287	0	0,07407067	0,540713	0,459287	0	2,27	2,27	2,54	2,54	Insufficient Capacity	Insufficient Capacity	Iron Dominant electron acceptor	Iron Dominant electron acceptor
CW_32	CW_32	CW1eff_1	CW1eff_1_October_2024	CW1eff_1_October_2024	32	S7817	515F806R	150	100	4,10	14171533-001	EFF	CW_1	Section_5	EFF	NA	CW_1_Section_5	CW_1_EFF	2024-10-15	15/10/2024	Autumn	EFF	T1	T1_EFF	T1_EFF	1	CW1_OUT	no	53	12	0,98	4,2	13,1	-75	7,09	789	0,2	0,01	13	13	170	0,065292536	0,5	0,000195355	130	0,051426957	43	0,017010455	29	0,011472167	72		375,50	0,12	620	0,232191621	290	0,108605758	2	0,000735922	2	0,000752221	4,5	0,001678498	0,77	0,000285137	0,07	2,59216E-05	0,03	1,09765E-05	0,002	7,31768E-07	299,372	9,372	0,112095167	0,003489409	1100	200	2.5	1300	6,6	0,118173679	0,118173679	3,5	0,063717459	0,127434917	14	0,145742244	1,165937955	64	82,05128205	5,330002082	5,330002082	30	68,18181818	2,498438476	2,498438476	37,20341453	37,20341453	43,80341453	0,784304647	0,784304647	17,43910056	17,43910056	24,03910056	0,43042257	0,43042257	1,165937955	27,53910056	0,557857488	6,241741646	0,020416564	0,125654776	0,85392866	3,056295964	0,041695869	0,140831443	0,817472688	-5,89	-2,71	-5,89	-2,70	Sufficient Capacity	Sufficient Capacity	Sulfate Dominant electron acceptor	Sulfate Dominant electron acceptor
CW_33	CW_33	CW2eff_1	CW2eff_1_October_2024	CW2eff_1_October_2024	33	S7818	515F806R	150	100	4,90	14171533-002	EFF	CW_2	Section_5	EFF	NA	CW_2_Section_5	CW_2_EFF	2024-10-15	15/10/2024	Autumn	EFF	T1	T1_EFF	T1_EFF	1	CW2_OUT	no	67	25	0,54	0,57	13	-95	7,01	450	0,2	0,01	11	12	610	0,234284983	2	0,00078142	370	0,146369031	140	0,055382877	80	0,031647358	220		1214,00	0,38	2600	0,973706796	2700	1,011157057	120	0,044155332	77	0,028960508	27	0,01007099	4,9	0,001814509	0,7	0,000259216	0,06	2,1953E-05	0,03	1,09765E-05	2929,69	229,69	1,096450542	0,085293485	4100	990	2.5	5100	3	0,053715309	0,053715309	2,1	0,038230475	0,07646095	46	0,478867375	3,830938996	32	41,02564103	2,665001041	2,665001041	1	2,127659574	0,083281283	0,083281283	18,60170727	18,60170727	21,60170727	0,386780793	0,386780793	0,581303352	0,581303352	3,581303352	0,064123605	0,064123605	3,830938996	5,681303352	0,140584556	3,128242784	0,024442141	0,123641552	0,851916307	0,223865838	0,341548094	0,286437653	0,372014253	-1,77	1,13	-1,69	1,22	Sufficient Capacity	Insufficient Capacity	Sulfate Dominant electron acceptor	Sulfate Dominant electron acceptor
CW_34	CW_34	CW3eff_1	CW3eff_1_October_2024	CW3eff_1_October_2024	34	S7819	515F806R	150	100	6,15	14171533-003	EFF	CW_3	Section_5	EFF	NA	CW_3_Section_5	CW_3_EFF	2024-10-15	15/10/2024	Autumn	EFF	T1	T1_EFF	T1_EFF	1	CW3_OUT	no	64	21	0,55	0,49	12,8	-75	7,1	879	0,2	0,01	10	10	600	0,230444245	12	0,004688517	490	0,193840068	170	0,067250636	97	0,038372422	267		1369,00	0,43	2000	0,749005227	1200	0,449403136	63	0,023181549	52	0,019557746	2	0,000745999	0,4	0,000148123	0,62	0,000229591	0,03	1,09765E-05	0,002	7,31768E-07	1318,052	118,052	0,493277854	0,043874717	2800	710	2.5	3500	3,6	0,064458371	0,064458371	2	0,036409976	0,072819953	35	0,364355611	2,914844889	43	55,12820513	3,581095149	3,581095149	15	30	1,249219238	1,249219238	24,99604414	24,99604414	28,59604414	0,512015114	0,512015114	8,719550281	8,719550281	12,31955028	0,220582816	0,220582816	2,914844889	14,31955028	0,293402769	4,165930216	0,017479878	0,122905351	0,859614771	1,542622007	0,047205312	0,142992136	0,809802552	-2,99	-0,36	-2,94	-0,32	Sufficient Capacity	Sufficient Capacity	Sulfate Dominant electron acceptor	Sulfate Dominant electron acceptor
CW_35	CW_35	CW1MF01_1	CW1MF01_1_October_2024	CW1MF01_1_October_2024	35	S7820	515F806R	150	100	8,60	14171535-001	Wetland	CW_1	Section_1	MF01	CW1S1-1	CW_1_Section_1	CW_1_MF01	2024-10-15	15/10/2024	Autumn	0.15-0.30	T1	T1_MF01	T1_0.15-0.30	1	CW1_MF01	no	65	26	1,4	4,9	13,2	-113	6,88	797	0,2	0,01	17	11	420	0,161310972	17	0,006642066	150	0,059338796	110	0,043515117	63	0,024922294	173		760,00	0,23	120	0,044940314	100	0,037450261	0,01	3,67961E-06	0,01	3,7611E-06	0,005	1,865E-06	0,04	1,48123E-05	0,001	3,70308E-07	0,001	3,65884E-07	0,002	7,31768E-07	100,069	0,069	0,037475847	2,5586E-05	250	2,5	2.5	260	26	0,465532677	0,465532677	5,3	0,096486437	0,192972875	0,5	0,00520508	0,041640641	77,5	99,35897436	6,454299396	6,454299396	77,5	99,35897436	6,454299396	6,454299396	45,05100979	45,05100979	71,05100979	1,272175645	1,272175645	45,05100979	45,05100979	71,05100979	1,272175645	1,272175645	0,041640641	76,35100979	1,46514852	7,919447916	0,024366961	0,160639436	0,814993604	7,919447916	0,024366961	0,160639436	0,814993604	-7,65	-7,65	-7,65	-7,65	Sufficient Capacity	Sufficient Capacity	Sulfate Dominant electron acceptor	Sulfate Dominant electron acceptor
CW_36	CW_36	CW1MF02_1	CW1MF02_1_October_2024	CW1MF02_1_October_2024	36	S7821	515F806R	150	100	3,85	14171535-002	Wetland	CW_1	Section_1	MF02	CW1S1-3-4	CW_1_Section_1	CW_1_MF02	2024-10-15	15/10/2024	Autumn	0.60-0.80	T1	T1_MF02	T1_0.60-0.80	1	CW1_MF02	no	68	24	0,74	0,46	13	-141	7,11	1215	0,2	0,01	12	13	590	0,226603508	55	0,021489038	460	0,181972309	180	0,071206556	180	0,071206556	360		1465,00	0,43	3400	1,273308887	2700	1,011157057	85	0,031276694	82	0,030841061	34	0,012681988	18	0,006665545	0,4	0,000148123	0,88	0,000321978	0,78	0,000285389	2921,06	221,06	1,093377834	0,082220777	6000	1800	45	7800	0,6	0,010743062	0,010743062	1	0,018204988	0,036409976	66	0,687070581	5,496564647	12	15,38461538	0,99937539	0,99937539	12	15,38461538	0,99937539	0,99937539	6,975640225	6,975640225	7,575640225	0,135642618	0,135642618	6,975640225	6,975640225	7,575640225	0,135642618	0,135642618	5,496564647	8,575640225	0,172052595	1,171427985	0,031081703	0,115792537	0,85312576	1,171427985	0,031081703	0,115792537	0,85312576	0,53	0,53	0,61	0,61	Insufficient Capacity	Insufficient Capacity	Sulfate Dominant electron acceptor	Sulfate Dominant electron acceptor
CW_37	CW_37	CW1MF05_1	CW1MF05_1_October_2024	CW1MF05_1_October_2024	37	S7822	515F806R	150	100	5,60	14172407-001	Wetland	CW_1	Section_2	MF05	CW1S2-1	CW_1_Section_2	CW_1_MF05	2024-10-15	15/10/2024	Autumn	0.15-0.30	T1	T1_MF05	T1_0.15-0.30	1	CW1_MF05	no	68	25	1,2	3,5	12,8	-142	6,82	1462	0,2	0,01	39	17	720	0,276533094	26	0,010158455	340	0,134501272	210	0,083074315	170	0,067250636	380		1466,00	0,42	210	0,078645549	190	0,071155497	0,01	3,67961E-06	0,01	3,7611E-06	0,05	1,865E-05	0,05	1,85154E-05	0,001	3,70308E-07	0,001	3,65884E-07	0,002	7,31768E-07	190,124	0,124	0,071201571	4,60741E-05	360	2,5	2.5	370	24	0,429722471	0,429722471	5	0,091024941	0,182049882	0,5	0,00520508	0,041640641	77,5	99,35897436	6,454299396	6,454299396	0	0	0	0	45,05100979	45,05100979	69,05100979	1,236365439	1,236365439	0	0	24	0,429722471	0,429722471	0,041640641	29	0,611772353	7,872714717	0,023124156	0,157044359	0,819831485	0,611772353	0,297577818	0,702422182	0	-7,37	-0,11	-7,37	-0,11	Sufficient Capacity	Sufficient Capacity	Sulfate Dominant electron acceptor	Manganese Dominant electron acceptor
CW_38	CW_38	CW1MF06_1	CW1MF06_1_October_2024	CW1MF06_1_October_2024	38	S7823	515F806R	150	100	5,10	14171535-003	Wetland	CW_1	Section_2	MF06	CW1S2-3-4	CW_1_Section_2	CW_1_MF06	2024-10-15	15/10/2024	Autumn	0.60-0.80	T1	T1_MF06	T1_0.60-0.80	1	CW1_MF06	no	68	24	0,92	0,33	12,8	-154	7,08	1922	0,2	0,01	12	12	590	0,226603508	14	0,005469937	400	0,15823679	120	0,047471037	99	0,039163606	219		1223,00	0,39	2600	0,973706796	3000	1,123507841	120	0,044155332	95	0,035730497	29	0,01081699	0,4	0,000148123	0,58	0,000214779	0,03	1,09765E-05	0,002	7,31768E-07	3245,012	245,012	1,21458527	0,091077429	4700	1200	45	6000	3	0,053715309	0,053715309	1,7	0,03094848	0,06189696	43	0,447636894	3,581095149	35	44,87179487	2,914844889	2,914844889	23	34,84848485	1,915469498	1,915469498	20,34561732	20,34561732	23,34561732	0,418005682	0,418005682	13,3699771	13,3699771	16,3699771	0,293106125	0,293106125	3,581095149	18,0699771	0,355003085	3,39474753	0,018233156	0,123133069	0,858633775	2,270472583	0,027261708	0,129094765	0,843643527	-2,03	-0,91	-1,94	-0,82	Sufficient Capacity	Sufficient Capacity	Sulfate Dominant electron acceptor	Sulfate Dominant electron acceptor
CW_39	CW_39	CW1MF09_1	CW1MF09_1_October_2024	CW1MF09_1_October_2024	39	S7824	515F806R	150	100	6,50	14172407-002	Wetland	CW_1	Section_3	MF09	CW1S3-1	CW_1_Section_3	CW_1_MF09	2024-10-15	15/10/2024	Autumn	0.15-0.30	T1	T1_MF09	T1_0.15-0.30	1	CW1_MF09	no	67	26	1,2	7,8	12,8	-92	6,98	536	NA	0,01	12	11	650	0,249647932	13	0,005079227	160	0,063294716	140	0,055382877	82	0,032438542	222		1045,00	0,32	95	0,035577748	72	0,026964188	0,01	3,67961E-06	0,01	3,7611E-06	0,005	1,865E-06	0,04	1,48123E-05	0,001	3,70308E-07	0,001	3,65884E-07	0,002	7,31768E-07	72,069	0,069	0,026989774	2,5586E-05	170	30	2.5	190	23	0,411817368	0,411817368	4,9	0,089204442	0,178408884	0,5	0,00520508	0,041640641	77,5	99,35897436	6,454299396	6,454299396	0	0	0	0	45,05100979	45,05100979	68,05100979	1,218460336	1,218460336	0	0	23	0,411817368	0,411817368	0,041640641	27,9	0,590226252	7,851168617	0,022723864	0,155194774	0,822081363	0,590226252	0,302272024	0,697727976	0	-7,50	-0,24	-7,50	-0,24	Sufficient Capacity	Sufficient Capacity	Sulfate Dominant electron acceptor	Manganese Dominant electron acceptor
CW_40	CW_40	CW1MF10_1	CW1MF10_1_October_2024	CW1MF10_1_October_2024	40	S7825	515F806R	150	100	4,40	14171535-004	Wetland	CW_1	Section_3	MF10	CW1S3-3-4	CW_1_Section_3	CW_1_MF10	2024-10-15	15/10/2024	Autumn	0.60-0.80	T1	T1_MF10	T1_0.60-0.80	1	CW1_MF10	no	68	26	0,48	0,38	13	-98	7,01	890	NA	0,01	10	10	610	0,234284983	1	0,00039071	370	0,146369031	140	0,055382877	79	0,031251766	219		1206,00	0,38	2500	0,936256534	2400	0,898806273	73	0,02686116	55	0,020686077	2	0,000745999	1	0,000370308	0,12	4,4437E-05	0,04	1,46354E-05	0,002	7,31768E-07	2531,162	131,162	0,947529622	0,048723349	4100	730	2.5	4900	1,7	0,030438675	0,030438675	2,1	0,038230475	0,07646095	44	0,458047054	3,664376431	34	43,58974359	2,831563606	2,831563606	-1	-2,325581395	-0,083281283	0	19,76431397	19,76431397	21,46431397	0,384320751	0,384320751	-0,581303352	0	1,7	0,030438675	0,030438675	3,664376431	3,8	0,106899625	3,292345308	0,023223855	0,116731605	0,86004454	0,106899625	0,715259292	0,284740708	0	-1,98	1,21	-1,93	1,26	Sufficient Capacity	Insufficient Capacity	Sulfate Dominant electron acceptor	Iron Dominant electron acceptor
CW_41	CW_41	CW2MF01_1	CW2MF01_1_October_2024	CW2MF01_1_October_2024	41	S7826	515F806R	150	100	4,90	14172407-003	Wetland	CW_2	Section_1	MF01	CW2S1-1	CW_2_Section_1	CW_2_MF01	2024-10-15	15/10/2024	Autumn	0.15-0.30	T1	T1_MF01	T1_0.15-0.30	1	CW2_MF01	no	68	25	1,5	4,25	13	-97	6,88	686	0,2	0,01	11	11	650	0,249647932	13	0,005079227	430	0,170104549	210	0,083074315	200	0,079118395	410		1503,00	0,42	250	0,093625653	230	0,086135601	0,01	3,67961E-06	0,01	3,7611E-06	0,005	1,865E-06	0,02	7,40616E-06	0,001	3,70308E-07	0,001	3,65884E-07	0,002	7,31768E-07	230,049	0,049	0,086153781	1,81798E-05	480	2,5	30	590	18	0,322291853	0,322291853	4,3	0,078281449	0,156562898	22	0,229023527	1,832188216	56	71,79487179	4,663751822	4,663751822	56	71,79487179	4,663751822	4,663751822	32,55298772	32,55298772	50,55298772	0,90515645	0,90515645	32,55298772	32,55298772	50,55298772	0,90515645	0,90515645	1,832188216	54,85298772	1,061719348	5,72547117	0,027344981	0,158092919	0,8145621	5,72547117	0,027344981	0,158092919	0,8145621	-5,21	-5,21	-5,21	-5,21	Sufficient Capacity	Sufficient Capacity	Sulfate Dominant electron acceptor	Sulfate Dominant electron acceptor
CW_42	CW_42	CW2MF02_1	CW2MF02_1_October_2024	CW2MF02_1_October_2024	42	S7827	515F806R	150	100	5,30	14172407-004	Wetland	CW_2	Section_1	MF02	CW2S1-3-4	CW_2_Section_1	CW_2_MF02	2024-10-15	15/10/2024	Autumn	0.60-0.80	T1	T1_MF02	T1_0.60-0.80	1	CW2_MF02	no	69	26	0,68	0,25	12,5	-144	7,11	955	0,2	0,01	11	12	810	0,311099731	100	0,039070979	680	0,269002543	240	0,094942074	310	0,122633512	550		2140,00	0,62	4000	1,498010455	3200	1,198408364	120	0,044155332	110	0,041372155	43	0,016038984	22	0,008146777	4,4	0,001629355	0,74	0,000270754	0,64	0,000234166	3500,78	300,78	1,310255887	0,111847523	6100	1900	2.5	8100	1	0,017905103	0,017905103	1,3	0,023666485	0,047332969	66	0,687070581	5,496564647	12	15,38461538	0,99937539	0,99937539	12	15,38461538	0,99937539	0,99937539	6,975640225	6,975640225	7,975640225	0,142804659	0,142804659	6,975640225	6,975640225	7,975640225	0,142804659	0,142804659	5,496564647	9,275640225	0,190137629	1,189513019	0,039791888	0,120053044	0,840155067	1,189513019	0,039791888	0,120053044	0,840155067	0,93	0,93	1,04	1,04	Insufficient Capacity	Insufficient Capacity	Sulfate Dominant electron acceptor	Sulfate Dominant electron acceptor
CW_43	CW_43	CW2MF05_1	CW2MF05_1_October_2024	CW2MF05_1_October_2024	43	S7828	515F806R	150	100	17,05	14172407-005	Wetland	CW_2	Section_2	MF05	CW2S2-1	CW_2_Section_2	CW_2_MF05	2024-10-15	15/10/2024	Autumn	0.15-0.30	T1	T1_MF05	T1_0.15-0.30	1	CW2_MF05	no	58	12	1,7	0,3	12,9	-104	7,44	920	0,2	0,01	25	29	77	0,029573678	1,2	0,000468852	6	0,002373552	2,7	0,001068098	2,7	0,001068098	5,4		89,60	0,03	21	0,007864555	21	0,007864555	0,58	0,000213417	0,31	0,000116594	0,1	3,73E-05	0,04	1,48123E-05	0,001	3,70308E-07	0,001	3,65884E-07	0,002	7,31768E-07	22,034	1,034	0,008248147	0,000383592	2,5	2,5	2.5	5	21	0,376007162	0,376007162	5,4	0,098306936	0,196613872	0,5	0,00520508	0,041640641	77,5	99,35897436	6,454299396	6,454299396	21,5	97,72727273	1,790547574	1,790547574	45,05100979	45,05100979	66,05100979	1,18265013	1,18265013	12,49802207	12,49802207	33,49802207	0,599785534	0,599785534	0,041640641	38,89802207	0,796399406	7,833563399	0,025098906	0,150972178	0,823928916	2,586946981	0,076002281	0,231850725	0,692146993	-7,79	-2,55	-7,79	-2,55	Sufficient Capacity	Sufficient Capacity	Sulfate Dominant electron acceptor	Sulfate Dominant electron acceptor
CW_44	CW_44	CW2MF06_1	CW2MF06_1_October_2024	CW2MF06_1_October_2024	44	S7829	515F806R	150	100	7,50	14172407-006	Wetland	CW_2	Section_2	MF06	CW2S2-3-4	CW_2_Section_2	CW_2_MF06	2024-10-15	15/10/2024	Autumn	0.60-0.80	T1	T1_MF06	T1_0.60-0.80	1	CW2_MF06	no	68	24	1	0,52	13,8	-115	7,08	672	NA	0,01	12	12	650	0,249647932	45	0,017581941	510	0,201751907	180	0,071206556	200	0,079118395	380		1585,00	0,47	2700	1,011157057	2400	0,898806273	100	0,03679611	72	0,027079956	26	0,009697991	8,7	0,00322168	1,8	0,000666554	0,18	6,58591E-05	0,12	4,39061E-05	2608,8	208,8	0,976378329	0,077572056	4700	1200	2.5	6000	5,8	0,103849597	0,103849597	2,6	0,047332969	0,094665938	42	0,437226733	3,497813866	36	46,15384615	2,998126171	2,998126171	24	36,36363636	1,998750781	1,998750781	20,92692067	20,92692067	26,72692067	0,478548266	0,478548266	13,95128045	13,95128045	19,75128045	0,35364871	0,35364871	3,497813866	22,35128045	0,448314648	3,571340376	0,026507117	0,133996824	0,839496059	2,447065429	0,038685495	0,144519515	0,816794989	-2,09	-0,97	-2,01	-0,89	Sufficient Capacity	Sufficient Capacity	Sulfate Dominant electron acceptor	Sulfate Dominant electron acceptor
CW_45	CW_45	CW2MF09_1	CW2MF09_1_October_2024	CW2MF09_1_October_2024	45	S7830	515F806R	150	100	6,10	14172407-007	Wetland	CW_2	Section_3	MF09	CW2S3-1	CW_2_Section_3	CW_2_MF09	2024-10-15	15/10/2024	Autumn	0.15-0.30	T1	T1_MF09	T1_0.15-0.30	1	CW2_MF09	no	69	24	1,7	5,25	12,5	-112	6,91	488	0,2	0,01	13	11	580	0,22276277	5,1	0,00199262	180	0,071206556	100	0,039559198	90	0,035603278	190		955,10	0,30	27	0,010111571	32	0,011984084	0,01	3,67961E-06	0,01	3,7611E-06	0,005	1,865E-06	0,03	1,11092E-05	0,001	3,70308E-07	0,001	3,65884E-07	0,002	7,31768E-07	32,059	0,059	0,012005967	2,18829E-05	65	2,5	2.5	70	18	0,322291853	0,322291853	3,9	0,070999454	0,141998908	0,5	0,00520508	0,041640641	77,5	99,35897436	6,454299396	6,454299396	0	0	0	0	45,05100979	45,05100979	63,05100979	1,128934822	1,128934822	0	0	18	0,322291853	0,322291853	0,041640641	21,9	0,464290761	7,725233125	0,018381181	0,14613602	0,835482799	0,464290761	0,305840477	0,694159523	0	-7,42	-0,16	-7,42	-0,16	Sufficient Capacity	Sufficient Capacity	Sulfate Dominant electron acceptor	Manganese Dominant electron acceptor
CW_46	CW_46	CW2MF10_1	CW2MF10_1_October_2024	CW2MF10_1_October_2024	46	S7831	515F806R	150	100	5,20	14172407-008	Wetland	CW_2	Section_3	MF10	CW2S3-3-4	CW_2_Section_3	CW_2_MF10	2024-10-15	15/10/2024	Autumn	0.60-0.80	T1	T1_MF10	T1_0.60-0.80	1	CW2_MF10	no	69	27	0,36	0,73	11,9	-105	7,01	610	0,2	0,01	13	12	680	0,261170145	23	0,008986325	510	0,201751907	180	0,071206556	120	0,047471037	300		1513,00	0,47	2700	1,011157057	2000	0,749005227	99	0,036428149	68	0,025575514	24	0,008951991	6,7	0,002481064	1,2	0,00044437	0,08	2,92707E-05	0,04	1,46354E-05	2199,02	199,02	0,822930221	0,073924994	5600	1300	2.5	6900	2	0,035810206	0,035810206	2	0,036409976	0,072819953	47	0,489277535	3,914220279	31	39,74358974	2,581719758	2,581719758	-5	-11,9047619	-0,416406413	0	18,02040391	18,02040391	20,02040391	0,358467393	0,358467393	-2,90651676	0	2	0,035810206	0,035810206	3,914220279	4	0,108630159	3,013007104	0,02416853	0,118973298	0,856858172	0,108630159	0,670347476	0,329652524	0	-1,53	1,37	-1,46	1,45	Sufficient Capacity	Insufficient Capacity	Sulfate Dominant electron acceptor	Iron Dominant electron acceptor
CW_47	CW_47	CW3MF01_1	CW3MF01_1_October_2024	CW3MF01_1_October_2024	47	S7832	515F806R	150	100	8,35	14173590-001	Wetland	CW_3	Section_1	MF01	CW3S1-1	CW_3_Section_1	CW_3_MF01	2024-10-15	17/10/2024	Autumn	0.15-0.30	T1	T1_MF01	T1_0.15-0.30	1	CW3_MF01	no	65	24	5,1	7,48	13,1	-95	6,99	1080	0,2	0,01	31	14	380	0,145948022	9,1	0,003555459	66	0,02610907	37	0,014636903	27	0,010680983	64		519,10	0,18	60	0,022470157	110	0,041195288	3,8	0,001398252	2,2	0,000827443	0,66	0,00024618	0,24	8,88739E-05	0,01	3,70308E-06	0,001	3,65884E-07	0,002	7,31768E-07	116,913	6,913	0,043760837	0,00256555	75	2,5	2.5	95	26	0,465532677	0,465532677	4,6	0,083742946	0,167485891	0,5	0,00520508	0,041640641	77,5	99,35897436	6,454299396	6,454299396	77,5	99,35897436	6,454299396	6,454299396	45,05100979	45,05100979	71,05100979	1,272175645	1,272175645	45,05100979	45,05100979	71,05100979	1,272175645	1,272175645	0,041640641	75,65100979	1,439661536	7,893960933	0,021216965	0,161158087	0,817624948	7,893960933	0,021216965	0,161158087	0,817624948	-7,70	-7,70	-7,69	-7,69	Sufficient Capacity	Sufficient Capacity	Sulfate Dominant electron acceptor	Sulfate Dominant electron acceptor
CW_48	CW_48	CW3MF02_1	CW3MF02_1_October_2024	CW3MF02_1_October_2024	48	S7833	515F806R	150	100	5,00	14172407-009	Wetland	CW_3	Section_1	MF02	CW3S1-3-4	CW_3_Section_1	CW_3_MF02	2024-10-15	15/10/2024	Autumn	0.60-0.80	T1	T1_MF02	T1_0.60-0.80	1	CW3_MF02	no	70	26	0,76	0,45	13,1	-128	7,08	556	0,2	0,01	11	11	800	0,307258994	47	0,01836336	600	0,237355185	250	0,098897994	220	0,087030235	470		1917,00	0,56	3900	1,460560193	3500	1,310759148	120	0,044155332	120	0,04513326	38	0,014173986	18	0,006665545	3,9	0,001444201	0,51	0,000186601	0,41	0,000150012	3800,82	300,82	1,422668085	0,111908937	5400	1500	2.5	7000	0,7	0,012533572	0,012533572	1,2	0,021845986	0,043691972	61	0,635019779	5,080158234	17	21,79487179	1,415781803	1,415781803	17	21,79487179	1,415781803	1,415781803	9,882156985	9,882156985	10,58215699	0,18947461	0,18947461	9,882156985	9,882156985	10,58215699	0,18947461	0,18947461	5,080158234	11,78215699	0,233166582	1,648948385	0,02649687	0,114906332	0,858596798	1,648948385	0,02649687	0,114906332	0,858596798	0,37	0,37	0,49	0,49	Insufficient Capacity	Insufficient Capacity	Sulfate Dominant electron acceptor	Sulfate Dominant electron acceptor
CW_49	CW_49	CW3MF05_1	CW3MF05_1_October_2024	CW3MF05_1_October_2024	49	S7834	515F806R	150	100	6,25	14173590-002	Wetland	CW_3	Section_2	MF05	CW3S2-1	CW_3_Section_2	CW_3_MF05	2024-10-15	17/10/2024	Autumn	0.15-0.30	T1	T1_MF05	T1_0.15-0.30	1	CW3_MF05	no	70	0,2	0,26	8,81	13,8	-55	7,08	496	0,2	0,01	1,1	2,1	1,8	0,000691333	0,02	7,8142E-06	3,3	0,001305454	1,8	0,000712066	1,7	0,000672506	3,5		8,74	0,00	0,98	0,000367013	0,85	0,000318327	0,01	3,67961E-06	0,01	3,7611E-06	0,005	1,865E-06	0,03	1,11092E-05	0,001	3,70308E-07	0,01	3,65884E-06	0,002	7,31768E-07	0,918	0,068	0,000343503	2,51759E-05	2,5	2,5	2.5	5	1,4	0,025067144	0,025067144	6	0,109229929	0,218459858	36	0,374765771	2,998126171	42	53,84615385	3,497813866	3,497813866	-35,5	-7100	-2,95648553	0	24,41474079	24,41474079	25,81474079	0,462215592	0,462215592	-20,636269	0	1,4	0,025067144	0,025067144	2,998126171	7,4	0,243527002	4,178489316	0,052282019	0,110617871	0,83710011	0,243527002	0,897066264	0,102933736	0	-4,18	-0,24	-4,18	-0,24	Sufficient Capacity	Sufficient Capacity	Sulfate Dominant electron acceptor	Iron Dominant electron acceptor
CW_50	CW_50	CW3MF06_1	CW3MF06_1_October_2024	CW3MF06_1_October_2024	50	S7835	515F806R	150	100	8,95	14173590-003	Wetland	CW_3	Section_2	MF06	CW3S2-3-4	CW_3_Section_2	CW_3_MF06	2024-10-15	17/10/2024	Autumn	0.60-0.80	T1	T1_MF06	T1_0.60-0.80	1	CW3_MF06	no	68	29	0,68	0,51	12,8	-109	7,05	593	0,2	0,01	9,7	13	440	0,168992447	29	0,011330584	370	0,146369031	140	0,055382877	150	0,059338796	290		1129,00	0,33	2300	0,861356012	3000	1,123507841	120	0,044155332	110	0,041372155	47	0,017530983	29	0,010738933	4,7	0,001740448	1,2	0,000439061	1,2	0,000439061	3313,1	313,1	1,239923813	0,116415972	4700	1500	2.5	6200	0,6	0,010743062	0,010743062	1,1	0,020025487	0,040050974	70	0,728711222	5,829689777	8	10,25641026	0,66625026	0,66625026	-9	-14,75409836	-0,749531543	0	4,650426817	4,650426817	5,250426817	0,094009433	0,094009433	-5,231730169	0	0,6	0,010743062	0,010743062	5,829689777	1,7	0,050794036	0,800310667	0,050044284	0,117466175	0,832489542	0,050794036	0,788497574	0,211502426	0	0,39	1,14	0,50	1,25	Insufficient Capacity	Insufficient Capacity	Sulfate Dominant electron acceptor	Iron Dominant electron acceptor
CW_51	CW_51	CW3MF09_1	CW3MF09_1_October_2024	CW3MF09_1_October_2024	51	S7836	515F806R	150	100	9,90	14173590-004	Wetland	CW_3	Section_3	MF09	CW3S3-1	CW_3_Section_3	CW_3_MF09	2024-10-15	17/10/2024	Autumn	0.15-0.30	T1	T1_MF09	T1_0.15-0.30	1	CW3_MF09	no	56	17	2,3	6,88	12,8	-99	6,9	606	0,2	0,01	22	22	43	0,016515171	1,2	0,000468852	26	0,010285391	9,4	0,003718565	9,9	0,003916361	19,3		89,50	0,03	190	0,071155497	110	0,041195288	0,5	0,000183981	0,5	0,000188055	0,25	9,32499E-05	0,05	1,85154E-05	0,05	1,85154E-05	0,001	3,65884E-07	0,002	7,31768E-07	111,353	1,353	0,041698702	0,000503414	230	50	2.5	280	25	0,447627574	0,447627574	5,1	0,09284544	0,185690879	0,5	0,00520508	0,041640641	77,5	99,35897436	6,454299396	6,454299396	35,5	98,61111111	2,95648553	2,95648553	45,05100979	45,05100979	70,05100979	1,254270542	1,254270542	20,636269	20,636269	45,636269	0,817122095	0,817122095	0,041640641	50,736269	1,002812974	7,894260818	0,023522263	0,158883849	0,817593888	3,959298504	0,046899944	0,206380523	0,746719533	-7,80	-3,86	-7,80	-3,86	Sufficient Capacity	Sufficient Capacity	Sulfate Dominant electron acceptor	Sulfate Dominant electron acceptor
CW_52	CW_52	CW3MF10_1	CW3MF10_1_October_2024	CW3MF10_1_October_2024	52	S7837	515F806R	150	100	7,50	14173590-005	Wetland	CW_3	Section_3	MF10	CW3S3-3-4	CW_3_Section_3	CW_3_MF10	2024-10-15	17/10/2024	Autumn	0.60-0.80	T1	T1_MF10	T1_0.60-0.80	1	CW3_MF10	no	68	29	0,68	0,53	12,9	-84	7,21	470	0,2	0,01	11	11	660	0,25348867	1	0,00039071	500	0,197795988	150	0,059338796	110	0,043515117	260		1427,00	0,45	2100	0,786455489	1900	0,711554966	120	0,044155332	93	0,034978276	30	0,011189989	9	0,003332772	1,4	0,000518431	0,06	2,1953E-05	0,03	1,09765E-05	2153,49	253,49	0,805762697	0,094207731	3700	980	2.5	4700	1,2	0,021486124	0,021486124	1,6	0,029127981	0,058255962	50	0,520508016	4,164064127	28	35,8974359	2,331875911	2,331875911	20	28,57142857	1,665625651	1,665625651	16,27649386	16,27649386	17,47649386	0,312918422	0,312918422	11,62606704	11,62606704	12,82606704	0,229652051	0,229652051	4,164064127	14,42606704	0,287908013	2,703050295	0,021551934	0,115764928	0,862683138	1,953533664	0,029820813	0,117557253	0,852621934	-1,46	-0,72	-1,37	-0,62	Sufficient Capacity	Sufficient Capacity	Sulfate Dominant electron acceptor	Sulfate Dominant electron acceptor
CW_53	CW_53	CWinf_2	CWinf_2_December_2024	CWinf_2_December_2024	53	S8056	515F806R	150	65	5,8	14212206-002	INF	CW_0	Section_0	INF	NA	CW_0_Section_0	CW_0_INF	2024-12-17	17/12/2024	Winter	INF	T2	T2_INF	T2_INF	2	INFLOW	no	68	29	0,9	NA	NA	NA	NA	NA	NA	0,01	16	50	610	0,234284983	140	0,054699371	690	0,272958463	260	0,102853914	450	0,178016389	710		2150,00	0,56	5400	2,022314114	3700	1,385659671	250	0,091990275	210	0,078983205	130	0,048489953	130	0,048140044	28	0,010368625	12	0,004390606	15	0,005488257	4475	775	1,673510635	0,287850964	9000	4700	2.5	14000	1,2	0,021486124	0,021486124	0,9	0,016384489	0,032768979	81	0,843222986	6,745783885	0	0	0	0	0	0	0	0	0	0	1,2	0,021486124	0,021486124	0	0	1,2	0,021486124	0,021486124	6,745783885	2,1	0,054255102	0,054255102	0,603979669	0,396020331	0	0,054255102	0,603979669	0,396020331	0	2,53	2,53	2,82	2,82	Insufficient Capacity	Insufficient Capacity	Iron Dominant electron acceptor	Iron Dominant electron acceptor
CW_54	CW_54	CW1eff_2	CW1eff_2_December_2024	CW1eff_2_December_2024	54	S8057	515F806R	150	65	6,9	14212206-001	EFF	CW_1	Section_5	EFF	NA	CW_1_Section_5	CW_1_EFF	2024-12-17	17/12/2024	Winter	EFF	T2	T2_EFF	T2_EFF	2	CW1_OUT	no	58	16	0,97	4,5	9,6	-80	7,08	940	0,2	0,01	17	11	140	0,053770324	0,5	0,000195355	73	0,028878214	40	0,015823679	17	0,006725064	57		273,50	0,08	530	0,198486385	150	0,056175392	25	0,009199028	26	0,009778873	7,9	0,002946697	1,6	0,000592493	0,2	7,40616E-05	0,03	1,09765E-05	0,002	7,31768E-07	210,732	60,732	0,078778252	0,02260286	1100	320	2.5	1400	10	0,17905103	0,17905103	3,3	0,060076461	0,120152922	16	0,166562565	1,332500521	65	80,24691358	5,413283365	5,413283365	34	68	2,831563606	2,831563606	37,78471788	37,78471788	47,78471788	0,855590293	0,855590293	19,76431397	19,76431397	29,76431397	0,532933106	0,532933106	1,332500521	33,06431397	0,653086028	6,38902658	0,018806139	0,133915595	0,847278266	3,484649634	0,034480632	0,152937357	0,812582011	-6,11	-3,20	-6,09	-3,18	Sufficient Capacity	Sufficient Capacity	Sulfate Dominant electron acceptor	Sulfate Dominant electron acceptor
CW_55	CW_55	CW2eff_2	CW2eff_2_December_2024	CW2eff_2_December_2024	55	S8058	515F806R	150	65	4,5	14213115-001	EFF	CW_2	Section_5	EFF	NA	CW_2_Section_5	CW_2_EFF	2024-12-17	17/12/2024	Winter	EFF	T2	T2_EFF	T2_EFF	2	CW2_OUT	no	67	26	0,58	0,51	9,5	-87	7,09	615	0,2	0,01	11	12	670	0,257329407	14	0,005469937	410	0,16219271	250	0,098897994	200	0,079118395	450		1544,00	0,42	2700	1,011157057	350	0,131075915	110	0,040475721	100	0,03761105	44	0,016411984	3,1	0,001147955	0,5	0,000185154	0,04	1,46354E-05	0,04	1,46354E-05	607,68	257,68	0,22693705	0,095861135	4600	1400	2.5	6000	1,4	0,025067144	0,025067144	1,2	0,021845986	0,043691972	55	0,572558817	4,580470539	26	32,09876543	2,165313346	2,165313346	-13	-30,95238095	-1,082656673	0	15,11388715	15,11388715	16,51388715	0,29568285	0,29568285	-7,556943577	0	1,4	0,025067144	0,025067144	4,580470539	2,6	0,068759116	2,504688167	0,017444076	0,118051761	0,864504162	0,068759116	0,635435333	0,364564667	0	-1,07	1,37	-0,97	1,46	Sufficient Capacity	Insufficient Capacity	Sulfate Dominant electron acceptor	Iron Dominant electron acceptor
CW_56	CW_56	CW3eff_2	CW3eff_2_December_2024	CW3eff_2_December_2024	56	S8059	515F806R	150	65	7,3	14213115-002	EFF	CW_3	Section_5	EFF	NA	CW_3_Section_5	CW_3_EFF	2024-12-17	17/12/2024	Winter	EFF	T2	T2_EFF	T2_EFF	2	CW3_OUT	no	51	22	0,73	0,52	9,5	-82	6,99	799	0,2	0,01	10	10	230	0,088336961	6,8	0,002656827	190	0,075162475	65	0,025713478	44	0,017406047	109		535,80	0,17	1100	0,411952875	0,79	0,000295857	1,8	0,00066233	5,5	0,002068608	1,8	0,000671399	0,35	0,000129608	0,07	2,59216E-05	0,001	3,65884E-07	0,002	7,31768E-07	10,313	9,523	0,003854821	0,003558964	1500	410	2.5	2000	1,1	0,019695613	0,019695613	0,5	0,009102494	0,018204988	31	0,32271497	2,581719758	50	61,72839506	4,164064127	4,164064127	15	32,60869565	1,249219238	1,249219238	29,0651676	29,0651676	30,1651676	0,540110432	0,540110432	8,719550281	8,719550281	9,819550281	0,175820059	0,175820059	2,581719758	10,31955028	0,194025047	4,722379546	0,003855046	0,114372516	0,881772438	1,443244285	0,012613934	0,121822799	0,865563267	-4,14	-0,87	-4,14	-0,86	Sufficient Capacity	Sufficient Capacity	Sulfate Dominant electron acceptor	Sulfate Dominant electron acceptor
CW_57	CW_57	CW1MF01_2	CW1MF01_2_December_2024	CW1MF01_2_December_2024	57	S8060	515F806R	150	65	13,5	14212205-001	Wetland	CW_1	Section_1	MF01	CW1S1-1	CW_1_Section_1	CW_1_MF01	2024-12-17	17/12/2024	Winter	0.15-0.30	T2	T2_MF01	T2_0.15-0.30	2	CW1_MF01	no	67	27	1,9	2,3	9,5	-123	6,95	965	0,2	0,01	11	11	480	0,184355396	1	0,00039071	480	0,189884148	270	0,106809833	140	0,055382877	410		1377,00	0,37	1600	0,599204182	4,8	0,001797613	0,01	3,67961E-06	0,16	6,01777E-05	0,1	3,73E-05	0,09	3,33277E-05	0,01	3,70308E-06	0,01	3,65884E-06	0,002	7,31768E-07	5,182	0,382	0,001940191	0,000142579	2000	35	2.5	2100	23	0,411817368	0,411817368	3,9	0,070999454	0,141998908	32	0,33312513	2,665001041	49	60,49382716	4,080782844	4,080782844	49	60,49382716	4,080782844	4,080782844	28,48386425	28,48386425	51,48386425	0,92182389	0,92182389	28,48386425	28,48386425	51,48386425	0,92182389	0,92182389	2,665001041	55,38386425	1,063822798	5,144605642	0,027601515	0,179182615	0,793215871	5,144605642	0,027601515	0,179182615	0,793215871	-4,17	-4,17	-4,17	-4,17	Sufficient Capacity	Sufficient Capacity	Sulfate Dominant electron acceptor	Sulfate Dominant electron acceptor
CW_58	CW_58	CW1MF02_2	CW1MF02_2_December_2024	CW1MF02_2_December_2024	58	S8061	515F806R	150	65	5,3	14212205-002	Wetland	CW_1	Section_1	MF02	CW1S1-3-4	CW_1_Section_1	CW_1_MF02	2024-12-17	17/12/2024	Winter	0.60-0.80	T2	T2_MF02	T2_0.60-0.80	2	CW1_MF02	no	68	28	0,84	0,39	9,2	-153	7,08	890	0,1	0,01	13	13	480	0,184355396	60	0,023442587	360	0,142413111	190	0,075162475	220	0,087030235	410		1310,00	0,35	2700	1,011157057	2600	0,973706796	140	0,051514554	140	0,05265547	53	0,019768981	24	0,008887393	4,4	0,001629355	0,69	0,00025246	0,6	0,00021953	2962,69	362,69	1,108634539	0,134927743	5500	1900	2.5	7400	0,4	0,007162041	0,007162041	0,9	0,016384489	0,032768979	68	0,707890902	5,663127212	13	16,04938272	1,082656673	1,082656673	13	16,04938272	1,082656673	1,082656673	7,556943577	7,556943577	7,956943577	0,142469894	0,142469894	7,556943577	7,556943577	7,956943577	0,142469894	0,142469894	5,663127212	8,856943577	0,175238873	1,257895546	0,026050636	0,113260512	0,860688852	1,257895546	0,026050636	0,113260512	0,860688852	0,10	0,10	0,24	0,24	Insufficient Capacity	Insufficient Capacity	Sulfate Dominant electron acceptor	Sulfate Dominant electron acceptor
CW_59	CW_59	CW1MF05_2	CW1MF05_2_December_2024	CW1MF05_2_December_2024	59	S8062	515F806R	150	65	5,8	14212205-003	Wetland	CW_1	Section_2	MF05	CW1S2-1	CW_1_Section_2	CW_1_MF05	2024-12-17	17/12/2024	Winter	0.15-0.30	T2	T2_MF05	T2_0.15-0.30	2	CW1_MF05	no	67	26	1,4	3,1	9,6	-122	6,99	1280	0,2	0,01	11	11	570	0,218922033	11	0,004297808	450	0,178016389	250	0,098897994	150	0,059338796	400		1431,00	0,40	1100	0,411952875	840	0,314582196	0,01	3,67961E-06	0,01	3,7611E-06	0,05	1,865E-05	0,06	2,22185E-05	0,01	3,70308E-06	0,001	3,65884E-07	0,002	7,31768E-07	840,143	0,143	0,314635305	5,31099E-05	1700	2,5	2.5	1700	23	0,411817368	0,411817368	4	0,072819953	0,145639905	16	0,166562565	1,332500521	65	80,24691358	5,413283365	5,413283365	16	50	1,332500521	1,332500521	37,78471788	37,78471788	60,78471788	1,088356632	1,088356632	9,300853633	9,300853633	32,30085363	0,57835011	0,57835011	1,332500521	36,30085363	0,723990015	6,647279902	0,0219097	0,163729623	0,814360678	2,056490536	0,070819633	0,281231593	0,647948774	-5,83	-1,24	-5,83	-1,24	Sufficient Capacity	Sufficient Capacity	Sulfate Dominant electron acceptor	Sulfate Dominant electron acceptor
CW_60	CW_60	CW1MF06_2	CW1MF06_2_December_2024	CW1MF06_2_December_2024	60	S8063	515F806R	150	65	6,9	14212205-004	Wetland	CW_1	Section_2	MF06	CW1S2-3-4	CW_1_Section_2	CW_1_MF06	2024-12-17	17/12/2024	Winter	0.60-0.80	T2	T2_MF06	T2_0.60-0.80	2	CW1_MF06	no	67	27	0,91	0,39	9,6	-139	7,12	1340	0,2	0,01	12	12	550	0,211240558	75	0,029303234	440	0,174060469	180	0,071206556	190	0,075162475	370		1435,00	0,41	2600	0,973706796	1800	0,674104705	120	0,044155332	120	0,04513326	35	0,013054987	6,5	0,002407002	0,63	0,000233294	0,03	1,09765E-05	0,002	7,31768E-07	2082,162	282,162	0,779100289	0,104995584	3700	1200	2.5	4900	2,2	0,039391226	0,039391226	0,9	0,016384489	0,032768979	42	0,437226733	3,497813866	39	48,14814815	3,247970019	3,247970019	26	38,23529412	2,165313346	2,165313346	22,67083073	22,67083073	24,87083073	0,445314785	0,445314785	15,11388715	15,11388715	17,31388715	0,310006932	0,310006932	3,497813866	18,21388715	0,342775911	3,726053782	0,008794553	0,119513783	0,871691663	2,508089257	0,013065316	0,123602831	0,863331853	-2,34	-1,12	-2,23	-1,01	Sufficient Capacity	Sufficient Capacity	Sulfate Dominant electron acceptor	Sulfate Dominant electron acceptor
CW_61	CW_61	CW1MF09_2	CW1MF09_2_December_2024	CW1MF09_2_December_2024	61	S8064	515F806R	150	65	9,1	14212205-005	Wetland	CW_1	Section_3	MF09	CW1S3-1	CW_1_Section_3	CW_1_MF09	2024-12-17	17/12/2024	Winter	0.15-0.30	T2	T2_MF09	T2_0.15-0.30	2	CW1_MF09	no	65	26	0,93	3,08	9,8	-108	7,09	855	0,2	0,01	9,8	9,8	330	0,126744335	0,5	0,000195355	130	0,051426957	140	0,055382877	65	0,025713478	205		668,50	0,18	230	0,086135601	320	0,119840836	0,01	3,67961E-06	0,01	3,7611E-06	0,005	1,865E-06	0,001	3,70308E-07	0,001	3,70308E-07	0,001	3,65884E-07	0,002	7,31768E-07	320,03	0,03	0,11985198	1,1144E-05	460	25	2.5	500	23	0,411817368	0,411817368	3,6	0,065537957	0,131075915	0,5	0,00520508	0,041640641	80,5	99,38271605	6,704143244	6,704143244	15,5	96,875	1,290859879	1,290859879	46,79491984	46,79491984	69,79491984	1,249685225	1,249685225	9,010201957	9,010201957	32,01020196	0,573145962	0,573145962	0,041640641	35,61020196	0,704221876	8,084904384	0,016212426	0,154570192	0,829217382	1,995081756	0,065699521	0,287279436	0,647021043	-7,82	-1,73	-7,82	-1,73	Sufficient Capacity	Sufficient Capacity	Sulfate Dominant electron acceptor	Sulfate Dominant electron acceptor
CW_62	CW_62	CW1MF10_2	CW1MF10_2_December_2024	CW1MF10_2_December_2024	62	S8065	515F806R	150	65	28,1	14212205-006	Wetland	CW_1	Section_3	MF10	CW1S3-3-4	CW_1_Section_3	CW_1_MF10	2024-12-17	17/12/2024	Winter	0.60-0.80	T2	T2_MF10	T2_0.60-0.80	2	CW1_MF10	no	67	28	0,53	0,42	9,5	-112	7,18	950	0,2	0,01	11	11	560	0,215081296	1	0,00039071	370	0,146369031	220	0,087030235	130	0,051426957	350		1287,00	0,36	2200	0,82390575	1700	0,636654443	85	0,031276694	75	0,028208287	2	0,000745999	1,6	0,000592493	0,17	6,29524E-05	0,04	1,46354E-05	0,002	7,31768E-07	1863,812	163,812	0,697556236	0,060901793	3200	770	2.5	4000	1,7	0,030438675	0,030438675	1,6	0,029127981	0,058255962	50	0,520508016	4,164064127	31	38,27160494	2,581719758	2,581719758	-8	-19,04761905	-0,66625026	0	18,02040391	18,02040391	19,72040391	0,353095862	0,353095862	-4,650426817	0	1,7	0,030438675	0,030438675	4,164064127	3,3	0,088694637	2,993071583	0,019463605	0,117971072	0,862565324	0,088694637	0,656814933	0,343185067	0	-1,81	1,10	-1,75	1,16	Sufficient Capacity	Insufficient Capacity	Sulfate Dominant electron acceptor	Iron Dominant electron acceptor
CW_63	CW_63	CW2MF01_2	CW2MF01_2_December_2024	CW2MF01_2_December_2024	63	S8066	515F806R	150	65	7,6	14213114-001	Wetland	CW_2	Section_1	MF01	CW2S1-1	CW_2_Section_1	CW_2_MF01	2024-12-17	17/12/2024	Winter	0.15-0.30	T2	T2_MF01	T2_0.15-0.30	2	CW2_MF01	no	68	27	1,2	3,51	9,6	-99	6,95	802	0,2	0,01	22	13	530	0,203559083	0,5	0,000195355	500	0,197795988	230	0,090986154	180	0,071206556	410		1443,50	0,40	1900	0,711554966	510	0,190996333	0,01	3,67961E-06	0,01	3,7611E-06	0,005	1,865E-06	0,001	3,70308E-07	0,001	3,70308E-07	0,001	3,65884E-07	0,002	7,31768E-07	510,03	0,03	0,191007477	1,1144E-05	3800	40	2.5	3900	12	0,214861235	0,214861235	2,6	0,047332969	0,094665938	54	0,562148657	4,497189257	27	33,33333333	2,248594628	2,248594628	27	33,33333333	2,248594628	2,248594628	15,69519051	15,69519051	27,69519051	0,495885237	0,495885237	15,69519051	15,69519051	27,69519051	0,495885237	0,495885237	4,497189257	30,29519051	0,590551176	2,839145804	0,033343106	0,174660011	0,791996883	2,839145804	0,033343106	0,174660011	0,791996883	-1,73	-1,73	-1,73	-1,73	Sufficient Capacity	Sufficient Capacity	Sulfate Dominant electron acceptor	Sulfate Dominant electron acceptor
CW_64	CW_64	CW2MF02_2	CW2MF02_2_December_2024	CW2MF02_2_December_2024	64	S8067	515F806R	150	65	3,1	14213114-002	Wetland	CW_2	Section_1	MF02	CW2S1-3-4	CW_2_Section_1	CW_2_MF02	2024-12-17	17/12/2024	Winter	0.60-0.80	T2	T2_MF02	T2_0.60-0.80	2	CW2_MF02	no	68	28	0,79	0,36	9,1	-1,35	7,18	1140	0,2	0,01	14	14	520	0,199718346	97	0,03789885	470	0,185928228	200	0,079118395	300	0,118677593	500		1587,00	0,42	3100	1,160958103	1200	0,449403136	130	0,047834943	100	0,03761105	41	0,015292985	13	0,004814004	3,5	0,001296078	0,69	0,00025246	0,63	0,000230507	1488,82	288,82	0,556735164	0,107332027	6000	2200	2.5	8200	0,6	0,010743062	0,010743062	1	0,018204988	0,036409976	68	0,707890902	5,663127212	13	16,04938272	1,082656673	1,082656673	13	16,04938272	1,082656673	1,082656673	7,556943577	7,556943577	8,156943577	0,146050915	0,146050915	7,556943577	7,556943577	8,156943577	0,146050915	0,146050915	5,663127212	9,156943577	0,182460891	1,265117564	0,028779915	0,115444539	0,855775545	1,265117564	0,028779915	0,115444539	0,855775545	0,32	0,32	0,43	0,43	Insufficient Capacity	Insufficient Capacity	Sulfate Dominant electron acceptor	Sulfate Dominant electron acceptor
CW_65	CW_65	CW2MF05_2	CW2MF05_2_December_2024	CW2MF05_2_December_2024	65	S8068	515F806R	150	65	7,7	14213114-003	Wetland	CW_2	Section_2	MF05	CW2S2-1	CW_2_Section_2	CW_2_MF05	2024-12-17	17/12/2024	Winter	0.15-0.30	T2	T2_MF05	T2_0.15-0.30	2	CW2_MF05	no	62	15	1,1	0,6	9,5	-152	7,33	890	0,1	0,01	18	17	110	0,042248112	1,5	0,000586065	24	0,009494207	13	0,005142696	8,7	0,00344165	21,7		157,20	0,05	42	0,01572911	1,4	0,000524304	0,01	3,67961E-06	0,01	3,7611E-06	0,005	1,865E-06	0,001	3,70308E-07	0,001	3,70308E-07	0,001	3,65884E-07	0,002	7,31768E-07	1,43	0,03	0,000535448	1,1144E-05	65	2,5	2.5	95	35	0,626678603	0,626678603	6,7	0,121973421	0,243946841	0,5	0,00520508	0,041640641	80,5	99,38271605	6,704143244	6,704143244	53,5	99,07407407	4,455548615	4,455548615	46,79491984	46,79491984	81,79491984	1,464546461	1,464546461	31,09972934	31,09972934	66,09972934	1,183522459	1,183522459	0,041640641	72,79972934	1,4274693	8,412636546	0,028997668	0,174088878	0,796913454	5,883017916	0,041466275	0,201176076	0,757357649	-8,34	-5,81	-8,34	-5,81	Sufficient Capacity	Sufficient Capacity	Sulfate Dominant electron acceptor	Sulfate Dominant electron acceptor
CW_66	CW_66	CW2MF06_2	CW2MF06_2_December_2024	CW2MF06_2_December_2024	66	S8069	515F806R	150	65	4,45	14213114-004	Wetland	CW_2	Section_2	MF06	CW2S2-3-4	CW_2_Section_2	CW_2_MF06	2024-12-17	17/12/2024	Winter	0.60-0.80	T2	T2_MF06	T2_0.60-0.80	2	CW2_MF06	no	67	27	0,97	0,37	9,6	-142	6,98	1040	0,2	0,01	13	13	580	0,22276277	31	0,012112003	420	0,16614863	210	0,083074315	230	0,090986154	440		1471,00	0,40	1800	0,674104705	280	0,104860732	38	0,013982522	32	0,012035536	10	0,003729996	2,8	0,001036862	0,55	0,000203669	0,08	2,92707E-05	0,07	2,56119E-05	363,5	83,5	0,135904201	0,031043469	4000	1100	2.5	5100	4,2	0,075201432	0,075201432	2	0,036409976	0,072819953	40	0,416406413	3,331251301	41	50,61728395	3,414532584	3,414532584	28	41,17647059	2,331875911	2,331875911	23,83343743	23,83343743	28,03343743	0,501941583	0,501941583	16,27649386	16,27649386	20,47649386	0,366633731	0,366633731	3,331251301	22,47649386	0,439453683	3,98929412	0,018253844	0,125822155	0,855924001	2,771329594	0,026276179	0,132295246	0,841428575	-2,91	-1,70	-2,88	-1,67	Sufficient Capacity	Sufficient Capacity	Sulfate Dominant electron acceptor	Sulfate Dominant electron acceptor
CW_67	CW_67	CW2MF09_2	CW2MF09_2_December_2024	CW2MF09_2_December_2024	67	S8070	515F806R	150	65	7,2	14213114-005	Wetland	CW_2	Section_3	MF09	CW2S3-1	CW_2_Section_3	CW_2_MF09	2024-12-17	17/12/2024	Winter	0.15-0.30	T2	T2_MF09	T2_0.15-0.30	2	CW2_MF09	no	62	23	1,5	5,7	8,7	-122	7,05	622	0,1	0,01	12	18	570	0,218922033	12	0,004688517	260	0,102853914	130	0,051426957	110	0,043515117	240		1082,00	0,33	160	0,059920418	110	0,041195288	2,3	0,000846311	1,4	0,000526555	0,51	0,00019023	0,13	4,814E-05	0,001	3,70308E-07	0,001	3,65884E-07	0,002	7,31768E-07	114,344	4,344	0,042807991	0,001612703	250	30	2.5	280	21	0,376007162	0,376007162	4	0,072819953	0,145639905	0,5	0,00520508	0,041640641	80,5	99,38271605	6,704143244	6,704143244	0	0	0	0	46,79491984	46,79491984	67,79491984	1,21387502	1,21387502	0	0	21	0,376007162	0,376007162	0,041640641	25	0,521647067	8,063658169	0,01806127	0,150536518	0,831402213	0,521647067	0,279192417	0,720807583	0	-7,68	-0,14	-7,68	-0,13	Sufficient Capacity	Sufficient Capacity	Sulfate Dominant electron acceptor	Manganese Dominant electron acceptor
CW_68	CW_68	CW2MF10_2	CW2MF10_2_December_2024	CW2MF10_2_December_2024	68	S8071	515F806R	150	65	5,1	14213114-006	Wetland	CW_2	Section_3	MF10	CW2S3-3-4	CW_2_Section_3	CW_2_MF10	2024-12-17	17/12/2024	Winter	0.60-0.80	T2	T2_MF10	T2_0.60-0.80	2	CW2_MF10	no	67	26	0,57	0,49	9,5	-115	7,02	536	0,2	0,01	11	12	660	0,25348867	34	0,013284133	400	0,15823679	210	0,083074315	190	0,075162475	400		1494,00	0,43	1900	0,711554966	710	0,265896856	58	0,021341744	41	0,01542053	13	0,004848995	3,4	0,001259047	0,73	0,000270325	0,06	2,1953E-05	0,03	1,09765E-05	826,22	116,22	0,309070427	0,043173571	3500	910	2.5	4400	2,4	0,042972247	0,042972247	2,1	0,038230475	0,07646095	42	0,437226733	3,497813866	39	48,14814815	3,247970019	3,247970019	-2	-5	-0,166562565	0	22,67083073	22,67083073	25,07083073	0,448895805	0,448895805	-1,162606704	0	2,4	0,042972247	0,042972247	3,497813866	4,5	0,119433197	3,773326774	0,020263538	0,118965526	0,860770936	0,119433197	0,640198471	0,359801529	0	-2,64	1,02	-2,59	1,06	Sufficient Capacity	Insufficient Capacity	Sulfate Dominant electron acceptor	Iron Dominant electron acceptor
CW_69	CW_69	CW3MF01_2	CW3MF01_2_December_2024	CW3MF01_2_December_2024	69	S8072	515F806R	150	65	9,45	14214080-001	Wetland	CW_3	Section_1	MF01	CW3S1-1	CW_3_Section_1	CW_3_MF01	2024-12-17	18/12/2024	Winter	0.15-0.30	T2	T2_MF01	T2_0.15-0.30	2	CW3_MF01	no	63	22	1,7	4,3	9,8	-106	7,09	1102	0,2	0,01	9,8	10	550	0,211240558	13	0,005079227	140	0,055382877	110	0,043515117	59	0,023339927	169		872,00	0,27	32	0,011984084	0,17	6,36654E-05	0,11	4,04757E-05	0,01	3,7611E-06	0,005	1,865E-06	0,01	3,70308E-06	0,001	3,70308E-07	0,001	3,65884E-07	0,002	7,31768E-07	0,309	0,139	0,000114938	5,12729E-05	2,5	2,5	2.5	5	25	0,447627574	0,447627574	3,8	0,069178955	0,13835791	0,5	0,00520508	0,041640641	80,5	99,38271605	6,704143244	6,704143244	80,5	99,38271605	6,704143244	6,704143244	46,79491984	46,79491984	71,79491984	1,285495431	1,285495431	46,79491984	46,79491984	71,79491984	1,285495431	1,285495431	0,041640641	75,59491984	1,423853341	8,127996585	0,017022388	0,158156493	0,82482112	8,127996585	0,017022388	0,158156493	0,82482112	-7,84	-7,84	-7,84	-7,84	Sufficient Capacity	Sufficient Capacity	Sulfate Dominant electron acceptor	Sulfate Dominant electron acceptor
CW_70	CW_70	CW3MF02_2	CW3MF02_2_December_2024	CW3MF02_2_December_2024	70	S8073	515F806R	150	65	4,9	14214080-002	Wetland	CW_3	Section_1	MF02	CW3S1-3-4	CW_3_Section_1	CW_3_MF02	2024-12-17	18/12/2024	Winter	0.60-0.80	T2	T2_MF02	T2_0.60-0.80	2	CW3_MF02	no	70	27	0,45	0,49	9,6	-145	6,92	850	0,2	0,01	11	11	590	0,226603508	49	0,01914478	650	0,257134784	240	0,094942074	280	0,110765753	520		1809,00	0,50	3000	1,123507841	1400	0,524303659	80	0,029436888	110	0,041372155	32	0,011935988	11	0,004073388	2,4	0,000888739	0,42	0,000153671	0,36	0,000131718	1636,18	236,18	0,612296208	0,087992548	8900	1900	2.5	11000	0,5	0,008952551	0,008952551	0,8	0,014563991	0,029127981	58	0,603789298	4,830314387	23	28,39506173	1,915469498	1,915469498	23	28,39506173	1,915469498	1,915469498	13,3699771	13,3699771	13,8699771	0,248343368	0,248343368	13,3699771	13,3699771	13,8699771	0,248343368	0,248343368	4,830314387	14,6699771	0,277471349	2,192940847	0,013282611	0,113246724	0,873470664	2,192940847	0,013282611	0,113246724	0,873470664	-0,57	-0,57	-0,48	-0,48	Sufficient Capacity	Sufficient Capacity	Sulfate Dominant electron acceptor	Sulfate Dominant electron acceptor
CW_71	CW_71	CW3MF05_2	CW3MF05_2_December_2024	CW3MF05_2_December_2024	71	S8074	515F806R	150	65	5	14214080-003	Wetland	CW_3	Section_2	MF05	CW3S2-1	CW_3_Section_2	CW_3_MF05	2024-12-17	18/12/2024	Winter	0.15-0.30	T2	T2_MF05	T2_0.15-0.30	2	CW3_MF05	no	68	0,2	0,35	6,9	8,6	-89	6,98	690	0,2	0,01	1,1	1,5	3,5	0,001344258	0,4	0,000156284	4,4	0,001740605	2,1	0,000830743	1,8	0,000712066	3,9		12,20	0,00	12	0,004494031	0,04	1,49801E-05	0,01	3,67961E-06	0,01	3,7611E-06	0,005	1,865E-06	0,001	3,70308E-07	0,001	3,70308E-07	0,001	3,65884E-07	0,002	7,31768E-07	0,07	0,03	2,61241E-05	1,1144E-05	2,5	2,5	2.5	5	2,5	0,044762757	0,044762757	6,9	0,125614418	0,251228837	10	0,104101603	0,832812825	71	87,65432099	5,91297106	5,91297106	-9,5	-1900	-0,791172184	0	41,272538	41,272538	43,772538	0,783751799	0,783751799	-5,522381845	0	2,5	0,044762757	0,044762757	0,832812825	9,4	0,295991594	6,947951696	0,036158691	0,112803288	0,851038021	0,295991594	0,848770174	0,151229826	0	-6,94	-0,29	-6,94	-0,29	Sufficient Capacity	Sufficient Capacity	Sulfate Dominant electron acceptor	Iron Dominant electron acceptor
CW_72	CW_72	CW3MF06_2	CW3MF06_2_December_2024	CW3MF06_2_December_2024	72	S8075	515F806R	150	65	8,1	14214080-004	Wetland	CW_3	Section_2	MF06	CW3S2-3-4	CW_3_Section_2	CW_3_MF06	2024-12-17	18/12/2024	Winter	0.60-0.80	T2	T2_MF06	T2_0.60-0.80	2	CW3_MF06	no	70	27	0,8	42	8,7	-112	7,06	844	0,2	0,01	8,4	8,6	450	0,172833184	29	0,011330584	320	0,126589432	150	0,059338796	130	0,051426957	280		1079,00	0,31	2000	0,749005227	270	0,101115706	25	0,009199028	39	0,014668309	9,2	0,003431597	3	0,001110924	0,55	0,000203669	0,09	3,29295E-05	0,07	2,56119E-05	346,91	76,91	0,129787774	0,028672069	4000	1000	2.5	5000	0,8	0,014324082	0,014324082	0,9	0,016384489	0,032768979	61	0,635019779	5,080158234	20	24,69135802	1,665625651	1,665625651	-3	-5,172413793	-0,249843848	0	11,62606704	11,62606704	12,42606704	0,22249001	0,22249001	-1,743910056	0	0,8	0,014324082	0,014324082	5,080158234	1,7	0,047093061	1,920884639	0,017059316	0,115826846	0,867113837	0,047093061	0,695834545	0,304165455	0	-0,86	1,01	-0,83	1,04	Sufficient Capacity	Insufficient Capacity	Sulfate Dominant electron acceptor	Iron Dominant electron acceptor
CW_73	CW_73	CW3MF09_2	CW3MF09_2_December_2024	CW3MF09_2_December_2024	73	S8076	515F806R	150	65	6,4	14214080-005	Wetland	CW_3	Section_3	MF09	CW3S3-1	CW_3_Section_3	CW_3_MF09	2024-12-17	18/12/2024	Winter	0.15-0.30	T2	T2_MF09	T2_0.15-0.30	2	CW3_MF09	no	62	19	2,5	5,3	8,9	-89	7,1	712	0,2	0,01	13	14	170	0,065292536	1,4	0,000546994	25	0,009889799	13	0,005142696	6,2	0,00245267	19,2		215,60	0,08	14	0,005243037	3,2	0,001198408	0,2	7,35922E-05	0,12	4,51333E-05	0,005	1,865E-06	0,001	3,70308E-07	0,001	3,70308E-07	0,001	3,65884E-07	0,002	7,31768E-07	3,53	0,33	0,001320837	0,000122429	2,5	2,5	2.5	5	24	0,429722471	0,429722471	3,6	0,065537957	0,131075915	0,5	0,00520508	0,041640641	80,5	99,38271605	6,704143244	6,704143244	9,5	95	0,791172184	0,791172184	46,79491984	46,79491984	70,79491984	1,267590328	1,267590328	5,522381845	5,522381845	29,52238184	0,528601286	0,528601286	0,041640641	33,12238184	0,659677201	8,102809487	0,016176601	0,156438372	0,827385027	1,450849385	0,09034426	0,364339188	0,545316552	-8,02	-1,37	-8,02	-1,37	Sufficient Capacity	Sufficient Capacity	Sulfate Dominant electron acceptor	Sulfate Dominant electron acceptor
CW_74	CW_74	CW3MF10_2	CW3MF10_2_December_2024	CW3MF10_2_December_2024	74	S8077	515F806R	150	65	19,3	14214080-006	Wetland	CW_3	Section_3	MF10	CW3S3-3-4	CW_3_Section_3	CW_3_MF10	2024-12-17	18/12/2024	Winter	0.60-0.80	T2	T2_MF10	T2_0.60-0.80	2	CW3_MF10	no	69	27	1,2	0,61	8,7	-105	7,01	645	0,2	0,01	10	11	750	0,288055307	38	0,014846972	550	0,217575586	240	0,094942074	200	0,079118395	440		1778,00	0,52	3400	1,273308887	2100	0,786455489	78	0,028700966	73	0,027456066	21	0,007832992	5,4	0,001999663	0,99	0,000366605	0,1	3,65884E-05	0,06	2,1953E-05	2278,55	178,55	0,852870323	0,066414834	5100	1200	2.5	6300	3,4	0,06087735	0,06087735	1,3	0,023666485	0,047332969	46	0,478867375	3,830938996	35	43,20987654	2,914844889	2,914844889	15	24,59016393	1,249219238	1,249219238	20,34561732	20,34561732	23,74561732	0,425167723	0,425167723	8,719550281	8,719550281	12,11955028	0,217001796	0,217001796	3,830938996	13,41955028	0,264334765	3,387345581	0,013973469	0,125516489	0,860510042	1,513554003	0,031272732	0,143372351	0,825354917	-1,59	0,28	-1,53	0,35	Sufficient Capacity	Insufficient Capacity	Sulfate Dominant electron acceptor	Sulfate Dominant electron acceptor
CW_75	CW_75	CWinf_3	CWinf_3_February_2025	CWinf_3_February_2025	75	S8395	515F806R	150	65	4,80	14243903-002	INF	CW_0	Section_0	INF	NA	CW_0_Section_0	CW_0_INF	2025-02-17	17/02/2025	Winter	INF	T3	T3_INF	T3_INF	3	INFLOW	no	72	25	1,3	NA	NA	NA	NA	NA	NA	0,01	64	17	660	0,25348867	210	0,082049056	770	0,304605821	280	0,110765753	500	0,197795988	780		2420,00	0,64	5900	2,209565421	7000	2,621518296	310	0,114067941	280	0,10531094	190	0,070869931	180	0,066655445	35	0,012960781	19	0,006951792	21	0,00768356	8035	1035	3,006018687	0,384500391	8900	4200	2.5	13000	0,5	0,008952551	0,008952551	0,8	0,014563991	0,029127981	82	0,853633146	6,829065168	0	0	0	0	0	0	0	0	0	0	0,5	0,008952551	0,008952551	0	0	0,5	0,008952551	0,008952551	6,829065168	1,3	0,038080533	0,038080533	0,764904772	0,235095228	0	0,038080533	0,764904772	0,235095228	0	2,81	2,81	3,20	3,20	Insufficient Capacity	Insufficient Capacity	Iron Dominant electron acceptor	Iron Dominant electron acceptor
CW_76	CW_76	CW1eff_3	CW1eff_3_February_2025	CW1eff_3_February_2025	76	S8396	515F806R	150	65	5,70	14243903-001	EFF	CW_1	Section_5	EFF	NA	CW_1_Section_5	CW_1_EFF	2025-02-17	17/02/2025	Winter	EFF	T3	T3_EFF	T3_EFF	3	CW1_OUT	no	62	20	1,4	1,65	8,1	-83	7,16	845	0,2	0,01	7,2	7,7	150	0,057611061	1	0,00039071	100	0,039559198	33	0,013054535	29	0,011472167	62		319,00	0,10	600	0,224701568	320	0,119840836	4	0,001471844	4	0,001504442	2	0,000745999	1,6	0,000592493	0,19	7,03585E-05	0,03	1,09765E-05	0,02	7,31768E-06	331,84	11,84	0,124244268	0,004403431	1100	280	2.5	1400	10	0,17905103	0,17905103	2,7	0,049153468	0,098306936	24	0,249843848	1,998750781	58	70,73170732	4,830314387	4,830314387	38	61,29032258	3,164688736	3,164688736	33,71559442	33,71559442	43,71559442	0,782732219	0,782732219	22,08952738	22,08952738	32,08952738	0,574566291	0,574566291	1,998750781	34,78952738	0,672873228	5,711353542	0,017212546	0,137048462	0,845738992	3,837561964	0,025617029	0,149721697	0,824661274	-5,39	-3,52	-5,38	-3,51	Sufficient Capacity	Sufficient Capacity	Sulfate Dominant electron acceptor	Sulfate Dominant electron acceptor
CW_77	CW_77	CW2eff_3	CW2eff_3_February_2025	CW2eff_3_February_2025	77	S8397	515F806R	150	65	3,85	14244714-001	EFF	CW_2	Section_5	EFF	NA	CW_2_Section_5	CW_2_EFF	2025-02-17	18/02/2025	Winter	EFF	T3	T3_EFF	T3_EFF	3	CW2_OUT	no	68	25	1,2	0,72	7,3	-112	7,21	1029	0,2	0,01	13	13	620	0,23812572	8,7	0,003399175	560	0,221531506	180	0,071206556	190	0,075162475	370		1558,70	0,46	3900	1,460560193	4900	1,835062807	390	0,143504829	220	0,08274431	99	0,036926964	35	0,012960781	1,9	0,000703585	0,09	3,29295E-05	0,04	1,46354E-05	5646,03	746,03	2,111950842	0,276888035	4800	1400	2.5	6200	1,5	0,026857654	0,026857654	1,5	0,027307482	0,054614965	61	0,635019779	5,080158234	21	25,6097561	1,748906933	1,748906933	-4	-7,01754386	-0,33312513	0	12,20737039	12,20737039	13,70737039	0,245431878	0,245431878	-2,325213408	0	1,5	0,026857654	0,026857654	5,080158234	3	0,081472619	2,048953776	0,02665505	0,119784	0,853560951	0,081472619	0,670347476	0,329652524	0	-0,13	1,84	0,15	2,12	Insufficient Capacity	Insufficient Capacity	Sulfate Dominant electron acceptor	Iron Dominant electron acceptor
CW_78	CW_78	CW3eff_3	CW3eff_3_February_2025	CW3eff_3_February_2025	78	S8398	515F806R	150	65	2,80	14245613-001	EFF	CW_3	Section_5	EFF	NA	CW_3_Section_5	CW_3_EFF	2025-02-17	19/02/2025	Winter	EFF	T3	T3_EFF	T3_EFF	3	CW3_OUT	no	67	32	1,3	0,39	7,2	-101	7,08	866	0,2	0,01	13	13	750	0,288055307	2	0,00078142	710	0,280870302	210	0,083074315	240	0,094942074	450		1924,00	0,57	4400	1,6478115	3000	1,123507841	110	0,040475721	140	0,05265547	43	0,016038984	20	0,007406161	1,6	0,000592493	0,08	2,92707E-05	0,04	1,46354E-05	3314,72	314,72	1,240720576	0,117212735	5800	1400	2.5	7200	0,7	0,012533572	0,012533572	1,1	0,020025487	0,040050974	67	0,697480741	5,57984593	15	18,29268293	1,249219238	1,249219238	-2	-3,076923077	-0,166562565	0	8,719550281	8,719550281	9,419550281	0,168658018	0,168658018	-1,162606704	0	0,7	0,012533572	0,012533572	5,57984593	1,8	0,052584546	1,45792823	0,027471156	0,115683347	0,856845497	0,052584546	0,761649134	0,238350866	0	0,76	2,16	0,88	2,28	Insufficient Capacity	Insufficient Capacity	Sulfate Dominant electron acceptor	Iron Dominant electron acceptor
CW_79	CW_79	CW1MF01_3	CW1MF01_3_February_2025	CW1MF01_3_February_2025	79	S8399	515F806R	150	65	5,45	14243904-001	Wetland	CW_1	Section_1	MF01	CW1S1-1	CW_1_Section_1	CW_1_MF01	2025-02-17	17/02/2025	Winter	0.15-0.30	T3	T3_MF01	T3_0.15-0.30	3	CW1_MF01	no	70	31	1,8	5,1	7,4	-109	7,11	855	0,2	0,01	12	11	550	0,211240558	2	0,00078142	370	0,146369031	160	0,063294716	150	0,059338796	310		1244,00	0,36	2200	0,82390575	3000	1,123507841	0,47	0,000172942	0,26	9,77887E-05	0,13	4,849E-05	0,1	3,70308E-05	0,02	7,40616E-06	0,02	7,31768E-06	0,002	7,31768E-07	3001,002	1,002	1,123879548	0,000371707	4300	70	2.5	4400	9,7	0,173679499	0,173679499	2	0,036409976	0,072819953	56	0,582968978	4,663751822	26	31,70731707	2,165313346	2,165313346	26	31,70731707	2,165313346	2,165313346	15,11388715	15,11388715	24,81388715	0,444295204	0,444295204	15,11388715	15,11388715	24,81388715	0,444295204	0,444295204	4,663751822	26,81388715	0,517115157	2,682428503	0,027147025	0,165631704	0,807221271	2,682428503	0,027147025	0,165631704	0,807221271	-1,50	-1,50	-1,50	-1,50	Sufficient Capacity	Sufficient Capacity	Sulfate Dominant electron acceptor	Sulfate Dominant electron acceptor
CW_80	CW_80	CW1MF02_3	CW1MF02_3_February_2025	CW1MF02_3_February_2025	80	S8400	515F806R	150	65	4,00	14243904-002	Wetland	CW_1	Section_1	MF02	CW1S1-3-4	CW_1_Section_1	CW_1_MF02	2025-02-17	17/02/2025	Winter	0.60-0.80	T3	T3_MF02	T3_0.60-0.80	3	CW1_MF02	no	72	33	1,4	0,53	7,8	-125	7,08	1312	0,2	0,01	13	13	540	0,207399821	65	0,025396136	490	0,193840068	180	0,071206556	270	0,106809833	450		1545,00	0,43	3800	1,423109932	6600	2,471717251	190	0,069912609	230	0,086505415	100	0,037299964	62	0,022959098	4,3	0,001592325	0,74	0,000270754	0,63	0,000230507	7187,67	587,67	2,690487921	0,218770671	7900	2300	2.5	10000	0,3	0,005371531	0,005371531	0,8	0,014563991	0,029127981	73	0,759941703	6,079533625	9	10,97560976	0,749531543	0,749531543	9	10,97560976	0,749531543	0,749531543	5,231730169	5,231730169	5,531730169	0,099046198	0,099046198	5,231730169	5,231730169	5,531730169	0,099046198	0,099046198	6,079533625	6,331730169	0,128174179	0,877705722	0,0331865	0,112846704	0,853966795	0,877705722	0,0331865	0,112846704	0,853966795	0,97	0,97	1,19	1,19	Insufficient Capacity	Insufficient Capacity	Sulfate Dominant electron acceptor	Sulfate Dominant electron acceptor
CW_81	CW_81	CW1MF05_3	CW1MF05_3_February_2025	CW1MF05_3_February_2025	81	S8401	515F806R	150	65	5,50	14243904-003	Wetland	CW_1	Section_2	MF05	CW1S2-1	CW_1_Section_2	CW_1_MF05	2025-02-17	17/02/2025	Winter	0.15-0.30	T3	T3_MF05	T3_0.15-0.30	3	CW1_MF05	no	71	31	1,8	3,9	7,9	-114	7,21	1030	0,2	0,01	10	9,9	470	0,180514659	1	0,00039071	260	0,102853914	150	0,059338796	88	0,034812094	238		975,00	0,28	1800	0,674104705	0,002	7,49005E-07	0,01	3,67961E-06	0,01	3,7611E-06	0,05	1,865E-05	0,02	7,40616E-06	0,001	3,70308E-07	0,001	3,65884E-07	0,002	7,31768E-07	0,096	0,094	3,57138E-05	3,49648E-05	3400	25	2.5	3400	13	0,232766338	0,232766338	0,05	0,000910249	0,001820499	45	0,468457214	3,747657714	37	45,12195122	3,081407454	3,081407454	11	19,64285714	0,916094108	0,916094108	21,50822403	21,50822403	34,50822403	0,617873304	0,617873304	6,394336873	6,394336873	19,39433687	0,347257598	0,347257598	3,747657714	19,44433687	0,349078097	3,701101256	0,00049188	0,166943096	0,832565023	1,265172205	0,001438934	0,274474571	0,724086495	-2,74	-0,31	-2,74	-0,31	Sufficient Capacity	Sufficient Capacity	Sulfate Dominant electron acceptor	Sulfate Dominant electron acceptor
CW_82	CW_82	CW1MF06_3	CW1MF06_3_February_2025	CW1MF06_3_February_2025	82	S8402	515F806R	150	65	5,00	14243904-004	Wetland	CW_1	Section_2	MF06	CW1S2-3-4	CW_1_Section_2	CW_1_MF06	2025-02-17	17/02/2025	Winter	0.60-0.80	T3	T3_MF06	T3_0.60-0.80	3	CW1_MF06	no	71	33	1,6	0,66	8	-128	7,22	1132	1	0,01	11	11	630	0,241966458	5	0,001953549	370	0,146369031	110	0,043515117	130	0,051426957	240		1275,00	0,39	2500	0,936256534	5600	2,097214637	200	0,07359222	230	0,086505415	86	0,032077969	29	0,010738933	1	0,000370308	0,04	1,46354E-05	0,02	7,31768E-06	6146,06	546,06	2,300521435	0,203306798	6000	1500	2.5	7500	1,6	0,028648165	0,028648165	2,5	0,04551247	0,091024941	58	0,603789298	4,830314387	24	29,26829268	1,998750781	1,998750781	15	20,54794521	1,249219238	1,249219238	13,95128045	13,95128045	15,55128045	0,278447278	0,278447278	8,719550281	8,719550281	10,31955028	0,18477261	0,18477261	4,830314387	12,81955028	0,275797551	2,368222999	0,038435967	0,11757646	0,843987573	1,525016789	0,059687829	0,121161033	0,819151138	-1,04	-0,20	-0,84	0,00	Sufficient Capacity	Insufficient Capacity	Sulfate Dominant electron acceptor	Sulfate Dominant electron acceptor
CW_83	CW_83	CW1MF09_3	CW1MF09_3_February_2025	CW1MF09_3_February_2025	83	S8403	515F806R	150	65	7,10	14244713-001	Wetland	CW_1	Section_3	MF09	CW1S3-1	CW_1_Section_3	CW_1_MF09	2025-02-17	18/02/2025	Winter	0.15-0.30	T3	T3_MF09	T3_0.15-0.30	3	CW1_MF09	no	69	27	1,5	6,58	7,4	-100	7,11	1004	0,1	0,01	8,2	8,8	730	0,280373832	6,9	0,002695898	360	0,142413111	220	0,087030235	120	0,047471037	340		1436,90	0,43	1200	0,449403136	0,29	0,000108606	0,01	3,67961E-06	0,11	4,13722E-05	0,07	2,611E-05	0,04	1,48123E-05	0,001	3,70308E-07	0,001	3,65884E-07	0,002	7,31768E-07	0,524	0,234	0,000196048	8,7442E-05	1300	2,5	2.5	1300	14	0,250671441	0,250671441	3,5	0,063717459	0,127434917	38	0,395586092	3,164688736	44	53,65853659	3,664376431	3,664376431	7	15,55555556	0,582968978	0,582968978	25,57734749	25,57734749	39,57734749	0,708636481	0,708636481	4,069123465	4,069123465	18,06912346	0,323529516	0,323529516	3,164688736	21,56912346	0,450964433	4,50044783	0,028316053	0,157459104	0,814224844	1,033933411	0,123252538	0,312911366	0,563836096	-3,63	-0,16	-3,63	-0,16	Sufficient Capacity	Sufficient Capacity	Sulfate Dominant electron acceptor	Sulfate Dominant electron acceptor
CW_84	CW_84	CW1MF10_3	CW1MF10_3_February_2025	CW1MF10_3_February_2025	84	S8404	515F806R	150	65	4,20	14243904-005	Wetland	CW_1	Section_3	MF10	CW1S3-3-4	CW_1_Section_3	CW_1_MF10	2025-02-17	17/02/2025	Winter	0.60-0.80	T3	T3_MF10	T3_0.60-0.80	3	CW1_MF10	no	71	31	1,3	0,73	8,3	-109	7,3	1080	0,2	0,01	11	11	510	0,195877609	5	0,001953549	430	0,170104549	150	0,059338796	150	0,059338796	300		1275,00	0,37	2900	1,08605758	4500	1,685261762	150	0,055194165	140	0,05265547	48	0,017903983	18	0,006665545	0,53	0,000196263	0,05	1,82942E-05	0,03	1,09765E-05	4856,61	356,61	1,817906458	0,132644696	5000	1200	2.5	6100	1	0,017905103	0,017905103	1,3	0,023666485	0,047332969	62	0,64542994	5,163439517	20	24,3902439	1,665625651	1,665625651	-4	-6,896551724	-0,33312513	0	11,62606704	11,62606704	12,62606704	0,22607103	0,22607103	-2,325213408	0	1	0,017905103	0,017905103	5,163439517	2,3	0,065238072	1,93902965	0,024410647	0,116589775	0,858999578	0,065238072	0,725542121	0,274457879	0	-0,49	1,39	-0,35	1,52	Sufficient Capacity	Insufficient Capacity	Sulfate Dominant electron acceptor	Iron Dominant electron acceptor
CW_85	CW_85	CW2MF01_3	CW2MF01_3_February_2025	CW2MF01_3_February_2025	85	S8405	515F806R	150	65	4,40	14244713-002	Wetland	CW_2	Section_1	MF01	CW2S1-1	CW_2_Section_1	CW_2_MF01	2025-02-17	18/02/2025	Winter	0.15-0.30	T3	T3_MF01	T3_0.15-0.30	3	CW2_MF01	no	69	30	1,5	2,8	7,3	-108	7,09	944	0,2	0,01	11	11	730	0,280373832	2	0,00078142	740	0,292738062	230	0,090986154	290	0,114721673	520		2004,00	0,57	4700	1,760162284	1500	0,561753921	4	0,001471844	0,74	0,000278322	0,1	3,73E-05	0,04	1,48123E-05	0,001	3,70308E-07	0,001	3,65884E-07	0,002	7,31768E-07	1504,884	4,884	0,563557667	0,001803746	5800	340	2.5	6200	5,2	0,093106535	0,093106535	1,4	0,025486983	0,050973967	68	0,707890902	5,663127212	14	17,07317073	1,165937955	1,165937955	14	17,07317073	1,165937955	1,165937955	8,138246929	8,138246929	13,33824693	0,238822684	0,238822684	8,138246929	8,138246929	13,33824693	0,238822684	0,238822684	5,663127212	14,73824693	0,289796651	1,455734607	0,035015975	0,164056473	0,800927552	1,455734607	0,035015975	0,164056473	0,800927552	0,88	0,88	0,88	0,88	Insufficient Capacity	Insufficient Capacity	Sulfate Dominant electron acceptor	Sulfate Dominant electron acceptor
CW_86	CW_86	CW2MF02_3	CW2MF02_3_February_2025	CW2MF02_3_February_2025	86	S8406	515F806R	150	65	3,25	14244713-003	Wetland	CW_2	Section_1	MF02	CW2S1-3-4	CW_2_Section_1	CW_2_MF02	2025-02-17	18/02/2025	Winter	0.60-0.80	T3	T3_MF02	T3_0.60-0.80	3	CW2_MF02	no	71	28	1,3	0,42	7	-152	7,21	1059	0,2	0,01	13	13	540	0,207399821	120	0,046885175	590	0,233399265	200	0,079118395	340	0,134501272	540		1790,00	0,49	4400	1,6478115	7600	2,846219864	480	0,176621329	310	0,116594255	150	0,055949946	73	0,027032486	11	0,004073388	0,94	0,000343931	0,77	0,000281731	8625,71	1025,71	3,227116929	0,380897065	6500	2400	2.5	8900	0,3	0,005371531	0,005371531	0,7	0,012743492	0,025486983	73	0,759941703	6,079533625	9	10,97560976	0,749531543	0,749531543	9	10,97560976	0,749531543	0,749531543	5,231730169	5,231730169	5,531730169	0,099046198	0,099046198	5,231730169	5,231730169	5,531730169	0,099046198	0,099046198	6,079533625	6,231730169	0,124533182	0,874064724	0,029159149	0,113316778	0,857524073	0,874064724	0,029159149	0,113316778	0,857524073	1,26	1,26	1,64	1,64	Insufficient Capacity	Insufficient Capacity	Sulfate Dominant electron acceptor	Sulfate Dominant electron acceptor
CW_87	CW_87	CW2MF05_3	CW2MF05_3_February_2025	CW2MF05_3_February_2025	87	S8407	515F806R	150	65	8,00	14244713-004	Wetland	CW_2	Section_2	MF05	CW2S2-1	CW_2_Section_2	CW_2_MF05	2025-02-17	18/02/2025	Winter	0.15-0.30	T3	T3_MF05	T3_0.15-0.30	3	CW2_MF05	no	60	14	2,3	0,61	7,2	-135	7,08	920	0,1	0,01	14	14	180	0,069133274	1,8	0,000703278	30	0,011867759	15	0,00593388	9,9	0,003916361	24,9		236,70	0,08	19	0,00711555	13	0,004868534	0,18	6,6233E-05	0,01	3,7611E-06	0,005	1,865E-06	0,001	3,70308E-07	0,001	3,70308E-07	0,001	3,65884E-07	0,002	7,31768E-07	13,2	0,2	0,004942231	7,36974E-05	2,5	2,5	2.5	50	31	0,555058192	0,555058192	5,6	0,101947934	0,203895867	6,2	0,064542994	0,516343952	75,8	92,43902439	6,312721216	6,312721216	61,8	90,88235294	5,14678326	5,14678326	44,06279409	44,06279409	75,06279409	1,344007056	1,344007056	35,92454716	35,92454716	66,92454716	1,198290907	1,198290907	0,516343952	72,52454716	1,402186775	7,86062414	0,02593889	0,170979687	0,803081423	6,548970035	0,031134036	0,182973949	0,785892016	-7,77	-6,46	-7,77	-6,46	Sufficient Capacity	Sufficient Capacity	Sulfate Dominant electron acceptor	Sulfate Dominant electron acceptor
CW_88	CW_88	CW2MF06_3	CW2MF06_3_February_2025	CW2MF06_3_February_2025	88	S8408	515F806R	150	65	4,45	14244713-005	Wetland	CW_2	Section_2	MF06	CW2S2-3-4	CW_2_Section_2	CW_2_MF06	2025-02-17	18/02/2025	Winter	0.60-0.80	T3	T3_MF06	T3_0.60-0.80	3	CW2_MF06	no	68	25	1,4	0,42	7,4	-138	7,08	110	0,2	0,01	11	11	710	0,272692357	2	0,00078142	710	0,280870302	250	0,098897994	300	0,118677593	550		1984,00	0,55	3900	1,460560193	3600	1,348209409	170	0,062553387	91	0,034226055	39	0,014546986	15	0,00555462	0,7	0,000259216	0,07	2,56119E-05	0,05	1,82942E-05	3915,82	315,82	1,46539358	0,117184171	5300	1400	2.5	6700	2,7	0,048343778	0,048343778	1,7	0,03094848	0,06189696	47	0,489277535	3,914220279	35	42,68292683	2,914844889	2,914844889	26	35,61643836	2,165313346	2,165313346	20,34561732	20,34561732	23,04561732	0,412634151	0,412634151	15,11388715	15,11388715	17,81388715	0,318959484	0,318959484	3,914220279	19,51388715	0,380856443	3,389375999	0,018262052	0,121743398	0,85999455	2,546169789	0,024309832	0,125270312	0,850419856	-1,37	-0,53	-1,26	-0,41	Sufficient Capacity	Sufficient Capacity	Sulfate Dominant electron acceptor	Sulfate Dominant electron acceptor
CW_89	CW_89	CW2MF09_3	CW2MF09_3_February_2025	CW2MF09_3_February_2025	89	S8409	515F806R	150	65	6,45	14244713-006	Wetland	CW_2	Section_3	MF09	CW2S3-1	CW_2_Section_3	CW_2_MF09	2025-02-17	18/02/2025	Winter	0.15-0.30	T3	T3_MF09	T3_0.15-0.30	3	CW2_MF09	no	68	28	1,7	4,99	7,5	-109	7,2	508	0,1	0,01	9,3	9,4	880	0,337984893	16	0,006251357	610	0,241311105	180	0,071206556	150	0,059338796	330		1836,00	0,59	710	0,265896856	0,12	4,49403E-05	0,01	3,67961E-06	0,14	5,26555E-05	0,06	2,238E-05	0,03	1,11092E-05	0,001	3,70308E-07	0,001	3,65884E-07	0,002	7,31768E-07	0,364	0,244	0,000136233	9,12923E-05	830	2,5	2.5	830	16	0,286481647	0,286481647	4,4	0,080101948	0,160203896	38	0,395586092	3,164688736	44	53,65853659	3,664376431	3,664376431	-31,8	-512,9032258	-2,648344785	0	25,57734749	25,57734749	41,57734749	0,744446687	0,744446687	-18,4854466	0	16	0,286481647	0,286481647	3,164688736	20,4	0,446685543	4,569027015	0,035063022	0,162933308	0,802003669	0,446685543	0,358650282	0,641349718	0	-3,72	0,40	-3,72	0,40	Sufficient Capacity	Insufficient Capacity	Sulfate Dominant electron acceptor	Manganese Dominant electron acceptor
CW_90	CW_90	CW2MF10_3	CW2MF10_3_February_2025	CW2MF10_3_February_2025	90	S8410	515F806R	150	65	4,75	14244713-007	Wetland	CW_2	Section_3	MF10	CW2S3-3-4	CW_2_Section_3	CW_2_MF10	2025-02-17	18/02/2025	Winter	0.60-0.80	T3	T3_MF10	T3_0.60-0.80	3	CW2_MF10	no	70	25	1,3	0,61	7,4	-130	7,09	509	0,2	0,01	13	13	920	0,353347843	8,7	0,003399175	860	0,340209099	280	0,110765753	290	0,114721673	570		2358,70	0,70	4000	1,498010455	2900	1,08605758	290	0,106708719	170	0,063938785	71	0,026482974	24	0,008887393	1,6	0,000592493	0,12	4,39061E-05	0,06	2,1953E-05	3456,78	556,78	1,292733803	0,206676223	5000	1200	2.5	6300	1,4	0,025067144	0,025067144	1,5	0,027307482	0,054614965	57	0,593379138	4,747033104	25	30,48780488	2,082032063	2,082032063	-10	-21,27659574	-0,832812825	0	14,5325838	14,5325838	15,9325838	0,285274553	0,285274553	-5,813033521	0	1,4	0,025067144	0,025067144	4,747033104	2,9	0,079682109	2,421921581	0,022550261	0,117788518	0,859661221	0,079682109	0,685410633	0,314589367	0	-0,23	2,12	-0,02	2,32	Sufficient Capacity	Insufficient Capacity	Sulfate Dominant electron acceptor	Iron Dominant electron acceptor
CW_91	CW_91	CW3MF01_3	CW3MF01_3_February_2025	CW3MF01_3_February_2025	91	S8411	515F806R	150	100	7,15	14245611-001	Wetland	CW_3	Section_1	MF01	CW3S1-1	CW_3_Section_1	CW_3_MF01	2025-02-17	19/02/2025	Winter	0.15-0.30	T3	T3_MF01	T3_0.15-0.30	3	CW3_MF01	no	67	29	1,6	5,11	7,4	-118	7,11	940	0,2	0,01	8,9	11	620	0,23812572	10	0,003907098	330	0,130545352	190	0,075162475	98	0,038768014	288		1248,00	0,37	150	0,056175392	88	0,03295623	0,17	6,25534E-05	0,11	4,13722E-05	0,005	1,865E-06	0,02	7,40616E-06	0,001	3,70308E-07	0,001	3,65884E-07	0,002	7,31768E-07	88,309	0,309	0,033070895	0,000114665	370	55	30	480	18	0,322291853	0,322291853	3	0,054614965	0,109229929	16	0,166562565	1,332500521	66	80,48780488	5,496564647	5,496564647	66	80,48780488	5,496564647	5,496564647	38,36602124	38,36602124	56,36602124	1,009239413	1,009239413	38,36602124	38,36602124	56,36602124	1,009239413	1,009239413	1,332500521	59,36602124	1,118469342	6,615033989	0,016512376	0,152567533	0,830920091	6,615033989	0,016512376	0,152567533	0,830920091	-6,19	-6,19	-6,19	-6,19	Sufficient Capacity	Sufficient Capacity	Sulfate Dominant electron acceptor	Sulfate Dominant electron acceptor
CW_92	CW_92	CW3MF02_3	CW3MF02_3_February_2025	CW3MF02_3_February_2025	92	S8412	515F806R	150	100	3,60	14245611-002	Wetland	CW_3	Section_1	MF02	CW3S1-3-4	CW_3_Section_1	CW_3_MF02	2025-02-17	19/02/2025	Winter	0.60-0.80	T3	T3_MF02	T3_0.60-0.80	3	CW3_MF02	no	69	31	1,3	0,55	7,3	-133	7,08	740	0,2	0,01	13	15	760	0,291896044	57	0,022270458	630	0,249222944	250	0,098897994	330	0,130545352	580		2027,00	0,56	4500	1,685261762	6400	2,396816728	120	0,044155332	260	0,09778873	86	0,032077969	47	0,017404477	1,8	0,000666554	0,4	0,000146354	0,31	0,000113424	6915,51	515,51	2,589169568	0,19235284	6300	2100	2.5	8400	0,4	0,007162041	0,007162041	1	0,018204988	0,036409976	70	0,728711222	5,829689777	12	14,63414634	0,99937539	0,99937539	12	14,63414634	0,99937539	0,99937539	6,975640225	6,975640225	7,375640225	0,132061598	0,132061598	6,975640225	6,975640225	7,375640225	0,132061598	0,132061598	5,829689777	8,375640225	0,168471574	1,167846964	0,03117701	0,113081253	0,855741738	1,167846964	0,03117701	0,113081253	0,855741738	1,08	1,08	1,27	1,27	Insufficient Capacity	Insufficient Capacity	Sulfate Dominant electron acceptor	Sulfate Dominant electron acceptor
CW_93	CW_93	CW3MF05_3	CW3MF05_3_February_2025	CW3MF05_3_February_2025	93	S8413	515F806R	150	100	6,15	14245611-003	Wetland	CW_3	Section_2	MF05	CW3S2-1	CW_3_Section_2	CW_3_MF05	2025-02-17	19/02/2025	Winter	0.15-0.30	T3	T3_MF05	T3_0.15-0.30	3	CW3_MF05	no	68	0,2	1	6,98	7,5	-78	6,99	712	0,2	0,01	0,05	0,05	0,76	0,000291896	0,02	7,8142E-06	1,9	0,000751625	0,62	0,000245267	0,69	0,000272958	1,31		4,11	0,00	7,1	0,002658969	4,4	0,001647812	0,01	3,67961E-06	0,01	3,7611E-06	0,005	1,865E-06	0,001	3,70308E-07	0,001	3,70308E-07	0,001	3,65884E-07	0,002	7,31768E-07	4,43	0,03	0,001658955	1,1144E-05	2,5	2,5	2.5	5	0,9	0,016114593	0,016114593	4,7	0,085563444	0,171126889	70	0,728711222	5,829689777	12	14,63414634	0,99937539	0,99937539	-54	-337,5	-4,497189257	0	6,975640225	6,975640225	7,875640225	0,141014149	0,141014149	-31,39038101	0	0,9	0,016114593	0,016114593	5,829689777	5,6	0,187241481	1,311516428	0,130480172	0,107519926	0,761999902	0,187241481	0,913936845	0,086063155	0	-1,31	-0,18	-1,31	-0,18	Sufficient Capacity	Sufficient Capacity	Sulfate Dominant electron acceptor	Iron Dominant electron acceptor
CW_94	CW_94	CW3MF06_3	CW3MF06_3_February_2025	CW3MF06_3_February_2025	94	S8414	515F806R	150	100	5,00	14245611-004	Wetland	CW_3	Section_2	MF06	CW3S2-3-4	CW_3_Section_2	CW_3_MF06	2025-02-17	19/02/2025	Winter	0.60-0.80	T3	T3_MF06	T3_0.60-0.80	3	CW3_MF06	no	69	27	1,3	0,51	7,4	-108	7,11	735	0,2	0,01	9,5	11	380	0,145948022	54	0,021098329	380	0,150324951	130	0,051426957	200	0,079118395	330		1144,00	0,32	2400	0,898806273	4700	1,760162284	110	0,040475721	150	0,056416575	72	0,026855974	50	0,018515401	3,4	0,001259047	0,86	0,00031466	0,83	0,000303684	5087,09	387,09	1,904303347	0,144141062	4900	1600	2.5	6400	0,2	0,003581021	0,003581021	0,9	0,016384489	0,032768979	69	0,718301062	5,746408495	13	15,85365854	1,082656673	1,082656673	1	1,428571429	0,083281283	0,083281283	7,556943577	7,556943577	7,756943577	0,138888873	0,138888873	0,581303352	0,581303352	0,781303352	0,013989317	0,013989317	5,746408495	1,681303352	0,046758296	1,254314525	0,026125009	0,110728905	0,863146086	0,130039578	0,251992348	0,107577379	0,640430273	-0,04	1,09	0,11	1,23	Insufficient Capacity	Insufficient Capacity	Sulfate Dominant electron acceptor	Sulfate Dominant electron acceptor
CW_95	CW_95	CW3MF09_3	CW3MF09_3_February_2025	CW3MF09_3_February_2025	95	S8415	515F806R	150	100	8,70	14245611-005	Wetland	CW_3	Section_3	MF09	CW3S3-1	CW_3_Section_3	CW_3_MF09	2025-02-17	19/02/2025	Winter	0.15-0.30	T3	T3_MF09	T3_0.15-0.30	3	CW3_MF09	no	63	24	1,9	5,86	7,6	-86	7,02	822	0,2	0,01	9,4	10	210	0,080655486	1,4	0,000546994	33	0,013054535	17	0,006725064	7,9	0,003125177	24,9		269,30	0,09	40	0,014980105	21	0,007864555	0,4	0,000147184	0,22	8,27443E-05	0,06	2,238E-05	0,01	3,70308E-06	0,001	3,70308E-07	0,001	3,65884E-07	0,002	7,31768E-07	21,694	0,694	0,008122035	0,00025748	60	30	2.5	120	21	0,376007162	0,376007162	4,6	0,083742946	0,167485891	0,5	0,00520508	0,041640641	81,5	99,3902439	6,787424526	6,787424526	69,5	99,28571429	5,788049136	5,788049136	47,37622319	47,37622319	68,37622319	1,224283316	1,224283316	40,40058297	40,40058297	61,40058297	1,09938376	1,09938376	0,041640641	66,00058297	1,266869651	8,179193733	0,020477066	0,149682641	0,829840293	7,054918787	0,0237403	0,155832235	0,820427465	-8,07	-6,95	-8,07	-6,95	Sufficient Capacity	Sufficient Capacity	Sulfate Dominant electron acceptor	Sulfate Dominant electron acceptor
CW_96	CW_96	CW3MF10_3	CW3MF10_3_February_2025	CW3MF10_3_February_2025	96	S8416	515F806R	150	100	3,25	14245611-006	Wetland	CW_3	Section_3	MF10	CW3S3-3-4	CW_3_Section_3	CW_3_MF10	2025-02-17	19/02/2025	Winter	0.60-0.80	T3	T3_MF10	T3_0.60-0.80	3	CW3_MF10	no	68	32	1,1	0,58	7,5	-98	6,92	690	0,2	0,01	11	12	560	0,215081296	2	0,00078142	390	0,15428087	130	0,051426957	150	0,059338796	280		1244,00	0,37	2600	0,973706796	2700	1,011157057	95	0,034956305	130	0,048894365	40	0,014919986	20	0,007406161	1,6	0,000592493	0,07	2,56119E-05	0,03	1,09765E-05	2986,7	286,7	1,117962954	0,106805897	5200	1500	2.5	6700	0,6	0,010743062	0,010743062	1,2	0,021845986	0,043691972	65	0,676660421	5,413283365	17	20,73170732	1,415781803	1,415781803	4	5,797101449	0,33312513	0,33312513	9,882156985	9,882156985	10,48215699	0,1876841	0,1876841	2,325213408	2,325213408	2,925213408	0,052376247	0,052376247	5,413283365	4,125213408	0,096068219	1,647157875	0,026525673	0,113944208	0,859530118	0,429193349	0,101800207	0,122034154	0,776165639	-0,30	0,91	-0,20	1,02	Sufficient Capacity	Insufficient Capacity	Sulfate Dominant electron acceptor	Sulfate Dominant electron acceptor
CW_97	CW_97	CWinf_4	CWinf_4_April_2025	CWinf_4_April_2025	97	S8697	515F806R	150	65	4,55	14280168-008	INF	CW_0	Section_0	INF	NA	CW_0_Section_0	CW_0_INF	2025-04-15	15/04/2025	Spring	INF	T4	T4_INF	T4_INF	4	INFLOW	no	71	NA	0,77	NA	NA	NA	NA	NA	NA	0,01	16	16	570	0,218922033	150	0,058606468	660	0,261090704	210	0,083074315	390	0,15428087	600		1980,00	0,54	4000	1,498010455	4800	1,797612546	160	0,058873776	210	0,078983205	120	0,044759957	120	0,044436963	22	0,008146777	12	0,004390606	14	0,005122373	5458	658	2,042326203	0,244713657	7600	3800	2.5	11000	0,6	0,010743062	0,010743062	0,8	0,014563991	0,029127981	87	0,905683948	7,24547158	0	0	0	0	0	0	0	0	0	0	0,6	0,010743062	0,010743062	0	0	0,6	0,010743062	0,010743062	7,24547158	1,4	0,039871043	0,039871043	0,730554783	0,269445217	0	0,039871043	0,730554783	0,269445217	0	2,00	2,00	2,24	2,24	Insufficient Capacity	Insufficient Capacity	Iron Dominant electron acceptor	Iron Dominant electron acceptor
CW_98	CW_98	CW1eff_4	CW1eff_4_April_2025	CW1eff_4_April_2025	98	S8698	515F806R	150	65	4,9	14280168-001	EFF	CW_1	Section_5	EFF	NA	CW_1_Section_5	CW_1_EFF	2025-04-15	15/04/2025	Spring	EFF	T4	T4_EFF	T4_EFF	4	CW1_OUT	no	73	NA	0,6	1,89	14,1	-91	6,88	866	0,3	0,01	9,7	9,8	190	0,072974011	0,5	0,000195355	160	0,063294716	36	0,014241311	31	0,012263351	67		420,50	0,14	960	0,359522509	730	0,273386908	4	0,001471844	44	0,016548862	2	0,000745999	1,9	0,000703585	0,27	9,99832E-05	0,04	1,46354E-05	0,03	1,09765E-05	782,24	52,24	0,292982794	0,019595886	1600	420	2.5	2000	5,5	0,098478066	0,098478066	1,7	0,03094848	0,06189696	16	0,166562565	1,332500521	71	81,6091954	5,91297106	5,91297106	45	73,7704918	3,747657714	3,747657714	41,272538	41,272538	46,772538	0,837467108	0,837467108	26,15865084	26,15865084	31,65865084	0,566851403	0,566851403	1,332500521	33,35865084	0,628748363	6,812335128	0,009086012	0,122933927	0,867980061	4,376406076	0,014143331	0,129524407	0,856332262	-6,32	-3,88	-6,30	-3,86	Sufficient Capacity	Sufficient Capacity	Sulfate Dominant electron acceptor	Sulfate Dominant electron acceptor
CW_99	CW_99	CW2eff_4	CW2eff_4_April_2025	CW2eff_4_April_2025	99	S8699	515F806R	150	65	6,9	14280780-001	EFF	CW_2	Section_5	EFF	NA	CW_2_Section_5	CW_2_EFF	2025-04-15	15/04/2025	Spring	EFF	T4	T4_EFF	T4_EFF	4	CW2_OUT	yes	68	NA	0,94	0,71	14,2	-42	7,29	689	0,3	0,01	12	11	580	0,22276277	0,5	0,000195355	450	0,178016389	130	0,051426957	110	0,043515117	240		1273,50	0,40	2800	1,048607318	2600	0,973706796	130	0,047834943	110	0,041372155	53	0,019768981	22	0,008146777	4	0,001481232	0,23	8,41533E-05	0,11	4,02472E-05	2919,34	319,34	1,092435284	0,118728488	4100	1600	2.5	5700	0,6	0,010743062	0,010743062	1,3	0,023666485	0,047332969	56	0,582968978	4,663751822	31	35,63218391	2,581719758	2,581719758	-17	-43,58974359	-1,415781803	0	18,02040391	18,02040391	18,62040391	0,333400249	0,333400249	-9,882156985	0	0,6	0,010743062	0,010743062	4,663751822	1,9	0,058076031	2,962452977	0,015977627	0,112541955	0,871480418	0,058076031	0,815017287	0,184982713	0	-1,51	1,39	-1,39	1,51	Sufficient Capacity	Insufficient Capacity	Sulfate Dominant electron acceptor	Iron Dominant electron acceptor
CW_100	CW_100	CW3eff_4	CW3eff_4_April_2025	CW3eff_4_April_2025	100	S8700	515F806R	150	65	49,15	14281821-001	EFF	CW_3	Section_5	EFF	NA	CW_3_Section_5	CW_3_EFF	2025-04-15	16/04/2025	Spring	EFF	T4	T4_EFF	T4_EFF	4	CW3_OUT	no	73	NA	0,75	0,29	14,2	-51	7,19	742	0,2	0,01	18	16	540	0,207399821	2	0,00078142	430	0,170104549	120	0,047471037	87	0,034416502	207		1191,00	0,38	3000	1,123507841	8300	3,108371694	30	0,011038833	150	0,056416575	39	0,014546986	15	0,00555462	1,9	0,000703585	0,025	9,1471E-06	0,05	1,82942E-05	8535,975	235,975	3,196659735	0,088288041	4400	1400	2.5	5900	1,2	0,021486124	0,021486124	1,2	0,021845986	0,043691972	44	0,458047054	3,664376431	43	49,42528736	3,581095149	3,581095149	13	22,80701754	1,082656673	1,082656673	24,99604414	24,99604414	26,19604414	0,469042867	0,469042867	7,556943577	7,556943577	8,756943577	0,156793976	0,156793976	3,664376431	9,956943577	0,200485948	4,093829988	0,010672639	0,114573118	0,874754242	1,283142621	0,034050752	0,122195283	0,843753964	-2,59	0,22	-2,50	0,31	Sufficient Capacity	Insufficient Capacity	Sulfate Dominant electron acceptor	Sulfate Dominant electron acceptor
CW_101	CW_101	CW1MF01_4	CW1MF01_4_April_2025	CW1MF01_4_April_2025	101	S8701	515F806R	150	65	4,95	14280168-002	Wetland	CW_1	Section_1	MF01	CW1S1-1	CW_1_Section_1	CW_1_MF01	2025-04-15	15/04/2025	Spring	0.15-0.30	T4	T4_MF01	T4_0.15-0.30	4	CW1_MF01	no	67	NA	0,99	3,7	13,8	-108	6,92	815	0,2	0,01	12	12	350	0,13442581	2	0,00078142	340	0,134501272	130	0,051426957	130	0,051426957	260		964,00	0,27	2600	0,973706796	3400	1,273308887	3,8	0,001398252	1,2	0,000451333	0,22	8,20599E-05	0,23	8,51708E-05	0,05	1,85154E-05	0,03	1,09765E-05	0,03	1,09765E-05	3405,56	5,56	1,275366171	0,002057284	4400	170	2.5	4600	5,6	0,100268577	0,100268577	1,5	0,027307482	0,054614965	47	0,489277535	3,914220279	40	45,97701149	3,331251301	3,331251301	40	45,97701149	3,331251301	3,331251301	23,25213408	23,25213408	28,85213408	0,516600431	0,516600431	23,25213408	23,25213408	28,85213408	0,516600431	0,516600431	3,914220279	30,35213408	0,571215396	3,902466697	0,013994985	0,132377922	0,853627093	3,902466697	0,013994985	0,132377922	0,853627093	-2,66	-2,66	-2,66	-2,66	Sufficient Capacity	Sufficient Capacity	Sulfate Dominant electron acceptor	Sulfate Dominant electron acceptor
CW_102	CW_102	CW1MF02_4	CW1MF02_4_April_2025	CW1MF02_4_April_2025	102	S8702	515F806R	150	65	6,85	14280168-003	Wetland	CW_1	Section_1	MF02	CW1S1-3-4	CW_1_Section_1	CW_1_MF02	2025-04-15	15/04/2025	Spring	0.60-0.80	T4	T4_MF02	T4_0.60-0.80	4	CW1_MF02	no	70	NA	0,77	0,44	14,2	-145	7,08	855	0,2	0,01	12	13	210	0,080655486	1	0,00039071	200	0,079118395	88	0,034812094	99	0,039163606	187		604,00	0,16	1400	0,524303659	3100	1,160958103	43	0,015822327	260	0,09778873	69	0,025736975	32	0,011849857	5,1	0,001888571	0,82	0,000300025	0,71	0,000259778	3510,63	410,63	1,314604365	0,153646262	5100	2100	2.5	7200	0,4	0,007162041	0,007162041	0,8	0,014563991	0,029127981	77	0,801582344	6,412658755	10	11,49425287	0,832812825	0,832812825	10	11,49425287	0,832812825	0,832812825	5,813033521	5,813033521	6,213033521	0,111245005	0,111245005	5,813033521	5,813033521	6,213033521	0,111245005	0,111245005	6,412658755	7,013033521	0,140372986	0,973185811	0,029930544	0,114310138	0,855759317	0,973185811	0,029930544	0,114310138	0,855759317	-0,29	-0,29	-0,14	-0,14	Sufficient Capacity	Sufficient Capacity	Sulfate Dominant electron acceptor	Sulfate Dominant electron acceptor
CW_103	CW_103	CW1MF05_4	CW1MF05_4_April_2025	CW1MF05_4_April_2025	103	S8703	515F806R	150	65	6,25	14280168-004	Wetland	CW_1	Section_2	MF05	CW1S2-1	CW_1_Section_2	CW_1_MF05	2025-04-15	15/04/2025	Spring	0.15-0.30	T4	T4_MF05	T4_0.15-0.30	4	CW1_MF05	no	67	NA	1,2	5,5	13,9	-108	7,18	435	0,2	0,01	11	12	380	0,145948022	1	0,00039071	300	0,118677593	110	0,043515117	85	0,033625318	195		882,00	0,27	2400	0,898806273	16	0,005992042	0,1	3,67961E-05	0,11	4,13722E-05	0,08	2,984E-05	0,04	1,48123E-05	0,01	3,70308E-06	0,01	3,65884E-06	0,002	7,31768E-07	16,352	0,352	0,006122956	0,000130914	3300	40	2.5	3400	8,2	0,146821844	0,146821844	2,5	0,04551247	0,091024941	15	0,156152405	1,249219238	72	82,75862069	5,996252342	5,996252342	32	68,08510638	2,665001041	2,665001041	41,85384135	41,85384135	50,05384135	0,896219183	0,896219183	18,60170727	18,60170727	26,80170727	0,479887328	0,479887328	1,249219238	29,30170727	0,570912269	6,983496466	0,013034293	0,128333878	0,858631829	3,23591331	0,028129598	0,148300428	0,823569974	-5,82	-2,07	-5,82	-2,07	Sufficient Capacity	Sufficient Capacity	Sulfate Dominant electron acceptor	Sulfate Dominant electron acceptor
CW_104	CW_104	CW1MF06_4	CW1MF06_4_April_2025	CW1MF06_4_April_2025	104	S8704	515F806R	150	65	5,5	14280168-005	Wetland	CW_1	Section_2	MF06	CW1S2-3-4	CW_1_Section_2	CW_1_MF06	2025-04-15	15/04/2025	Spring	0.60-0.80	T4	T4_MF06	T4_0.60-0.80	4	CW1_MF06	no	69	NA	0,85	0,56	14	-137	7,29	1080	0,2	0,01	11	12	290	0,111381385	1	0,00039071	280	0,110765753	75	0,029669398	60	0,023735519	135		712,00	0,22	1400	0,524303659	2800	1,048607318	63	0,023181549	210	0,078983205	53	0,019768981	13	0,004814004	1,4	0,000518431	0,06	2,1953E-05	0,04	1,46354E-05	3140,5	340,5	1,175910077	0,127302759	3800	1300	2.5	5100	0,5	0,008952551	0,008952551	0,9	0,016384489	0,032768979	58	0,603789298	4,830314387	29	33,33333333	2,415157193	2,415157193	19	24,67532468	1,582344368	1,582344368	16,85779721	16,85779721	17,35779721	0,310793146	0,310793146	11,04476369	11,04476369	11,54476369	0,206710182	0,206710182	4,830314387	12,44476369	0,239479161	2,758719318	0,01187833	0,112658488	0,875463182	1,821823529	0,017986912	0,11346334	0,868549748	-2,01	-1,07	-1,88	-0,95	Sufficient Capacity	Sufficient Capacity	Sulfate Dominant electron acceptor	Sulfate Dominant electron acceptor
CW_105	CW_105	CW1MF09_4	CW1MF09_4_April_2025	CW1MF09_4_April_2025	105	S8705	515F806R	150	65	6,9	14280168-006	Wetland	CW_1	Section_3	MF09	CW1S3-1	CW_1_Section_3	CW_1_MF09	2025-04-15	15/04/2025	Spring	0.15-0.30	T4	T4_MF09	T4_0.15-0.30	4	CW1_MF09	no	62	NA	1,1	4,63	13,8	-101	7,01	749	0,2	0,01	11	11	270	0,10369991	0,5	0,000195355	290	0,114721673	110	0,043515117	100	0,039559198	210		773,50	0,22	1300	0,486853398	980	0,367012561	0,31	0,000114068	0,79	0,000297127	0,29	0,00010817	0,18	6,66554E-05	0,03	1,11092E-05	0,01	3,65884E-06	0,002	7,31768E-07	981,612	1,612	0,367614082	0,00060152	2000	25	2.5	2000	8,7	0,155774396	0,155774396	1,2	0,021845986	0,043691972	23	0,239433687	1,915469498	64	73,56321839	5,330002082	5,330002082	-8	-53,33333333	-0,66625026	0	37,20341453	37,20341453	45,90341453	0,821905363	0,821905363	-4,650426817	0	8,7	0,155774396	0,155774396	1,915469498	9,9	0,199466367	6,195599417	0,007052098	0,132659539	0,860288363	0,199466367	0,219044304	0,780955696	0	-5,49	0,51	-5,49	0,51	Sufficient Capacity	Insufficient Capacity	Sulfate Dominant electron acceptor	Manganese Dominant electron acceptor
CW_106	CW_106	CW1MF10_4	CW1MF10_4_April_2025	CW1MF10_4_April_2025	106	S8706	515F806R	150	65	4	14280168-007	Wetland	CW_1	Section_3	MF10	CW1S3-3-4	CW_1_Section_3	CW_1_MF10	2025-04-15	15/04/2025	Spring	0.60-0.80	T4	T4_MF10	T4_0.60-0.80	4	CW1_MF10	no	69	NA	0,57	0,22	14,1	-148	7,08	802	0,2	0,01	11	12	260	0,099859173	1	0,00039071	230	0,090986154	70	0,027691438	62	0,024526702	132		629,00	0,19	1800	0,674104705	2400	0,898806273	89	0,032748538	120	0,04513326	30	0,011189989	0,72	0,000266622	0,52	0,00019256	0,03	1,09765E-05	0,002	7,31768E-07	2640,272	240,272	0,98834895	0,089542677	4200	1300	2.5	5500	0,8	0,014324082	0,014324082	1,1	0,020025487	0,040050974	61	0,635019779	5,080158234	26	29,88505747	2,165313346	2,165313346	-3	-5,172413793	-0,249843848	0	15,11388715	15,11388715	15,91388715	0,284939788	0,284939788	-1,743910056	0	0,8	0,014324082	0,014324082	5,080158234	1,9	0,054375056	2,490304108	0,016082764	0,114419675	0,86949756	0,054375056	0,736568873	0,263431127	0	-1,62	0,81	-1,54	0,90	Sufficient Capacity	Insufficient Capacity	Sulfate Dominant electron acceptor	Iron Dominant electron acceptor
CW_107	CW_107	CW2MF01_4	CW2MF01_4_April_2025	CW2MF01_4_April_2025	107	S8707	515F806R	150	65	5,2	14280780-002	Wetland	CW_2	Section_1	MF01	CW2S1-1	CW_2_Section_1	CW_2_MF01	2025-04-15	15/04/2025	Spring	0.15-0.30	T4	T4_MF01	T4_0.15-0.30	4	CW2_MF01	yes	67	NA	0,89	4,44	14,1	-65	7,18	708	0,2	0,01	11	11	390	0,149788759	2	0,00078142	240	0,094942074	62	0,024526702	68	0,026900254	130		774,00	0,25	2800	1,048607318	600	0,224701568	4	0,001471844	5	0,001880552	0,07	2,611E-05	0,05	1,85154E-05	0,01	3,70308E-06	0,001	3,65884E-07	0,002	7,31768E-07	609,133	9,133	0,228103391	0,003401823	5300	570	2.5	5900	3,3	0,05908684	0,05908684	1,2	0,021845986	0,043691972	54	0,562148657	4,497189257	33	37,93103448	2,748282324	2,748282324	33	37,93103448	2,748282324	2,748282324	19,18301062	19,18301062	22,48301062	0,40256062	0,40256062	19,18301062	19,18301062	22,48301062	0,40256062	0,40256062	4,497189257	23,68301062	0,446252591	3,194534915	0,013677099	0,126015408	0,860307493	3,194534915	0,013677099	0,126015408	0,860307493	-1,90	-1,90	-1,90	-1,90	Sufficient Capacity	Sufficient Capacity	Sulfate Dominant electron acceptor	Sulfate Dominant electron acceptor
CW_108	CW_108	CW2MF02_4	CW2MF02_4_April_2025	CW2MF02_4_April_2025	108	S8708	515F806R	150	65	5,75	14280780-003	Wetland	CW_2	Section_1	MF02	CW2S1-3-4	CW_2_Section_1	CW_2_MF02	2025-04-15	15/04/2025	Spring	0.60-0.80	T4	T4_MF02	T4_0.60-0.80	4	CW2_MF02	yes	66	NA	0,71	0,41	14,2	-85	7,33	890	0,2	0,01	10	11	220	0,084496223	13	0,005079227	190	0,075162475	69	0,027295846	96	0,03797683	165		588,00	0,16	1400	0,524303659	3800	1,423109932	130	0,047834943	140	0,05265547	65	0,024244977	35	0,012960781	5,3	0,001962633	1,2	0,000439061	1	0,000365884	4177,5	377,5	1,56357368	0,140463747	5600	2100	2.5	7700	0,3	0,005371531	0,005371531	0,7	0,012743492	0,025486983	76	0,791172184	6,329377472	11	12,64367816	0,916094108	0,916094108	11	12,64367816	0,916094108	0,916094108	6,394336873	6,394336873	6,694336873	0,119862791	0,119862791	6,394336873	6,394336873	6,694336873	0,119862791	0,119862791	6,329377472	7,394336873	0,145349774	1,061443882	0,024011616	0,112924284	0,863064099	1,061443882	0,024011616	0,112924284	0,863064099	-0,37	-0,37	-0,23	-0,23	Sufficient Capacity	Sufficient Capacity	Sulfate Dominant electron acceptor	Sulfate Dominant electron acceptor
CW_109	CW_109	CW2MF05_4	CW2MF05_4_April_2025	CW2MF05_4_April_2025	109	S8709	515F806R	150	65	19,85	14280780-004	Wetland	CW_2	Section_2	MF05	CW2S2-1	CW_2_Section_2	CW_2_MF05	2025-04-15	15/04/2025	Spring	0.15-0.30	T4	T4_MF05	T4_0.15-0.30	4	CW2_MF05	yes	63	NA	1,6	5,88	14,2	-29	7,08	436	0,1	0,01	18	18	61	0,023428498	0,83	0,000324289	12	0,004747104	5,4	0,002136197	3,4	0,001345013	8,8		82,63	0,03	15	0,005617539	5,6	0,002097215	0,01	3,67961E-06	0,01	3,7611E-06	0,005	1,865E-06	0,001	3,70308E-07	0,001	3,70308E-07	0,001	3,65884E-07	0,002	7,31768E-07	5,63	0,03	0,002108359	1,1144E-05	2,5	2,5	2.5	50	10	0,17905103	0,17905103	8,6	0,156562898	0,313125796	6,2	0,064542994	0,516343952	80,8	92,87356322	6,729127629	6,729127629	47,8	88,51851852	3,980845305	3,980845305	46,96931085	46,96931085	56,96931085	1,020041376	1,020041376	27,78630023	27,78630023	37,78630023	0,676567596	0,676567596	0,516343952	46,38630023	0,989693392	8,062294801	0,038838297	0,12651998	0,834641724	4,970538697	0,06299635	0,136115547	0,800888102	-8,03	-4,94	-8,03	-4,94	Sufficient Capacity	Sufficient Capacity	Sulfate Dominant electron acceptor	Sulfate Dominant electron acceptor
CW_110	CW_110	CW2MF06_4	CW2MF06_4_April_2025	CW2MF06_4_April_2025	110	S8710	515F806R	150	65	6,5	14280780-005	Wetland	CW_2	Section_2	MF06	CW2S2-3-4	CW_2_Section_2	CW_2_MF06	2025-04-15	15/04/2025	Spring	0.60-0.80	T4	T4_MF06	T4_0.60-0.80	4	CW2_MF06	yes	66	NA	0,87	0,42	14,2	-55	7,11	780	0,2	0,01	11	11	350	0,13442581	4,3	0,001680052	250	0,098897994	100	0,039559198	81	0,03204295	181		785,30	0,24	1500	0,561753921	2000	0,749005227	74	0,027229121	60	0,02256663	23	0,008578992	5,9	0,002184817	1,2	0,00044437	0,13	4,75649E-05	0,1	3,65884E-05	2164,33	164,33	0,810093311	0,061088083	2900	790	2.5	3700	5,7	0,102059087	0,102059087	2,6	0,047332969	0,094665938	42	0,437226733	3,497813866	45	51,72413793	3,747657714	3,747657714	34	44,73684211	2,831563606	2,831563606	26,15865084	26,15865084	31,85865084	0,570432423	0,570432423	19,76431397	19,76431397	25,46431397	0,455941163	0,455941163	3,497813866	28,06431397	0,550607102	4,412756076	0,021452792	0,129268968	0,84927824	3,382170708	0,027989699	0,134807259	0,837203042	-3,62	-2,59	-3,55	-2,52	Sufficient Capacity	Sufficient Capacity	Sulfate Dominant electron acceptor	Sulfate Dominant electron acceptor
CW_111	CW_111	CW2MF09_4	CW2MF09_4_April_2025	CW2MF09_4_April_2025	111	S8711	515F806R	150	65	7,8	14280780-006	Wetland	CW_2	Section_3	MF09	CW2S3-1	CW_2_Section_3	CW_2_MF09	2025-04-15	15/04/2025	Spring	0.15-0.30	T4	T4_MF09	T4_0.15-0.30	4	CW2_MF09	yes	67	NA	1,5	6,52	14,1	-25	6,99	743	0,1	0,01	11	12	470	0,180514659	0,5	0,000195355	320	0,126589432	82	0,032438542	90	0,035603278	172		965,50	0,31	820	0,307092143	930	0,348287431	0,15	5,51942E-05	0,23	8,65054E-05	0,11	4,103E-05	0,07	2,59216E-05	0,01	3,70308E-06	0,01	3,65884E-06	0,002	7,31768E-07	930,582	0,582	0,348504176	0,000216745	1400	2,5	2.5	1400	11	0,196956132	0,196956132	3,5	0,063717459	0,127434917	0,5	0,00520508	0,041640641	86,5	99,42528736	7,203830939	7,203830939	5,7	91,93548387	0,47470331	0,47470331	50,28273995	50,28273995	61,28273995	1,097273768	1,097273768	3,313429107	3,313429107	14,31342911	0,256283422	0,256283422	0,041640641	17,81342911	0,383718339	8,428539624	0,015119454	0,130185515	0,854695031	0,858421649	0,14845259	0,298551909	0,552995501	-7,81	-0,24	-7,81	-0,24	Sufficient Capacity	Sufficient Capacity	Sulfate Dominant electron acceptor	Sulfate Dominant electron acceptor
CW_112	CW_112	CW2MF10_4	CW2MF10_4_April_2025	CW2MF10_4_April_2025	112	S8712	515F806R	150	65	4,4	14280780-007	Wetland	CW_2	Section_3	MF10	CW2S3-3-4	CW_2_Section_3	CW_2_MF10	2025-04-15	15/04/2025	Spring	0.60-0.80	T4	T4_MF10	T4_0.60-0.80	4	CW2_MF10	yes	65	NA	0,52	1,36	14,2	-27	7,02	721	0,2	0,01	9,9	10	290	0,111381385	1	0,00039071	230	0,090986154	50	0,019779599	50	0,019779599	100		627,00	0,20	1300	0,486853398	2300	0,861356012	130	0,047834943	86	0,032345503	34	0,012681988	2,2	0,000814678	1,8	0,000666554	0,14	5,12237E-05	0,07	2,56119E-05	2554,21	254,21	0,955776513	0,094420501	3500	1000	2.5	4500	1,4	0,025067144	0,025067144	1,5	0,027307482	0,054614965	39	0,405996252	3,247970019	48	55,17241379	3,997501562	3,997501562	3	7,142857143	0,249843848	0,249843848	27,9025609	27,9025609	29,3025609	0,52466537	0,52466537	1,743910056	1,743910056	3,143910056	0,056292033	0,056292033	3,247970019	4,643910056	0,110906998	4,576781896	0,011933049	0,114636306	0,873430645	0,360750845	0,151392478	0,156041307	0,692566215	-3,89	0,33	-3,79	0,42	Sufficient Capacity	Insufficient Capacity	Sulfate Dominant electron acceptor	Sulfate Dominant electron acceptor
CW_113	CW_113	CW3MF01_4	CW3MF01_4_April_2025	CW3MF01_4_April_2025	113	S8713	515F806R	150	65	14,1	14281821-002	Wetland	CW_3	Section_1	MF01	CW3S1-1	CW_3_Section_1	CW_3_MF01	2025-04-15	16/04/2025	Spring	0.15-0.30	T4	T4_MF01	T4_0.15-0.30	4	CW3_MF01	no	68	NA	1,9	1,06	14	-52	6,91	682	0,2	0,01	13	14	490	0,188196134	4,2	0,001640981	410	0,16219271	210	0,083074315	130	0,051426957	340		1244,20	0,35	460	0,172271202	670	0,250916751	4	0,001471844	4	0,001504442	2	0,000745999	0,4	0,000148123	0,4	0,000148123	0,4	0,000146354	0,8	0,000292707	682	12	0,255374344	0,004457593	690	2,5	2.5	710	14	0,250671441	0,250671441	4,3	0,078281449	0,156562898	0,5	0,00520508	0,041640641	86,5	99,42528736	7,203830939	7,203830939	86,5	99,42528736	7,203830939	7,203830939	50,28273995	50,28273995	64,28273995	1,150989077	1,150989077	50,28273995	50,28273995	64,28273995	1,150989077	1,150989077	0,041640641	68,58273995	1,307551975	8,511382914	0,018394531	0,135229385	0,846376084	8,511382914	0,018394531	0,135229385	0,846376084	-7,99	-7,99	-7,98	-7,98	Sufficient Capacity	Sufficient Capacity	Sulfate Dominant electron acceptor	Sulfate Dominant electron acceptor
CW_114	CW_114	CW3MF02_4	CW3MF02_4_April_2025	CW3MF02_4_April_2025	114	S8714	515F806R	150	65	6,2	14281821-003	Wetland	CW_3	Section_1	MF02	CW3S1-3-4	CW_3_Section_1	CW_3_MF02	2025-04-15	16/04/2025	Spring	0.60-0.80	T4	T4_MF02	T4_0.60-0.80	4	CW3_MF02	no	70	NA	0,74	0,6	13,8	-88	7,01	744	0,2	0,01	12	14	560	0,215081296	5	0,001953549	520	0,205707827	170	0,067250636	180	0,071206556	350		1465,00	0,42	4800	1,797612546	4300	1,610361239	4	0,001471844	290	0,109072045	66	0,024617976	36	0,013331089	0,4	0,000148123	0,4	0,000146354	0,8	0,000292707	4697,6	397,6	1,759441377	0,149080138	6000	2000	2.5	8000	0,3	0,005371531	0,005371531	0,9	0,016384489	0,032768979	67	0,697480741	5,57984593	20	22,98850575	1,665625651	1,665625651	20	22,98850575	1,665625651	1,665625651	11,62606704	11,62606704	11,92606704	0,213537458	0,213537458	11,62606704	11,62606704	11,92606704	0,213537458	0,213537458	5,57984593	12,82606704	0,246306437	1,911932088	0,017139196	0,111686738	0,871174066	1,911932088	0,017139196	0,111686738	0,871174066	0,31	0,31	0,46	0,46	Insufficient Capacity	Insufficient Capacity	Sulfate Dominant electron acceptor	Sulfate Dominant electron acceptor
CW_115	CW_115	CW3MF05_4	CW3MF05_4_April_2025	CW3MF05_4_April_2025	115	S8715	515F806R	150	65	16,2	14281821-004	Wetland	CW_3	Section_2	MF05	CW3S2-1	CW_3_Section_2	CW_3_MF05	2025-04-15	16/04/2025	Spring	0.15-0.30	T4	T4_MF05	T4_0.15-0.30	4	CW3_MF05	no	65	NA	0,015	2,11	14,1	-3,8	6,81	694	0,2	0,01	1,4	1,6	0,89	0,000341826	0,02	7,8142E-06	1,8	0,000712066	0,72	0,000284826	0,52	0,000205708	1,24		4,07	0,00	9,6	0,003595225	1100	0,411952875	4	0,001471844	4	0,001504442	2	0,000745999	0,4	0,000148123	0,001	3,70308E-07	0,001	3,65884E-07	0,002	7,31768E-07	1110,404	10,404	0,415824752	0,003871877	2,5	2,5	2.5	5	0,9	0,016114593	0,016114593	6,6	0,120152922	0,240305844	68	0,707890902	5,663127212	19	21,83908046	1,582344368	1,582344368	-67,5	-13500	-5,621486571	0	11,04476369	11,04476369	11,94476369	0,213872224	0,213872224	-39,23797626	0	0,9	0,016114593	0,016114593	5,663127212	7,5	0,256420436	2,036522436	0,117998132	0,105018349	0,776983519	0,256420436	0,937155584	0,062844416	0	-2,03	-0,25	-2,03	-0,25	Sufficient Capacity	Sufficient Capacity	Sulfate Dominant electron acceptor	Iron Dominant electron acceptor
CW_116	CW_116	CW3MF06_4	CW3MF06_4_April_2025	CW3MF06_4_April_2025	116	S8716	515F806R	150	65	8,75	14281821-005	Wetland	CW_3	Section_2	MF06	CW3S2-3-4	CW_3_Section_2	CW_3_MF06	2025-04-15	16/04/2025	Spring	0.60-0.80	T4	T4_MF06	T4_0.60-0.80	4	CW3_MF06	no	70	NA	0,98	0,45	14,1	-61	7,18	722	NA	0,01	10	12	470	0,180514659	25	0,009767745	410	0,16219271	140	0,055382877	140	0,055382877	280		1185,00	0,35	2700	1,011157057	8100	3,033471171	150	0,055194165	550	0,206860774	180	0,067139935	120	0,044436963	16	0,005924928	5,6	0,002048949	0,8	0,000292707	9122,4	1022,4	3,415369594	0,381898423	4000	1500	2.5	5500	0,3	0,005371531	0,005371531	0,8	0,014563991	0,029127981	70	0,728711222	5,829689777	17	19,54022989	1,415781803	1,415781803	-3	-4,47761194	-0,249843848	0	9,882156985	9,882156985	10,18215699	0,182312569	0,182312569	-1,743910056	0	0,3	0,005371531	0,005371531	5,829689777	1,1	0,034499512	1,627222353	0,017900431	0,112039125	0,870060444	0,034499512	0,84430125	0,15569875	0	-0,26	1,33	0,12	1,71	Insufficient Capacity	Insufficient Capacity	Sulfate Dominant electron acceptor	Iron Dominant electron acceptor
CW_117	CW_117	CW3MF09_4	CW3MF09_4_April_2025	CW3MF09_4_April_2025	117	S8717	515F806R	150	65	12,3	14281821-006	Wetland	CW_3	Section_3	MF09	CW3S3-1	CW_3_Section_3	CW_3_MF09	2025-04-15	16/04/2025	Spring	0.15-0.30	T4	T4_MF09	T4_0.15-0.30	4	CW3_MF09	no	66	NA	1,8	2,32	14	-30	6,91	705	0,1	0,01	13	14	340	0,130585072	1,7	0,000664207	80	0,031647358	31	0,012263351	12	0,004747104	43		464,70	0,16	7,8	0,00292112	5,3	0,001984864	0,01	3,67961E-06	0,01	3,7611E-06	0,005	1,865E-06	0,01	3,70308E-06	0,001	3,70308E-07	0,001	3,65884E-07	0,002	7,31768E-07	5,339	0,039	0,001999341	1,44768E-05	2,5	2,5	2.5	5	20	0,358102059	0,358102059	4,2	0,07646095	0,152921901	0,5	0,00520508	0,041640641	86,5	99,42528736	7,203830939	7,203830939	67,5	99,26470588	5,621486571	5,621486571	50,28273995	50,28273995	70,28273995	1,258419695	1,258419695	39,23797626	39,23797626	59,23797626	1,060662064	1,060662064	0,041640641	63,43797626	1,213583964	8,615172534	0,0177503	0,146070167	0,836179532	6,835070535	0,022373127	0,155179388	0,822447485	-8,45	-6,67	-8,45	-6,67	Sufficient Capacity	Sufficient Capacity	Sulfate Dominant electron acceptor	Sulfate Dominant electron acceptor
CW_118	CW_118	CW3MF10_4	CW3MF10_4_April_2025	CW3MF10_4_April_2025	118	S8718	515F806R	150	65	5,5	14281821-007	Wetland	CW_3	Section_3	MF10	CW3S3-3-4	CW_3_Section_3	CW_3_MF10	2025-04-15	16/04/2025	Spring	0.60-0.80	T4	T4_MF10	T4_0.60-0.80	4	CW3_MF10	no	69	NA	0,73	0,43	14	-47	7,09	772	0,2	0,01	12	12	680	0,261170145	1	0,00039071	530	0,209663747	130	0,051426957	93	0,036790054	223		1440,00	0,47	2800	1,048607318	3500	1,310759148	4	0,001471844	280	0,10531094	60	0,022379978	27	0,009998317	0,4	0,000148123	0,4	0,000146354	0,8	0,000292707	3872,6	372,6	1,450507411	0,139748263	4100	1400	2.5	5500	0,4	0,007162041	0,007162041	1,1	0,020025487	0,040050974	57	0,593379138	4,747033104	30	34,48275862	2,498438476	2,498438476	13	18,57142857	1,082656673	1,082656673	17,43910056	17,43910056	17,83910056	0,319410932	0,319410932	7,556943577	7,556943577	7,956943577	0,142469894	0,142469894	4,747033104	9,056943577	0,182520868	2,857900382	0,014014125	0,111764194	0,874221681	1,265177541	0,031656406	0,112608618	0,855734976	-1,34	0,25	-1,20	0,39	Sufficient Capacity	Insufficient Capacity	Sulfate Dominant electron acceptor	Sulfate Dominant electron acceptor
CW_119	CW_119	CWinf_5	CWinf_5_June_2025	CWinf_5_June_2025	119	S9050	515F806R	150	65	5	14316878-001	INF	CW_0	Section_0	INF	NA	CW_0_Section_0	CW_0_INF	2025-06-16	17/06/2025	Summer	INF	T5	T5_INF	T5_INF	5	INFLOW	no	68	NA	0,78	NA	NA	NA	NA	NA	NA	0,01	18	88	650	0,249647932	180	0,070327762	800	0,31647358	270	0,106809833	450	0,178016389	720		2350,00	0,64	5700	2,134664898	7600	2,846219864	1500	0,551941652	1700	0,639387848	1800	0,67139935	4000	1,481232116	1200	0,444369635	1300	0,475648949	1700	0,622002472	20800	13200	7,732201886	4,885982022	9100	5600	2.5	15000	20	0,358102059	0,358102059	1,7	0,03094848	0,06189696	79	0,822402665	6,57922132	0	0	0	0	0	0	0	0	0	0	20	0,358102059	0,358102059	0	0	20	0,358102059	0,358102059	6,57922132	21,7	0,419999019	0,419999019	0,147374058	0,852625942	0	0,419999019	0,147374058	0,852625942	0	2,35	2,35	7,24	7,24	Insufficient Capacity	Insufficient Capacity	Manganese Dominant electron acceptor	Manganese Dominant electron acceptor
CW_120	CW_120	CW1eff_5	CW1eff_5_June_2025	CW1eff_5_June_2025	120	S9051	515F806R	150	65	5,65	14317805-001	EFF	CW_1	Section_5	EFF	NA	CW_1_Section_5	CW_1_EFF	2025-06-16	18/06/2025	Summer	EFF	T5	T5_EFF	T5_EFF	5	CW1_OUT	no	46	NA	0,28	3,8	22,8	-78	7,09	705	1	0,01	11	11	45	0,017283318	0,1	3,9071E-05	38	0,015032495	5,8	0,002294433	3,1	0,001226335	8,9		92,60	0,03	180	0,06741047	0,002	7,49005E-07	0,01	3,67961E-06	0,01	3,7611E-06	0,005	1,865E-06	0,001	3,70308E-07	0,001	3,70308E-07	0,001	3,65884E-07	0,002	7,31768E-07	0,032	0,03	1,1893E-05	1,1144E-05	270	80	2.5	350	3,1	0,055505819	0,055505819	1,2	0,021845986	0,043691972	12	0,124921924	0,99937539	67	84,81012658	5,57984593	5,57984593	36	75	2,998126171	2,998126171	38,94732459	38,94732459	42,04732459	0,752861676	0,752861676	20,92692067	20,92692067	24,02692067	0,430204488	0,430204488	0,99937539	25,22692067	0,47389646	6,376399577	0,006852138	0,118070028	0,875077834	3,472022631	0,012584011	0,123906015	0,863509974	-6,28	-3,37	-6,28	-3,37	Sufficient Capacity	Sufficient Capacity	Sulfate Dominant electron acceptor	Sulfate Dominant electron acceptor
CW_121	CW_121	CW2eff_5	CW2eff_5_June_2025	CW2eff_5_June_2025	121	S9052	515F806R	150	65	6	14317805-002	EFF	CW_2	Section_5	EFF	NA	CW_2_Section_5	CW_2_EFF	2025-06-16	18/06/2025	Summer	EFF	T5	T5_EFF	T5_EFF	5	CW2_OUT	yes	44	NA	0,16	69	21,5	-89	7,11	625	2	0,01	8,9	9,2	29	0,011138139	0,37	0,000144563	34	0,013450127	7	0,002769144	7,8	0,003085617	14,8		78,17	0,02	95	0,035577748	0,002	7,49005E-07	0,01	3,67961E-06	0,01	3,7611E-06	0,005	1,865E-06	0,001	3,70308E-07	0,001	3,70308E-07	0,001	3,65884E-07	0,002	7,31768E-07	0,032	0,03	1,1893E-05	1,1144E-05	290	210	2.5	500	0,9	0,016114593	0,016114593	1,1	0,020025487	0,040050974	21	0,218613367	1,748906933	58	73,41772152	4,830314387	4,830314387	11	34,375	0,916094108	0,916094108	33,71559442	33,71559442	34,61559442	0,619795782	0,619795782	6,394336873	6,394336873	7,294336873	0,130605853	0,130605853	1,748906933	8,394336873	0,170656827	5,490161143	0,007295045	0,112892093	0,879812862	1,086750935	0,036853867	0,120180115	0,842966018	-5,43	-1,03	-5,43	-1,03	Sufficient Capacity	Sufficient Capacity	Sulfate Dominant electron acceptor	Sulfate Dominant electron acceptor
CW_122	CW_122	CW3eff_5	CW3eff_5_June_2025	CW3eff_5_June_2025	122	S9053	515F806R	150	65	4,5	14318701-001	EFF	CW_3	Section_5	EFF	NA	CW_3_Section_5	CW_3_EFF	2025-06-16	19/06/2025	Summer	EFF	T5	T5_EFF	T5_EFF	5	CW3_OUT	no	68	NA	0,66	0,42	21,7	-63	7,12	809	0,2	0,01	10	11	700	0,26885162	8	0,003125678	640	0,253178864	120	0,047471037	91	0,03599887	211		1559,00	0,53	1800	0,674104705	3100	1,160958103	4	0,001471844	510	0,191816354	100	0,037299964	66	0,02444033	3,7	0,00137014	0,24	8,78121E-05	0,13	4,75649E-05	3784,07	684,07	1,417492112	0,256534009	3000	1400	2.5	4400	1,1	0,019695613	0,019695613	1,1	0,020025487	0,040050974	36	0,374765771	2,998126171	43	54,43037975	3,581095149	3,581095149	6	14,28571429	0,499687695	0,499687695	24,99604414	24,99604414	26,09604414	0,467252357	0,467252357	3,487820112	3,487820112	4,587820112	0,082145391	0,082145391	2,998126171	5,687820112	0,122196365	4,08839848	0,00979625	0,114287382	0,875916368	0,621884061	0,064402638	0,132091167	0,803506195	-2,89	0,58	-2,63	0,83	Sufficient Capacity	Insufficient Capacity	Sulfate Dominant electron acceptor	Sulfate Dominant electron acceptor
CW_123	CW_123	CW1MF01_5	CW1MF01_5_June_2025	CW1MF01_5_June_2025	123	S9054	515F806R	150	65	10,95	14316880-001	Wetland	CW_1	Section_1	MF01	CW1S1-1	CW_1_Section_1	CW_1_MF01	2025-06-16	17/06/2025	Summer	0.15-0.30	T5	T5_MF01	T5_0.15-0.30	5	CW1_MF01	no	70	NA	0,49	3,5	22,1	-77	7,08	809	0,2	0,01	12	12	500	0,192036871	1	0,00039071	310	0,122633512	75	0,029669398	50	0,019779599	125		942,00	0,32	2300	0,861356012	2200	0,82390575	2	0,000735922	2	0,000752221	0,18	6,71399E-05	0,16	5,92493E-05	0,03	1,11092E-05	0,02	7,31768E-06	0,002	7,31768E-07	2204,392	4,392	0,825539441	0,001633691	3100	230	2.5	3400	5	0,089525515	0,089525515	1,8	0,032768979	0,065537957	21	0,218613367	1,748906933	58	73,41772152	4,830314387	4,830314387	58	73,41772152	4,830314387	4,830314387	33,71559442	33,71559442	38,71559442	0,693206704	0,693206704	33,71559442	33,71559442	38,71559442	0,693206704	0,693206704	1,748906933	40,51559442	0,758744661	5,589059048	0,011726116	0,124029232	0,864244651	5,589059048	0,011726116	0,124029232	0,864244651	-4,41	-4,41	-4,41	-4,41	Sufficient Capacity	Sufficient Capacity	Sulfate Dominant electron acceptor	Sulfate Dominant electron acceptor
CW_124	CW_124	CW1MF02_5	CW1MF02_5_June_2025	CW1MF02_5_June_2025	124	S9055	515F806R	150	65	4,3	14316880-002	Wetland	CW_1	Section_1	MF02	CW1S1-3-4	CW_1_Section_1	CW_1_MF02	2025-06-16	17/06/2025	Summer	0.60-0.80	T5	T5_MF02	T5_0.60-0.80	5	CW1_MF02	no	72	NA	0,81	0,26	20,9	-11	7,2	1041	0,2	0,01	12	12	630	0,241966458	43	0,016800521	610	0,241311105	210	0,083074315	140	0,055382877	350		1633,00	0,50	3400	1,273308887	3600	1,348209409	4	0,001471844	300	0,11283315	74	0,027601973	45	0,016663861	6,3	0,002332941	1	0,000365884	0,89	0,000325637	4031,19	431,19	1,509804699	0,16159529	5100	1800	2.5	7000	0,02	0,000358102	0,000358102	0,8	0,014563991	0,029127981	60	0,624609619	4,996876952	19	24,05063291	1,582344368	1,582344368	19	24,05063291	1,582344368	1,582344368	11,04476369	11,04476369	11,06476369	0,198115733	0,198115733	11,04476369	11,04476369	11,06476369	0,198115733	0,198115733	4,996876952	11,86476369	0,227243714	1,809588082	0,01609647	0,109481122	0,874422408	1,809588082	0,01609647	0,109481122	0,874422408	-0,04	-0,04	0,13	0,13	Insufficient Capacity	Insufficient Capacity	Sulfate Dominant electron acceptor	Sulfate Dominant electron acceptor
CW_125	CW_125	CW1MF05_5	CW1MF05_5_June_2025	CW1MF05_5_June_2025	125	S9056	515F806R	150	65	7,2	14316880-003	Wetland	CW_1	Section_2	MF05	CW1S2-1	CW_1_Section_2	CW_1_MF05	2025-06-16	17/06/2025	Summer	0.15-0.30	T5	T5_MF05	T5_0.15-0.30	5	CW1_MF05	no	68	NA	1,2	2,9	21,8	-58	6,88	955	0,2	0,01	13	12	490	0,188196134	1	0,00039071	250	0,098897994	72	0,028482622	54	0,021361967	126		873,00	0,29	2000	0,749005227	2100	0,786455489	0,74	0,000272291	0,18	6,76999E-05	0,09	3,357E-05	0,08	2,96246E-05	0,01	3,70308E-06	0,01	3,65884E-06	0,002	7,31768E-07	2101,112	1,112	0,786866768	0,000411279	2900	70	2.5	3000	12	0,214861235	0,214861235	3	0,054614965	0,109229929	0,5	0,00520508	0,041640641	78,5	99,36708861	6,537580679	6,537580679	20,5	97,61904762	1,707266292	1,707266292	45,63231314	45,63231314	57,63231314	1,0319125	1,0319125	11,91671872	11,91671872	23,91671872	0,428231311	0,428231311	0,041640641	26,91671872	0,53746124	7,678723108	0,014225012	0,13438595	0,851389038	2,244727532	0,048660663	0,190772067	0,76056727	-6,64	-1,21	-6,64	-1,21	Sufficient Capacity	Sufficient Capacity	Sulfate Dominant electron acceptor	Sulfate Dominant electron acceptor
CW_126	CW_126	CW1MF06_5	CW1MF06_5_June_2025	CW1MF06_5_June_2025	126	S9057	515F806R	150	65	3,8	14316880-004	Wetland	CW_1	Section_2	MF06	CW1S2-3-4	CW_1_Section_2	CW_1_MF06	2025-06-16	17/06/2025	Summer	0.60-0.80	T5	T5_MF06	T5_0.60-0.80	5	CW1_MF06	no	69	NA	0,96	0,91	21,7	-5,9	7,15	994	0,2	0,01	11	12	640	0,245807195	1	0,00039071	550	0,217575586	120	0,047471037	63	0,024922294	183		1380,00	0,46	1900	0,711554966	1900	0,711554966	2	0,000735922	200	0,0752221	41	0,015292985	15	0,00555462	1,5	0,000555462	0,05	1,82942E-05	0,02	7,31768E-06	2159,57	259,57	0,808941668	0,097386701	3200	1100	2.5	4300	0,8	0,014324082	0,014324082	1,1	0,020025487	0,040050974	36	0,374765771	2,998126171	43	54,43037975	3,581095149	3,581095149	24	40	1,998750781	1,998750781	24,99604414	24,99604414	25,79604414	0,461880826	0,461880826	13,95128045	13,95128045	14,75128045	0,264123195	0,264123195	2,998126171	15,85128045	0,304174169	4,083026949	0,009809138	0,11312216	0,877068703	2,30292495	0,01739135	0,114690318	0,867918332	-2,91	-1,13	-2,81	-1,03	Sufficient Capacity	Sufficient Capacity	Sulfate Dominant electron acceptor	Sulfate Dominant electron acceptor
CW_127	CW_127	CW1MF09_5	CW1MF09_5_June_2025	CW1MF09_5_June_2025	127	S9058	515F806R	150	65	5,8	14316880-005	Wetland	CW_1	Section_3	MF09	CW1S3-1	CW_1_Section_3	CW_1_MF09	2025-06-16	17/06/2025	Summer	0.15-0.30	T5	T5_MF09	T5_0.15-0.30	5	CW1_MF09	no	69	NA	0,7	2,09	21,6	-1,7	6,98	1032	0,2	0,01	12	12	420	0,161310972	0,5	0,000195355	200	0,079118395	60	0,023735519	46	0,018197231	106		729,50	0,24	1200	0,449403136	1600	0,599204182	0,42	0,000154544	0,17	6,39388E-05	0,07	2,611E-05	0,05	1,85154E-05	0,01	3,70308E-06	0,01	3,65884E-06	0,002	7,31768E-07	1600,732	0,732	0,599475383	0,000271202	1800	2,5	2.5	1800	13	0,232766338	0,232766338	4,1	0,074640451	0,149280903	0,5	0,00520508	0,041640641	78,5	99,36708861	6,537580679	6,537580679	0	0	0	0	45,63231314	45,63231314	58,63231314	1,049817603	1,049817603	0	0	13	0,232766338	0,232766338	0,041640641	17,1	0,382047241	7,736679185	0,019295217	0,135693568	0,845011215	0,382047241	0,390739382	0,609260618	0	-7,05	0,31	-7,05	0,31	Sufficient Capacity	Insufficient Capacity	Sulfate Dominant electron acceptor	Manganese Dominant electron acceptor
CW_128	CW_128	CW1MF10_5	CW1MF10_5_June_2025	CW1MF10_5_June_2025	128	S9059	515F806R	150	65	7,3	14316880-006	Wetland	CW_1	Section_3	MF10	CW1S3-3-4	CW_1_Section_3	CW_1_MF10	2025-06-16	17/06/2025	Summer	0.60-0.80	T5	T5_MF10	T5_0.60-0.80	5	CW1_MF10	no	71	NA	0,66	0,23	21,8	-51	7,08	890	0,2	0,01	11	12	630	0,241966458	2	0,00078142	560	0,221531506	160	0,063294716	85	0,033625318	245		1449,00	0,46	2700	1,011157057	2900	1,08605758	4	0,001471844	280	0,10531094	63	0,023498977	34	0,012590473	4,9	0,001814509	0,7	0,000256119	0,62	0,000226848	3287,22	387,22	1,23122729	0,14516971	4400	1600	2.5	6000	0,02	0,000358102	0,000358102	0,9	0,016384489	0,032768979	48	0,499687695	3,997501562	31	39,24050633	2,581719758	2,581719758	-12	-33,33333333	-0,99937539	0	18,02040391	18,02040391	18,04040391	0,323015289	0,323015289	-6,975640225	0	0,02	0,000358102	0,000358102	3,997501562	0,92	0,033127081	2,937504027	0,011155382	0,109962501	0,878882117	0,033127081	0,989190051	0,010809949	0	-1,46	1,44	-1,32	1,59	Sufficient Capacity	Insufficient Capacity	Sulfate Dominant electron acceptor	Iron Dominant electron acceptor
CW_129	CW_129	CW2MF01_5	CW2MF01_5_June_2025	CW2MF01_5_June_2025	129	S9060	515F806R	150	65	6,9	14317805-003	Wetland	CW_2	Section_1	MF01	CW2S1-1	CW_2_Section_1	CW_2_MF01	2025-06-16	18/06/2025	Summer	0.15-0.30	T5	T5_MF01	T5_0.15-0.30	5	CW2_MF01	yes	41	NA	1,3	1,89	22,8	-69	7,28	522	0,2	0,01	6,4	7	1	0,000384074	0,5	0,000195355	46	0,018197231	12	0,004747104	12	0,004747104	24		80,50	0,02	2100	0,786455489	3400	1,273308887	360	0,132465996	210	0,078983205	1,2	0,0004476	0,08	2,96246E-05	0,01	3,70308E-06	0,01	3,65884E-06	0,002	7,31768E-07	3971,302	571,302	1,485243406	0,211934519	3300	930	2.5	4200	0,9	0,016114593	0,016114593	0,05	0,000910249	0,001820499	41	0,426816573	3,414532584	38	48,10126582	3,164688736	3,164688736	38	48,10126582	3,164688736	3,164688736	22,08952738	22,08952738	22,98952738	0,411629855	0,411629855	22,08952738	22,08952738	22,98952738	0,411629855	0,411629855	3,414532584	23,03952738	0,413450353	3,57813909	0,000508784	0,115040205	0,884451011	3,57813909	0,000508784	0,115040205	0,884451011	-2,77	-2,77	-2,56	-2,56	Sufficient Capacity	Sufficient Capacity	Sulfate Dominant electron acceptor	Sulfate Dominant electron acceptor
CW_130	CW_130	CW2MF02_5	CW2MF02_5_June_2025	CW2MF02_5_June_2025	130	S9061	515F806R	150	65	10,6	14317805-004	Wetland	CW_2	Section_1	MF02	CW2S1-3-4	CW_2_Section_1	CW_2_MF02	2025-06-16	18/06/2025	Summer	0.60-0.80	T5	T5_MF02	T5_0.60-0.80	5	CW2_MF02	yes	43	NA	0,34	0,98	23,8	-59	7,14	811	0,2	0,01	3,9	4,7	3,7	0,001421073	0,41	0,000160191	10	0,00395592	5,8	0,002294433	5,2	0,002057078	11		25,11	0,01	39	0,014605602	0,02	7,49005E-06	0,01	3,67961E-06	0,01	3,7611E-06	0,005	1,865E-06	0,001	3,70308E-07	0,001	3,70308E-07	0,01	3,65884E-06	0,002	7,31768E-07	0,059	0,039	2,1927E-05	1,44369E-05	95	160	2.5	250	0,3	0,005371531	0,005371531	0,05	0,000910249	0,001820499	41	0,426816573	3,414532584	38	48,10126582	3,164688736	3,164688736	38	48,10126582	3,164688736	3,164688736	22,08952738	22,08952738	22,38952738	0,400886793	0,400886793	22,08952738	22,08952738	22,38952738	0,400886793	0,400886793	3,414532584	22,43952738	0,402707292	3,567396028	0,000510316	0,112375186	0,887114498	3,567396028	0,000510316	0,112375186	0,887114498	-3,55	-3,55	-3,55	-3,55	Sufficient Capacity	Sufficient Capacity	Sulfate Dominant electron acceptor	Sulfate Dominant electron acceptor
CW_131	CW_131	CW2MF05_5	CW2MF05_5_June_2025	CW2MF05_5_June_2025	131	S9062	515F806R	150	65	18,85	14317805-005	Wetland	CW_2	Section_2	MF05	CW2S2-1	CW_2_Section_2	CW_2_MF05	2025-06-16	18/06/2025	Summer	0.15-0.30	T5	T5_MF05	T5_0.15-0.30	5	CW2_MF05	yes	45	NA	1,6	3,88	23,8	-78	7,15	625	0,1	0,01	15	16	3,2	0,001229036	0,02	7,8142E-06	1,1	0,000435151	2	0,000791184	1,3	0,00051427	3,3		7,74	0,00	6,6	0,002471717	0,08	2,99602E-05	0,01	3,67961E-06	0,53	0,000199339	0,1	3,73E-05	0,001	3,70308E-07	0,001	3,70308E-07	0,001	3,65884E-07	0,002	7,31768E-07	0,725	0,645	0,000272117	0,000242156	2,5	2,5	2.5	5	12	0,214861235	0,214861235	5,2	0,094665938	0,189331877	31	0,32271497	2,581719758	48	60,75949367	3,997501562	3,997501562	10	24,3902439	0,832812825	0,832812825	27,9025609	27,9025609	39,9025609	0,714459461	0,714459461	5,813033521	5,813033521	17,81303352	0,318944199	0,318944199	2,581719758	23,01303352	0,508276076	4,9012929	0,038628966	0,145769591	0,815601443	1,341088901	0,141177723	0,2378248	0,620997478	-4,90	-1,34	-4,90	-1,34	Sufficient Capacity	Sufficient Capacity	Sulfate Dominant electron acceptor	Sulfate Dominant electron acceptor
CW_132	CW_132	CW2MF06_5	CW2MF06_5_June_2025	CW2MF06_5_June_2025	132	S9063	515F806R	150	65	2,4	14317805-006	Wetland	CW_2	Section_2	MF06	CW2S2-3-4	CW_2_Section_2	CW_2_MF06	2025-06-16	18/06/2025	Summer	0.60-0.80	T5	T5_MF06	T5_0.60-0.80	5	CW2_MF06	yes	45	NA	0,53	0,98	22	-66	7,13	659	0,2	0,01	6,1	7,2	83	0,031878121	0,5	0,000195355	100	0,039559198	26	0,010285391	19	0,007516248	45		231,50	0,07	680	0,254661777	1900	0,711554966	230	0,084631053	270	0,101549835	100	0,037299964	31	0,011479549	1,2	0,00044437	0,13	4,75649E-05	0,1	3,65884E-05	2532,43	632,43	0,94704389	0,235488924	1200	640	2.5	1800	0,6	0,010743062	0,010743062	0,8	0,014563991	0,029127981	33	0,34353529	2,748282324	46	58,2278481	3,830938996	3,830938996	8	19,51219512	0,66625026	0,66625026	26,7399542	26,7399542	27,3399542	0,489524695	0,489524695	4,650426817	4,650426817	5,250426817	0,094009433	0,094009433	2,748282324	6,050426817	0,123137414	4,349591672	0,006696716	0,112544977	0,880758307	0,789387674	0,036899463	0,119091589	0,844008948	-4,02	-0,46	-3,79	-0,23	Sufficient Capacity	Sufficient Capacity	Sulfate Dominant electron acceptor	Sulfate Dominant electron acceptor
CW_133	CW_133	CW2MF09_5	CW2MF09_5_June_2025	CW2MF09_5_June_2025	133	S9064	515F806R	150	65	7,4	14317805-007	Wetland	CW_2	Section_3	MF09	CW2S3-1	CW_2_Section_3	CW_2_MF09	2025-06-16	18/06/2025	Summer	0.15-0.30	T5	T5_MF09	T5_0.15-0.30	5	CW2_MF09	yes	61	NA	0,7	4,15	21,9	-37	7,12	1041	0,1	0,01	11	11	310	0,11906286	0,5	0,000195355	180	0,071206556	56	0,022153151	56	0,022153151	112		605,50	0,19	860	0,322072248	2700	1,011157057	0,14	5,15146E-05	0,28	0,000105311	0,08	2,984E-05	0,04	1,48123E-05	0,001	3,70308E-07	0,001	3,65884E-07	0,002	7,31768E-07	2700,544	0,544	1,011360003	0,000202946	1300	2,5	2.5	1400	15	0,268576544	0,268576544	4,2	0,07646095	0,152921901	0,5	0,00520508	0,041640641	78,5	99,36708861	6,537580679	6,537580679	30,5	98,38709677	2,540079117	2,540079117	45,63231314	45,63231314	60,63231314	1,085627809	1,085627809	17,72975224	17,72975224	32,72975224	0,586029583	0,586029583	0,041640641	36,92975224	0,738951484	7,776130388	0,019665553	0,139610289	0,840724159	3,279030601	0,046636314	0,178720376	0,77464331	-7,26	-2,77	-7,26	-2,77	Sufficient Capacity	Sufficient Capacity	Sulfate Dominant electron acceptor	Sulfate Dominant electron acceptor
CW_134	CW_134	CW2MF10_5	CW2MF10_5_June_2025	CW2MF10_5_June_2025	134	S9065	515F806R	150	65	3,35	14317805-008	Wetland	CW_2	Section_3	MF10	CW2S3-3-4	CW_2_Section_3	CW_2_MF10	2025-06-16	18/06/2025	Summer	0.60-0.80	T5	T5_MF10	T5_0.60-0.80	5	CW2_MF10	yes	46	NA	0,41	0,79	21,7	-52	7,05	606	NA	0,01	6,2	7,2	170	0,065292536	0,5	0,000195355	170	0,067250636	28	0,011076575	30	0,011867759	58		401,50	0,13	1000	0,374502614	2400	0,898806273	390	0,143504829	320	0,12035536	130	0,048489953	37	0,013701397	1,4	0,000518431	0,1	3,65884E-05	0,05	1,82942E-05	3278,55	878,55	1,225431126	0,326624853	1800	880	2.5	2700	1	0,017905103	0,017905103	1,1	0,020025487	0,040050974	32	0,33312513	2,665001041	47	59,49367089	3,914220279	3,914220279	1	3,03030303	0,083281283	0,083281283	27,32125755	27,32125755	28,32125755	0,507095032	0,507095032	0,581303352	0,581303352	1,581303352	0,028313399	0,028313399	2,665001041	2,681303352	0,068364373	4,461366285	0,008977289	0,113663618	0,877359093	0,151645656	0,264108944	0,186707619	0,549183437	-3,95	0,36	-3,63	0,68	Sufficient Capacity	Insufficient Capacity	Sulfate Dominant electron acceptor	Sulfate Dominant electron acceptor
CW_135	CW_135	CW3MF01_5	CW3MF01_5_June_2025	CW3MF01_5_June_2025	135	S9066	515F806R	150	65	4,5	14318701-002	Wetland	CW_3	Section_1	MF01	CW3S1-1	CW_3_Section_1	CW_3_MF01	2025-06-16	19/06/2025	Summer	0.15-0.30	T5	T5_MF01	T5_0.15-0.30	5	CW3_MF01	no	67	NA	1,4	2,89	21,1	-88	7,08	744	1	0,01	12	12	400	0,153629497	0,5	0,000195355	200	0,079118395	100	0,039559198	62	0,024526702	162		765,50	0,23	540	0,202231411	500	0,187251307	0,11	4,04757E-05	0,01	3,7611E-06	0,005	1,865E-06	0,001	3,70308E-07	0,001	3,70308E-07	0,001	3,65884E-07	0,002	7,31768E-07	500,13	0,13	0,187299247	4,79401E-05	980	2,5	2.5	1000	17	0,30438675	0,30438675	4,5	0,081922447	0,163844894	6,6	0,068707058	0,549656465	72,4	91,64556962	6,029564855	6,029564855	72,4	91,64556962	6,029564855	6,029564855	42,08636269	42,08636269	59,08636269	1,057947407	1,057947407	42,08636269	42,08636269	59,08636269	1,057947407	1,057947407	0,549656465	63,58636269	1,221792301	7,251357156	0,022595066	0,145896469	0,831508465	7,251357156	0,022595066	0,145896469	0,831508465	-6,82	-6,82	-6,82	-6,82	Sufficient Capacity	Sufficient Capacity	Sulfate Dominant electron acceptor	Sulfate Dominant electron acceptor
CW_136	CW_136	CW3MF02_5	CW3MF02_5_June_2025	CW3MF02_5_June_2025	136	S9067	515F806R	150	65	3,1	14318701-003	Wetland	CW_3	Section_1	MF02	CW3S1-3-4	CW_3_Section_1	CW_3_MF02	2025-06-16	19/06/2025	Summer	0.60-0.80	T5	T5_MF02	T5_0.60-0.80	5	CW3_MF02	no	72	NA	0,74	0,61	21,8	-56	7,09	812	2	0,01	9,7	10	640	0,245807195	25	0,009767745	440	0,174060469	150	0,059338796	83	0,032834134	233		1338,00	0,43	1800	0,674104705	4100	1,535460716	4	0,001471844	340	0,12787757	64	0,023871977	40	0,014812321	2,1	0,000777647	0,38	0,000139036	0,37	0,000135377	4550,85	450,85	1,704546488	0,169085772	2900	870	2.5	3800	0,02	0,000358102	0,000358102	0,9	0,016384489	0,032768979	42	0,437226733	3,497813866	37	46,83544304	3,081407454	3,081407454	37	46,83544304	3,081407454	3,081407454	21,50822403	21,50822403	21,52822403	0,385465068	0,385465068	21,50822403	21,50822403	21,52822403	0,385465068	0,385465068	3,497813866	22,42822403	0,418234046	3,4996415	0,009363524	0,110144158	0,880492317	3,4996415	0,009363524	0,110144158	0,880492317	-2,40	-2,40	-2,23	-2,23	Sufficient Capacity	Sufficient Capacity	Sulfate Dominant electron acceptor	Sulfate Dominant electron acceptor
CW_137	CW_137	CW3MF05_5	CW3MF05_5_June_2025	CW3MF05_5_June_2025	137	S9068	515F806R	150	65	7,9	14318701-004	Wetland	CW_3	Section_2	MF05	CW3S2-1	CW_3_Section_2	CW_3_MF05	2025-06-16	19/06/2025	Summer	0.15-0.30	T5	T5_MF05	T5_0.15-0.30	5	CW3_MF05	no	67	NA	0,015	3,77	21,9	-2,8	708	1090	0,1	0,01	0,7	1,6	0,02	7,68147E-06	0,02	7,8142E-06	0,3	0,000118678	0,01	3,95592E-06	0,02	7,91184E-06	0,21		0,79	0,00	5,8	0,002172115	0,8	0,000299602	0,01	3,67961E-06	0,2	7,52221E-05	0,005	1,865E-06	0,01	3,70308E-06	0,001	3,70308E-07	0,001	3,65884E-07	0,002	7,31768E-07	1,029	0,229	0,00038554	8,59377E-05	2,5	2,5	2.5	5	1,5	0,026857654	0,026857654	7,9	0,143819407	0,287638813	71	0,739121382	5,91297106	8	10,12658228	0,66625026	0,66625026	-64,4	-975,7575758	-5,363314595	0	4,650426817	4,650426817	6,150426817	0,110124025	0,110124025	-37,43593587	0	1,5	0,026857654	0,026857654	5,91297106	9,4	0,314496467	1,064013099	0,270333902	0,10349875	0,626167348	0,314496467	0,914601093	0,085398907	0	-1,06	-0,31	-1,06	-0,31	Sufficient Capacity	Sufficient Capacity	Sulfate Dominant electron acceptor	Iron Dominant electron acceptor
CW_138	CW_138	CW3MF06_5	CW3MF06_5_June_2025	CW3MF06_5_June_2025	138	S9069	515F806R	150	65	2	14318701-005	Wetland	CW_3	Section_2	MF06	CW3S2-3-4	CW_3_Section_2	CW_3_MF06	2025-06-16	19/06/2025	Summer	0.60-0.80	T5	T5_MF06	T5_0.60-0.80	5	CW3_MF06	no	75	NA	0,73	0,18	21,9	-25	7,16	1036	0,2	0,01	8,1	8,4	580	0,22276277	33	0,012893423	500	0,197795988	170	0,067250636	110	0,043515117	280		1393,00	0,43	1800	0,674104705	3300	1,235858625	40	0,014718444	360	0,13539978	83	0,03095897	63	0,023329406	4,1	0,001518263	0,95	0,00034759	0,99	0,000362225	3852,04	552,04	1,442493302	0,206634677	2900	1100	2.5	4100	0,02	0,000358102	0,000358102	0,8	0,014563991	0,029127981	43	0,447636894	3,581095149	36	45,56962025	2,998126171	2,998126171	-1	-2,380952381	-0,083281283	0	20,92692067	20,92692067	20,94692067	0,375056771	0,375056771	-0,581303352	0	0,02	0,000358102	0,000358102	3,581095149	0,82	0,029486083	3,402310923	0,008561234	0,11023589	0,881202876	0,029486083	0,987855218	0,012144782	0	-2,29	1,08	-2,09	1,28	Sufficient Capacity	Insufficient Capacity	Sulfate Dominant electron acceptor	Iron Dominant electron acceptor
CW_139	CW_139	CW3MF09_5	CW3MF09_5_June_2025	CW3MF09_5_June_2025	139	S9070	515F806R	150	65	11,4	14318701-006	Wetland	CW_3	Section_3	MF09	CW3S3-1	CW_3_Section_3	CW_3_MF09	2025-06-16	19/06/2025	Summer	0.15-0.30	T5	T5_MF09	T5_0.15-0.30	5	CW3_MF09	no	61	NA	1,7	5,21	20,8	-44	6,92	1025	0,1	0,01	17	18	180	0,069133274	0,1	3,9071E-05	42	0,016614863	26	0,010285391	13	0,005142696	39		261,70	0,09	28	0,010486073	32	0,011984084	0,33	0,000121427	0,7	0,000263277	0,16	5,96799E-05	0,06	2,22185E-05	0,001	3,70308E-07	0,001	3,65884E-07	0,002	7,31768E-07	33,254	1,254	0,012452155	0,000468071	55	2,5	2.5	65	18	0,322291853	0,322291853	5,3	0,096486437	0,192972875	0,5	0,00520508	0,041640641	78,5	99,36708861	6,537580679	6,537580679	70,5	99,29577465	5,871330418	5,871330418	45,63231314	45,63231314	63,63231314	1,139343118	1,139343118	40,98188632	40,98188632	58,98188632	1,056076747	1,056076747	0,041640641	64,28188632	1,249049622	7,869896671	0,024520382	0,14477231	0,830707308	7,12038004	0,027101485	0,148317469	0,824581046	-7,77	-7,02	-7,77	-7,02	Sufficient Capacity	Sufficient Capacity	Sulfate Dominant electron acceptor	Sulfate Dominant electron acceptor
CW_140	CW_140	CW3MF10_5	CW3MF10_5_June_2025	CW3MF10_5_June_2025	140	S9071	515F806R	150	65	3,6	14318701-007	Wetland	CW_3	Section_3	MF10	CW3S3-3-4	CW_3_Section_3	CW_3_MF10	2025-06-16	19/06/2025	Summer	0.60-0.80	T5	T5_MF10	T5_0.60-0.80	5	CW3_MF10	no	68	NA	0,62	0,59	22	-51	7,11	988	0,2	0,01	9,6	9,8	610	0,234284983	9,1	0,003555459	480	0,189884148	98	0,038768014	59	0,023339927	157		1256,10	0,43	1200	0,449403136	2800	1,048607318	3,2	0,001177476	490	0,184294144	92	0,034315967	2,3	0,000851708	2,5	0,00092577	0,17	6,22002E-05	0,09	3,29295E-05	3390,26	590,26	1,270267513	0,221660195	2200	1100	2.5	3300	0,2	0,003581021	0,003581021	1	0,018204988	0,036409976	42	0,437226733	3,497813866	37	46,83544304	3,081407454	3,081407454	1	2,325581395	0,083281283	0,083281283	21,50822403	21,50822403	21,70822403	0,388687986	0,388687986	0,581303352	0,581303352	0,781303352	0,013989317	0,013989317	3,497813866	1,781303352	0,050399293	3,506505416	0,010383551	0,110847679	0,878768771	0,133680576	0,272365496	0,104647342	0,622987162	-2,63	0,74	-2,41	0,97	Sufficient Capacity	Insufficient Capacity	Sulfate Dominant electron acceptor	Sulfate Dominant electron acceptor
CW_141	CW_141	CWinf_6	CWinf_6_August_2025	CWinf_6_August_2025	141	S9270	515F806R	150	65	6,4	14349443-001	INF	CW_0	Section_0	INF	NA	CW_0_Section_0	CW_0_INF	2025-08-13	13/08/2025	Summer	INF	T6	T6_INF	T6_INF	6	INFLOW	no	66	28	0,43	NA	NA	NA	NA	NA	NA	0,01	10	98	110	0,042248112	4,2	0,001640981	70	0,027691438	25	0,009889799	30	0,011867759	55		239,20	0,07	410	0,153546072	150	0,056175392	87	0,032012616	130	0,048894365	85	0,031704969	150	0,055546204	100	0,037030803	110	0,040247219	160	0,058541409	972	822	0,360152977	0,303977585	1000	2400	2.5	3500	4,2	0,075201432	0,075201432	1,4	0,025486983	0,050973967	140	1,457422444	11,65937955	0	0	0	0	0	0	0	0	0	0	4,2	0,075201432	0,075201432	0	0	4,2	0,075201432	0,075201432	11,65937955	5,6	0,126175399	0,126175399	0,403992911	0,596007089	0	0,126175399	0,403992911	0,596007089	0	0,10	0,10	0,40	0,40	Insufficient Capacity	Insufficient Capacity	Manganese Dominant electron acceptor	Manganese Dominant electron acceptor
CW_142	CW_142	CW1eff_6	CW1eff_6_August_2025	CW1eff_6_August_2025	142	S9271	515F806R	150	65	8,4	14349444-001	EFF	CW_1	Section_5	EFF	NA	CW_1_Section_5	CW_1_EFF	2025-08-13	13/08/2025	Summer	EFF	T6	T6_EFF	T6_EFF	6	CW1_OUT	no	53	7,8	0,015	3,51	22,9	-144	7,19	620	0,2	0,01	8,2	8,1	9,3	0,003571886	0,56	0,000218797	11	0,004351512	1,5	0,000593388	0,45	0,000178016	1,95		22,81	0,01	37	0,013856597	0,002	7,49005E-07	0,01	3,67961E-06	0,01	3,7611E-06	0,005	1,865E-06	0,001	3,70308E-07	0,001	3,70308E-07	0,001	3,65884E-07	0,002	7,31768E-07	0,032	0,03	1,1893E-05	1,1144E-05	25	60	2.5	85	2,3	0,041181737	0,041181737	0,6	0,010922993	0,021845986	28	0,291484489	2,331875911	112	80	9,327503644	9,327503644	56	66,66666667	4,663751822	4,663751822	65,10597543	65,10597543	67,40597543	1,20691093	1,20691093	32,55298772	32,55298772	34,85298772	0,624046333	0,624046333	2,331875911	35,45298772	0,645892319	10,55626056	0,002069481	0,114331294	0,883599224	5,309644141	0,004114397	0,117530726	0,878354876	-10,53	-5,29	-10,53	-5,29	Sufficient Capacity	Sufficient Capacity	Sulfate Dominant electron acceptor	Sulfate Dominant electron acceptor
CW_143	CW_143	CW2eff_6	CW2eff_6_August_2025	CW2eff_6_August_2025	143	S9272	515F806R	150	65	15,65	14350115-001	EFF	CW_2	Section_5	EFF	NA	CW_2_Section_5	CW_2_EFF	2025-08-13	14/08/2025	Summer	EFF	T6	T6_EFF	T6_EFF	6	CW2_OUT	yes	47	8,6	0,015	1,16	22,4	-190	7,08	620	0,2	0,01	7,5	7,7	46	0,017667392	1,3	0,000507923	44	0,017406047	4,9	0,001938401	3,2	0,001265894	8,1		99,40	0,04	73	0,027338691	3,4	0,001273309	13	0,004783494	38	0,014292199	12	0,004475996	5,3	0,001962633	0,86	0,000318465	0,09	3,29295E-05	0,06	2,1953E-05	72,71	69,31	0,027160978	0,025887669	170	200	2.5	370	1,5	0,026857654	0,026857654	0,8	0,014563991	0,029127981	29	0,301894649	2,415157193	111	79,28571429	9,244222361	9,244222361	-19,1	-192,9292929	-1,590672496	0	64,52467208	64,52467208	66,02467208	1,182178551	1,182178551	-11,10289402	0	1,5	0,026857654	0,026857654	2,415157193	2,3	0,055985635	10,45552889	0,002785893	0,113067312	0,884146795	0,055985635	0,520275974	0,479724026	0	-10,39	0,01	-10,37	0,03	Sufficient Capacity	Insufficient Capacity	Sulfate Dominant electron acceptor	Iron Dominant electron acceptor
CW_144	CW_144	CW3eff_6	CW3eff_6_August_2025	CW3eff_6_August_2025	144	S9273	515F806R	150	65	7,45	14350727-003	EFF	CW_3	Section_5	EFF	NA	CW_3_Section_5	CW_3_EFF	2025-08-13	15/08/2025	Summer	EFF	T6	T6_EFF	T6_EFF	6	CW3_OUT	no	67	18	0,86	0,59	22,7	-190	7,41	918	0,2	0,01	9,4	10	75	0,028805531	2,4	0,000937703	120	0,047471037	13	0,005142696	5	0,00197796	18		215,40	0,08	160	0,059920418	180	0,06741047	2,2	0,000809514	330	0,124116465	64	0,023871977	33	0,012220165	2,3	0,000851708	0,31	0,000113424	0,22	8,04944E-05	612,03	432,03	0,229474218	0,162063748	460	760	2.5	1200	2,7	0,048343778	0,048343778	1,9	0,034589478	0,069178955	76	0,791172184	6,329377472	64	45,71428571	5,330002082	5,330002082	-75,5	-15100	-6,287736831	0	37,20341453	37,20341453	39,90341453	0,714474745	0,714474745	-43,88840308	0	2,7	0,048343778	0,048343778	6,329377472	4,6	0,117522733	6,113655783	0,011315481	0,116865386	0,871819133	0,117522733	0,588643178	0,411356822	0	-5,98	0,02	-5,81	0,18	Sufficient Capacity	Insufficient Capacity	Sulfate Dominant electron acceptor	Iron Dominant electron acceptor
CW_145	CW_145	CW1MF01_6	CW1MF01_6_August_2025	CW1MF01_6_August_2025	145	S9274	515F806R	150	65	6,55	14349444-002	Wetland	CW_1	Section_1	MF01	CW1S1-1	CW_1_Section_1	CW_1_MF01	2025-08-13	13/08/2025	Summer	0.15-0.30	T6	T6_MF01	T6_0.15-0.30	6	CW1_MF01	no	68	26	0,76	3,6	20,9	-69	7,11	900	0,1	0,01	13	13	41	0,015747023	0,1	3,9071E-05	280	0,110765753	42	0,016614863	15	0,00593388	57		378,70	0,13	1200	0,449403136	0,34	0,000127331	1,9	0,000699126	57	0,021438298	0,2	7,45999E-05	0,04	1,48123E-05	0,02	7,40616E-06	0,02	7,31768E-06	0,002	7,31768E-07	59,522	59,182	0,022369623	0,022242292	2900	400	2.5	3300	2,4	0,042972247	0,042972247	0,9	0,016384489	0,032768979	37	0,385175932	3,081407454	103	73,57142857	8,577972101	8,577972101	103	73,57142857	8,577972101	8,577972101	59,87424526	59,87424526	62,27424526	1,115026773	1,115026773	59,87424526	59,87424526	62,27424526	1,115026773	1,115026773	3,081407454	63,17424526	1,147795752	9,725767852	0,003369295	0,114646657	0,881984048	9,725767852	0,003369295	0,114646657	0,881984048	-9,15	-9,15	-9,13	-9,13	Sufficient Capacity	Sufficient Capacity	Sulfate Dominant electron acceptor	Sulfate Dominant electron acceptor
CW_146	CW_146	CW1MF02_6	CW1MF02_6_August_2025	CW1MF02_6_August_2025	146	S9275	515F806R	150	65	8	14349444-003	Wetland	CW_1	Section_1	MF02	CW1S1-3-4	CW_1_Section_1	CW_1_MF02	2025-08-13	13/08/2025	Summer	0.60-0.80	T6	T6_MF02	T6_0.60-0.80	6	CW1_MF02	no	66	27	0,74	0,6	20,2	-14	7,09	1010	0,2	0,01	9,4	10	96	0,036871079	4,4	0,001719123	110	0,043515117	28	0,011076575	15	0,00593388	43		253,40	0,08	170	0,063665444	64	0,023968167	4,3	0,001582233	340	0,12787757	61	0,022752978	27	0,009998317	3,1	0,001147955	1	0,000365884	1	0,000365884	501,4	437,4	0,188058987	0,16409082	650	1300	2.5	2000	0,4	0,007162041	0,007162041	1,2	0,021845986	0,043691972	130	1,353320841	10,82656673	10	7,142857143	0,832812825	0,832812825	10	7,142857143	0,832812825	0,832812825	5,813033521	5,813033521	6,213033521	0,111245005	0,111245005	5,813033521	5,813033521	6,213033521	0,111245005	0,111245005	10,82656673	7,413033521	0,154936976	0,987749802	0,044233845	0,112624679	0,843141476	0,987749802	0,044233845	0,112624679	0,843141476	-0,84	-0,84	-0,68	-0,68	Sufficient Capacity	Sufficient Capacity	Sulfate Dominant electron acceptor	Sulfate Dominant electron acceptor
CW_147	CW_147	CW1MF05_6	CW1MF05_6_August_2025	CW1MF05_6_August_2025	147	S9276	515F806R	150	65	7	14349444-004	Wetland	CW_1	Section_2	MF05	CW1S2-1	CW_1_Section_2	CW_1_MF05	2025-08-13	13/08/2025	Summer	0.15-0.30	T6	T6_MF05	T6_0.15-0.30	6	CW1_MF05	no	69	27	0,96	5,21	20,8	-75	7,31	910	0,2	0,01	13	14	310	0,11906286	1	0,00039071	320	0,126589432	51	0,020175191	26	0,010285391	77		714,00	0,25	1600	0,599204182	0,17	6,36654E-05	0,78	0,00028701	0,67	0,000251994	0,07	2,611E-05	0,05	1,85154E-05	0,001	3,70308E-07	0,001	3,65884E-07	0,002	7,31768E-07	1,744	1,574	0,000648762	0,000585097	2700	110	2.5	2800	5,9	0,105640107	0,105640107	1,8	0,032768979	0,065537957	8,6	0,089527379	0,71621903	131,4	93,85714286	10,94316052	10,94316052	28,4	76,75675676	2,365188424	2,365188424	76,38326046	76,38326046	82,28326046	1,47329025	1,47329025	16,5090152	16,5090152	22,4090152	0,401235724	0,401235724	0,71621903	24,2090152	0,466773682	12,48198873	0,005250602	0,118033294	0,876716103	2,831962106	0,023142244	0,141681177	0,835176579	-11,64	-1,99	-11,64	-1,99	Sufficient Capacity	Sufficient Capacity	Sulfate Dominant electron acceptor	Sulfate Dominant electron acceptor
CW_148	CW_148	CW1MF06_6	CW1MF06_6_August_2025	CW1MF06_6_August_2025	148	S9277	515F806R	150	65	3,9	14349444-005	Wetland	CW_1	Section_2	MF06	CW1S2-3-4	CW_1_Section_2	CW_1_MF06	2025-08-13	13/08/2025	Summer	0.60-0.80	T6	T6_MF06	T6_0.60-0.80	6	CW1_MF06	no	66	24	0,82	0,55	21,5	-306	7,31	944	0,2	0,01	10	11	180	0,069133274	3	0,001172129	290	0,114721673	31	0,012263351	7,7	0,003046058	38,7		511,70	0,19	220	0,082390575	400	0,149801045	3,7	0,001361456	470	0,176771934	88	0,032823968	38	0,014071705	1,9	0,000703585	0,08	2,92707E-05	0,05	1,82942E-05	1001,73	601,73	0,375581259	0,225780214	800	1000	30	1900	0,4	0,007162041	0,007162041	1	0,018204988	0,036409976	78	0,811992505	6,495940037	62	44,28571429	5,163439517	5,163439517	52	40	4,330626692	4,330626692	36,04080783	36,04080783	36,44080783	0,652476416	0,652476416	30,22777431	30,22777431	30,62777431	0,548393452	0,548393452	6,495940037	31,62777431	0,584803429	5,852325909	0,006221454	0,111490103	0,882288443	4,91543012	0,007407282	0,11156571	0,881027008	-5,58	-4,65	-5,36	-4,42	Sufficient Capacity	Sufficient Capacity	Sulfate Dominant electron acceptor	Sulfate Dominant electron acceptor
CW_149	CW_149	CW1MF09_6	CW1MF09_6_August_2025	CW1MF09_6_August_2025	149	S9278	515F806R	150	65	19,25	14349444-006	Wetland	CW_1	Section_3	MF09	CW1S3-1	CW_1_Section_3	CW_1_MF09	2025-08-13	13/08/2025	Summer	0.15-0.30	T6	T6_MF09	T6_0.15-0.30	6	CW1_MF09	no	87	45	0,51	1,6	22,8	-155	7,11	1314	0,2	0,01	21	21	300	0,115222123	1,1	0,000429781	140	0,055382877	50	0,019779599	30	0,011867759	80		521,10	0,17	1100	0,411952875	540	0,202231411	1,3	0,000478349	0,44	0,000165489	0,07	2,611E-05	0,06	2,22185E-05	0,01	3,70308E-06	0,01	3,65884E-06	0,002	7,31768E-07	541,892	1,892	0,202931672	0,00070026	1800	90	2.5	1800	23	0,411817368	0,411817368	3,1	0,056435463	0,112870927	0,5	0,00520508	0,041640641	139,5	99,64285714	11,61773891	11,61773891	8,1	94,18604651	0,674578389	0,674578389	81,09181761	81,09181761	104,0918176	1,863774711	1,863774711	4,708557152	4,708557152	27,70855715	0,496124569	0,496124569	0,041640641	30,80855715	0,608995495	13,59438455	0,008302761	0,137098866	0,854598373	1,283573884	0,087934889	0,386518123	0,525546988	-13,01	-0,70	-13,01	-0,70	Sufficient Capacity	Sufficient Capacity	Sulfate Dominant electron acceptor	Sulfate Dominant electron acceptor
CW_150	CW_150	CW1MF10_6	CW1MF10_6_August_2025	CW1MF10_6_August_2025	150	S9279	515F806R	150	65	8,8	14349444-007	Wetland	CW_1	Section_3	MF10	CW1S3-3-4	CW_1_Section_3	CW_1_MF10	2025-08-13	13/08/2025	Summer	0.60-0.80	T6	T6_MF10	T6_0.60-0.80	6	CW1_MF10	no	66	25	0,61	0,42	22,5	-289	7,28	960	0,2	0,01	10	11	160	0,061451799	1,7	0,000664207	220	0,087030235	25	0,009889799	8,6	0,003402091	33,6		415,30	0,15	420	0,157291098	73	0,027338691	1	0,000367961	82	0,030841061	12	0,004475996	3,1	0,001147955	0,1	3,70308E-05	0,1	3,65884E-05	0,2	7,31768E-05	171,5	98,5	0,064318459	0,036979768	1000	1200	2.5	2300	0,4	0,007162041	0,007162041	0,9	0,016384489	0,032768979	84	0,874453467	6,995627733	56	40	4,663751822	4,663751822	-6	-7,692307692	-0,499687695	0	32,55298772	32,55298772	32,95298772	0,590026638	0,590026638	-3,487820112	0	0,4	0,007162041	0,007162041	6,995627733	1,3	0,03993102	5,286547438	0,006198559	0,111609069	0,882192372	0,03993102	0,820639663	0,179360337	0	-4,98	0,27	-4,94	0,30	Sufficient Capacity	Insufficient Capacity	Sulfate Dominant electron acceptor	Iron Dominant electron acceptor
CW_151	CW_151	CW2MF01_6	CW2MF01_6_August_2025	CW2MF01_6_August_2025	151	S9280	515F806R	150	65	6,65	14350115-002	Wetland	CW_2	Section_1	MF01	CW2S1-1	CW_2_Section_1	CW_2_MF01	2025-08-13	14/08/2025	Summer	0.15-0.30	T6	T6_MF01	T6_0.15-0.30	6	CW2_MF01	yes	44	6,1	0,16	1,66	22,8	-185	7,15	490	0,2	0,01	3,1	3,8	1,4	0,000537703	0,02	7,8142E-06	4	0,001582368	1	0,000395592	1,3	0,00051427	2,3		7,84	0,00	43	0,016103612	0,002	7,49005E-07	0,01	3,67961E-06	0,01	3,7611E-06	0,005	1,865E-06	0,001	3,70308E-07	0,001	3,70308E-07	0,001	3,65884E-07	0,002	7,31768E-07	0,032	0,03	1,1893E-05	1,1144E-05	65	230	2.5	300	0,6	0,010743062	0,010743062	0,6	0,010922993	0,021845986	61	0,635019779	5,080158234	79	56,42857143	6,57922132	6,57922132	79	56,42857143	6,57922132	6,57922132	45,92296481	45,92296481	46,52296481	0,832998475	0,832998475	45,92296481	45,92296481	46,52296481	0,832998475	0,832998475	5,080158234	47,12296481	0,854844461	7,434065781	0,002938632	0,112051534	0,885009834	7,434065781	0,002938632	0,112051534	0,885009834	-7,42	-7,42	-7,42	-7,42	Sufficient Capacity	Sufficient Capacity	Sulfate Dominant electron acceptor	Sulfate Dominant electron acceptor
CW_152	CW_152	CW2MF02_6	CW2MF02_6_August_2025	CW2MF02_6_August_2025	152	S9281	515F806R	150	65	15,45	14350115-003	Wetland	CW_2	Section_1	MF02	CW2S1-3-4	CW_2_Section_1	CW_2_MF02	2025-08-13	14/08/2025	Summer	0.60-0.80	T6	T6_MF02	T6_0.60-0.80	6	CW2_MF02	yes	53	12	0,015	0,91	22,7	-0,82	7,28	756	0,2	0,01	5,3	6	46	0,017667392	2,4	0,000937703	28	0,011076575	11	0,004351512	14	0,005538288	25		101,40	0,03	81	0,030334712	0,002	7,49005E-07	0,2	7,35922E-05	1,6	0,000601777	0,005	1,865E-06	0,001	3,70308E-07	0,001	3,70308E-07	0,001	3,65884E-07	0,002	7,31768E-07	1,812	1,81	0,000679821	0,000679072	130	130	2.5	260	0,6	0,010743062	0,010743062	0,6	0,010922993	0,021845986	92	0,957734749	7,661877993	48	34,28571429	3,997501562	3,997501562	48	34,28571429	3,997501562	3,997501562	27,9025609	27,9025609	28,5025609	0,510341287	0,510341287	27,9025609	27,9025609	28,5025609	0,510341287	0,510341287	7,661877993	29,1025609	0,532187273	4,529688835	0,004822845	0,11266586	0,882511295	4,529688835	0,004822845	0,11266586	0,882511295	-4,47	-4,47	-4,47	-4,47	Sufficient Capacity	Sufficient Capacity	Sulfate Dominant electron acceptor	Sulfate Dominant electron acceptor
CW_153	CW_153	CW2MF05_6	CW2MF05_6_August_2025	CW2MF05_6_August_2025	153	S9282	515F806R	150	65	47,85	14350115-004	Wetland	CW_2	Section_2	MF05	CW2S2-1	CW_2_Section_2	CW_2_MF05	2025-08-13	14/08/2025	Summer	0.15-0.30	T6	T6_MF05	T6_0.15-0.30	6	CW2_MF05	yes	47	6,5	1,1	1,33	22,7	-166	7,48	527	0,1	0,01	7,1	8,5	1,1	0,000422481	0,02	7,8142E-06	1,3	0,00051427	0,65	0,000257135	0,33	0,000130545	0,98		3,52	0,00	1,1	0,000411953	0,002	7,49005E-07	0,01	3,67961E-06	0,01	3,7611E-06	0,005	1,865E-06	0,001	3,70308E-07	0,001	3,70308E-07	0,001	3,65884E-07	0,002	7,31768E-07	0,032	0,03	1,1893E-05	1,1144E-05	2,5	2,5	2.5	5	3,5	0,06266786	0,06266786	0,9	0,016384489	0,032768979	39	0,405996252	3,247970019	101	72,14285714	8,411409536	8,411409536	22	36,06557377	1,832188216	1,832188216	58,71163856	58,71163856	62,21163856	1,113905793	1,113905793	12,78867375	12,78867375	16,28867375	0,29165038	0,29165038	3,247970019	17,18867375	0,324419359	9,558084308	0,003428404	0,116540696	0,8800309	2,156607575	0,015194688	0,135235721	0,849569591	-9,56	-2,16	-9,56	-2,16	Sufficient Capacity	Sufficient Capacity	Sulfate Dominant electron acceptor	Sulfate Dominant electron acceptor
CW_154	CW_154	CW2MF06_6	CW2MF06_6_August_2025	CW2MF06_6_August_2025	154	S9283	515F806R	150	65	3,5	14350115-005	Wetland	CW_2	Section_2	MF06	CW2S2-3-4	CW_2_Section_2	CW_2_MF06	2025-08-13	14/08/2025	Summer	0.60-0.80	T6	T6_MF06	T6_0.60-0.80	6	CW2_MF06	yes	43	6	0,51	0,52	22,8	-178	7,31	508	0,2	0,01	5	5,9	21	0,008065549	1,2	0,000468852	63	0,024922294	13	0,005142696	7,1	0,002808703	20,1		105,30	0,03	400	0,149801045	0,17	6,36654E-05	19	0,006991261	60	0,02256663	27	0,01007099	2,5	0,00092577	0,51	0,000188857	0,06	2,1953E-05	0,04	1,46354E-05	109,28	109,11	0,040843762	0,040780097	500	220	2.5	710	0,8	0,014324082	0,014324082	0,9	0,016384489	0,032768979	34	0,353945451	2,831563606	106	75,71428571	8,827815948	8,827815948	58	63,04347826	4,830314387	4,830314387	61,61815532	61,61815532	62,41815532	1,117603497	1,117603497	33,71559442	33,71559442	34,51559442	0,618005272	0,618005272	2,831563606	35,41559442	0,65077425	9,978188424	0,003284061	0,11200465	0,88471129	5,481088637	0,005978553	0,112752286	0,881269161	-9,79	-5,30	-9,75	-5,26	Sufficient Capacity	Sufficient Capacity	Sulfate Dominant electron acceptor	Sulfate Dominant electron acceptor
CW_155	CW_155	CW2MF09_6	CW2MF09_6_August_2025	CW2MF09_6_August_2025	155	S9284	515F806R	150	65	5,75	14350727-001	Wetland	CW_2	Section_3	MF09	CW2S3-1	CW_2_Section_3	CW_2_MF09	2025-08-13	15/08/2025	Summer	0.15-0.30	T6	T6_MF09	T6_0.15-0.30	6	CW2_MF09	yes	72	14	1	1,27	21,8	-177	7,22	1170	0,2	0,01	21	19	24	0,00921777	0,1	3,9071E-05	32	0,012658943	21	0,008307431	19	0,007516248	40		96,70	0,02	230	0,086135601	210	0,078645549	0,01	3,67961E-06	0,01	3,7611E-06	0,005	1,865E-06	0,001	3,70308E-07	0,001	3,70308E-07	0,001	3,65884E-07	0,002	7,31768E-07	210,03	0,03	0,078656693	1,1144E-05	310	2,5	2.5	320	16	0,286481647	0,286481647	3,9	0,070999454	0,141998908	0,5	0,00520508	0,041640641	139,5	99,64285714	11,61773891	11,61773891	38,5	98,71794872	3,206329377	3,206329377	81,09181761	81,09181761	97,09181761	1,73843899	1,73843899	22,38017905	22,38017905	38,38017905	0,687201057	0,687201057	0,041640641	42,28017905	0,829199965	13,49817681	0,010519858	0,128790652	0,86068949	4,035529343	0,035187183	0,170287712	0,794525106	-13,39	-3,93	-13,39	-3,93	Sufficient Capacity	Sufficient Capacity	Sulfate Dominant electron acceptor	Sulfate Dominant electron acceptor
CW_156	CW_156	CW2MF10_6	CW2MF10_6_August_2025	CW2MF10_6_August_2025	156	S9285	515F806R	150	65	4,55	14350727-002	Wetland	CW_2	Section_3	MF10	CW2S3-3-4	CW_2_Section_3	CW_2_MF10	2025-08-13	15/08/2025	Summer	0.60-0.80	T6	T6_MF10	T6_0.60-0.80	6	CW2_MF10	yes	50	13	0,41	0,23	22,4	-283	7,18	840	0,2	0,01	9,5	10	180	0,069133274	1,9	0,000742349	210	0,083074315	37	0,014636903	39	0,015428087	76		467,90	0,15	900	0,337052352	1400	0,524303659	4	0,001471844	82	0,030841061	4,1	0,001529299	0,26	9,62801E-05	0,03	1,11092E-05	0,01	3,65884E-06	0,002	7,31768E-07	1490,402	90,402	0,558257643	0,033953984	1300	360	2.5	1700	8,9	0,159355416	0,159355416	3,1	0,056435463	0,112870927	9,9	0,103060587	0,824484697	130,1	92,92857143	10,83489486	10,83489486	24,1	70,88235294	2,007078909	2,007078909	75,6275661	75,6275661	84,5275661	1,513474774	1,513474774	14,00941078	14,00941078	22,90941078	0,410195359	0,410195359	0,824484697	26,00941078	0,523066285	12,46124056	0,00905776	0,121454583	0,869487657	2,530145194	0,044610454	0,162123249	0,793266297	-11,97	-2,04	-11,94	-2,01	Sufficient Capacity	Sufficient Capacity	Sulfate Dominant electron acceptor	Sulfate Dominant electron acceptor
CW_157	CW_157	CW3MF01_6	CW3MF01_6_August_2025	CW3MF01_6_August_2025	157	S9286	515F806R	150	65	12,75	14350115-006	Wetland	CW_3	Section_1	MF01	CW3S1-1	CW_3_Section_1	CW_3_MF01	2025-08-13	14/08/2025	Summer	0.15-0.30	T6	T6_MF01	T6_0.15-0.30	6	CW3_MF01	no	77	28	1,7	2,33	22,7	-122	7,11	1026	0,1	0,01	17	17	400	0,153629497	4,7	0,001836336	260	0,102853914	130	0,051426957	71	0,02808703	201		865,70	0,26	1100	0,411952875	1600	0,599204182	0,01	3,67961E-06	0,23	8,65054E-05	0,06	2,238E-05	0,02	7,40616E-06	0,001	3,70308E-07	0,001	3,65884E-07	0,002	7,31768E-07	1600,324	0,324	0,599325621	0,000121439	1600	35	2.5	1600	24	0,429722471	0,429722471	4,2	0,07646095	0,152921901	0,5	0,00520508	0,041640641	139,5	99,64285714	11,61773891	11,61773891	139,5	99,64285714	11,61773891	11,61773891	81,09181761	81,09181761	105,0918176	1,881679814	1,881679814	81,09181761	81,09181761	105,0918176	1,881679814	1,881679814	0,041640641	109,2918176	2,034601715	13,65234063	0,011201149	0,137828367	0,850970484	13,65234063	0,011201149	0,137828367	0,850970484	-12,98	-12,98	-12,98	-12,98	Sufficient Capacity	Sufficient Capacity	Sulfate Dominant electron acceptor	Sulfate Dominant electron acceptor
CW_158	CW_158	CW3MF02_6	CW3MF02_6_August_2025	CW3MF02_6_August_2025	158	S9287	515F806R	150	65	6,1	14350115-007	Wetland	CW_3	Section_1	MF02	CW3S1-3-4	CW_3_Section_1	CW_3_MF02	2025-08-13	14/08/2025	Summer	0.60-0.80	T6	T6_MF02	T6_0.60-0.80	6	CW3_MF02	no	66	26	0,8	0,77	22,4	-245	7,44	988	0,2	0,01	9,6	10	130	0,049929586	4,9	0,001914478	170	0,067250636	36	0,014241311	16	0,006329472	52		356,90	0,12	340	0,127330889	120	0,044940314	5,5	0,002023786	160	0,06017768	30	0,011189989	18	0,006665545	4	0,001481232	1,4	0,000512237	1,4	0,000512237	340,3	220,3	0,12750302	0,082562706	850	1200	2.5	2100	0,4	0,007162041	0,007162041	1,1	0,020025487	0,040050974	110	1,145117635	9,160941078	30	21,42857143	2,498438476	2,498438476	30	21,42857143	2,498438476	2,498438476	17,43910056	17,43910056	17,83910056	0,319410932	0,319410932	17,43910056	17,43910056	17,83910056	0,319410932	0,319410932	9,160941078	18,93910056	0,359461906	2,857900382	0,014014125	0,111764194	0,874221681	2,857900382	0,014014125	0,111764194	0,874221681	-2,61	-2,61	-2,53	-2,53	Sufficient Capacity	Sufficient Capacity	Sulfate Dominant electron acceptor	Sulfate Dominant electron acceptor
CW_159	CW_159	CW3MF05_6	CW3MF05_6_August_2025	CW3MF05_6_August_2025	159	S9288	515F806R	150	65	21,8	14373702-001	Wetland	CW_3	Section_2	MF05	CW3S2-1	CW_3_Section_2	CW_3_MF05	2025-08-13	14/08/2025	Summer	0.15-0.30	T6	T6_MF05	T6_0.15-0.30	6	CW3MF05	no	79	34	0,41	4,61	12,2	-4,9	6,91	688	0,1	0,01	6,3	7,1	300	0,115222123	2,9	0,001133058	57	0,022548743	17	0,006725064	5,6	0,002215315	22,6		382,50	0,14	57	0,021346649	7,6	0,00284622	0,01	3,67961E-06	19	0,007146099	4,9	0,001827698	2,6	0,000962801	2,2	0,000814678	1,1	0,000402472	0,97	0,000354907	38,38	30,78	0,014358555	0,011512335	180	340	2.5	520	1,6	0,028648165	0,028648165	1,5	0,027307482	0,054614965	66	0,687070581	5,496564647	74	52,85714286	6,162814907	6,162814907	-65,5	-13100	-5,454924006	0	43,01644805	43,01644805	44,61644805	0,798862096	0,798862096	-38,07536956	0	1,6	0,028648165	0,028648165	5,496564647	3,1	0,083263129	7,016291968	0,007784021	0,11385816	0,878357819	0,083263129	0,655932164	0,344067836	0	-6,86	0,08	-6,84	0,09	Sufficient Capacity	Insufficient Capacity	Sulfate Dominant electron acceptor	Iron Dominant electron acceptor
CW_160	CW_160	CW3MF06_6	CW3MF06_6_August_2025	CW3MF06_6_August_2025	160	S9289	515F806R	150	65	6,7	14350115-008	Wetland	CW_3	Section_2	MF06	CW3S2-3-4	CW_3_Section_2	CW_3_MF06	2025-08-13	14/08/2025	Summer	0.60-0.80	T6	T6_MF06	T6_0.60-0.80	6	CW3_MF06	no	76	0,2	0,015	3,89	22,8	-144	7,08	1088	0,2	0,01	0,8	1,1	4,6	0,001766739	0,02	7,8142E-06	3,8	0,00150325	1,5	0,000593388	0,8	0,000316474	2,3		10,84	0,00	11	0,004119529	2,9	0,001086058	0,01	3,67961E-06	0,11	4,13722E-05	0,005	1,865E-06	0,001	3,70308E-07	0,001	3,70308E-07	0,001	3,65884E-07	0,002	7,31768E-07	3,03	0,13	0,001134813	4,8755E-05	2,5	2,5	2.5	5	3,8	0,068039391	0,068039391	5,9	0,10740943	0,21481886	46	0,478867375	3,830938996	94	67,14285714	7,828440558	7,828440558	64	58,18181818	5,330002082	5,330002082	54,64251509	54,64251509	58,44251509	1,04641925	1,04641925	37,20341453	37,20341453	41,00341453	0,734170359	0,734170359	3,830938996	46,90341453	0,948989219	9,089678668	0,023633273	0,115121699	0,861245028	6,278991301	0,03421232	0,116924889	0,848862791	-9,08	-6,27	-9,08	-6,27	Sufficient Capacity	Sufficient Capacity	Sulfate Dominant electron acceptor	Sulfate Dominant electron acceptor
CW_161	CW_161	CW3MF09_6	CW3MF09_6_August_2025	CW3MF09_6_August_2025	161	S9290	515F806R	150	65	5,5	14350727-004	Wetland	CW_3	Section_3	MF09	CW3S3-1	CW_3_Section_3	CW_3_MF09	2025-08-13	15/08/2025	Summer	0.15-0.30	T6	T6_MF09	T6_0.15-0.30	6	CW3_MF09	no	68	24	0,81	1,89	22,7	-114	7,22	1614	0,2	0,01	9,2	9,7	130	0,049929586	3,7	0,001445626	180	0,071206556	22	0,008703023	2,5	0,00098898	24,5		338,20	0,12	170	0,063665444	210	0,078645549	1,9	0,000699126	360	0,13539978	74	0,027601973	52	0,019256018	3,4	0,001259047	0,56	0,000204895	0,41	0,000150012	702,27	492,27	0,2632164	0,184570851	500	960	2.5	1500	0,3	0,005371531	0,005371531	1,1	0,020025487	0,040050974	110	1,145117635	9,160941078	30	21,42857143	2,498438476	2,498438476	-44	-66,66666667	-3,664376431	0	17,43910056	17,43910056	17,73910056	0,317620422	0,317620422	-25,57734749	0	0,3	0,005371531	0,005371531	9,160941078	1,4	0,045422505	2,856109872	0,014022911	0,111207354	0,874769735	0,045422505	0,881742962	0,118257038	0	-2,67	0,14	-2,49	0,33	Sufficient Capacity	Insufficient Capacity	Sulfate Dominant electron acceptor	Iron Dominant electron acceptor
CW_162	CW_162	CW3MF10_6	CW3MF10_6_August_2025	CW3MF10_6_August_2025	162	S9291	515F806R	150	65	20,5	14350727-005	Wetland	CW_3	Section_3	MF10	CW3S3-3-4	CW_3_Section_3	CW_3_MF10	2025-08-13	15/08/2025	Summer	0.60-0.80	T6	T6_MF10	T6_0.60-0.80	6	CW3_MF10	no	81	46	1,2	1,89	22,8	-189	7,33	965	0,2	0,01	30	29	240	0,092177698	3,1	0,0012112	43	0,017010455	37	0,014636903	17	0,006725064	54		340,10	0,11	47	0,017601623	75	0,028087696	0,01	3,67961E-06	0,01	3,7611E-06	0,005	1,865E-06	0,001	3,70308E-07	0,001	3,70308E-07	0,001	3,65884E-07	0,002	7,31768E-07	75,03	0,03	0,02809884	1,1144E-05	65	2,5	2.5	75	30	0,537153089	0,537153089	7,9	0,143819407	0,287638813	0,5	0,00520508	0,041640641	139,5	99,64285714	11,61773891	11,61773891	45,5	98,91304348	3,789298355	3,789298355	81,09181761	81,09181761	111,0918176	1,989110432	1,989110432	26,44930252	26,44930252	56,44930252	1,010730573	1,010730573	0,041640641	64,34930252	1,298369386	13,89448816	0,020701649	0,143158237	0,836140114	5,087667742	0,056536478	0,19866285	0,744800672	-13,77	-4,96	-13,77	-4,96	Sufficient Capacity	Sufficient Capacity	Sulfate Dominant electron acceptor	Sulfate Dominant electron acceptor
CW_163	CW_163	CWinf_7	CWinf_7_October_2025	CWinf_7_October_2025	163	S9456	515F806R	150	65	9,85	14392159-001	INF	CW_0	Section_0	INF	NA	CW_0_Section_0	CW_0_INF	2025-10-27	27/10/2025	Autumn	INF	T7	T7_INF	T7_INF	7	INFLOW	no	76	NA	0,9	NA	NA	NA	NA	NA	NA	0,1	12	14	520	0,199718346	81	0,031647493	660	0,261090704	260	0,102853914	440	0,174060469	700		1961,00	0,49	3700	1,385659671	8200	3,070921432	68	0,025021355	400	0,150444199	120	0,044759957	120	0,044436963	21	0,007776469	13	0,004756489	14	0,005122373	8956	756	3,353239238	0,282317806	8200	2500	2.5	11000	0,02	0,000358102	0,000358102	0,05	0,000910249	0,001820499	25	0,260254008	2,082032063	0	0	0	0	0	0	0	0	0	0	0,02	0,000358102	0,000358102	0	0	0,02	0,000358102	0,000358102	2,082032063	0,07	0,002178601	0,002178601	0,835627506	0,164372494	0	0,002178601	0,835627506	0,164372494	0	1,88	1,88	2,16	2,16	Insufficient Capacity	Insufficient Capacity	Iron Dominant electron acceptor	Iron Dominant electron acceptor
CW_164	CW_164	CW1eff_7	CW1eff_7_October_2025	CW1eff_7_October_2025	164	S9457	515F806R	150	65	12,25	14393656-001	EFF	CW_1	Section_5	EFF	NA	CW_1_Section_5	CW_1_EFF	2025-10-27	29/10/2025	Autumn	EFF	T7	T7_EFF	T7_EFF	7	CW1_OUT	no	58	NA	0,23	4,28	11	-123	7,3	487	0,2	0,01	9,1	9,4	26	0,009985917	0,4	0,000156284	6,3	0,002492229	1,6	0,000632947	0,31	0,000122634	1,91		34,61	0,01	6,5	0,002434267	0,02	7,49005E-06	0,17	6,25534E-05	6,5	0,002444718	1,4	0,000522199	0,42	0,000155529	0,06	2,22185E-05	0,001	3,65884E-07	0,002	7,31768E-07	8,573	8,553	0,003215807	0,003208317	2,5	2,5	2.5	5	4,8	0,085944494	0,085944494	1,5	0,027307482	0,054614965	0,5	0,00520508	0,041640641	24,5	98	2,040391422	2,040391422	57,5	99,13793103	4,788673746	4,788673746	14,24193213	14,24193213	19,04193213	0,340947755	0,340947755	33,42494274	33,42494274	38,22494274	0,684421535	0,684421535	0,041640641	39,72494274	0,7390365	2,435954142	0,022420358	0,139964768	0,837614874	5,527710245	0,009880215	0,123816464	0,866303321	-2,42	-5,51	-2,42	-5,51	Sufficient Capacity	Sufficient Capacity	Sulfate Dominant electron acceptor	Sulfate Dominant electron acceptor
CW_165	CW_165	CW2eff_7	CW2eff_7_October_2025	CW2eff_7_October_2025	165	S9458	515F806R	150	65	16,4	14393656-002	EFF	CW_2	Section_5	EFF	NA	CW_2_Section_5	CW_2_EFF	2025-10-27	29/10/2025	Autumn	EFF	T7	T7_EFF	T7_EFF	7	CW2_OUT	yes	59	NA	0,54	6,22	12	-85	7	832	0,2	0,01	9,7	10	36	0,013826655	7,2	0,00281311	43	0,017010455	12	0,004747104	6,9	0,002729585	18,9		105,10	0,03	370	0,138565967	460	0,172271202	2,7	0,000993495	65	0,024447182	14	0,005221995	7,4	0,002740279	1,2	0,00044437	0,12	4,39061E-05	0,08	2,92707E-05	550,5	90,5	0,2061917	0,033920498	2,5	2,5	2.5	5	6,5	0,116383169	0,116383169	2,9	0,052794466	0,105588931	0,5	0,00520508	0,041640641	24,5	98	2,040391422	2,040391422	5,9	92,1875	0,491359567	0,491359567	14,24193213	14,24193213	20,74193213	0,37138643	0,37138643	3,429689777	3,429689777	9,929689777	0,177792118	0,177792118	0,041640641	12,82968978	0,283381049	2,517366784	0,041944198	0,147529725	0,810526076	0,774740616	0,136289397	0,229485991	0,634224612	-2,35	-0,60	-2,31	-0,57	Sufficient Capacity	Sufficient Capacity	Sulfate Dominant electron acceptor	Sulfate Dominant electron acceptor
CW_166	CW_166	CW3eff_7	CW3eff_7_October_2025	CW3eff_7_October_2025	166	S9459	515F806R	150	65	11,9	14393656-005	EFF	CW_3	Section_5	EFF	NA	CW_3_Section_5	CW_3_EFF	2025-10-27	29/10/2025	Autumn	EFF	T7	T7_EFF	T7_EFF	7	CW3_OUT	no	49	NA	0,26	0,48	11	-121	7,2	472	0,2	0,01	7,2	8,2	54	0,020739982	5,8	0,002266117	36	0,014241311	14	0,005538288	17	0,006725064	31		126,80	0,04	52	0,019474136	33	0,012358586	0,35	0,000128786	14	0,005265547	3,5	0,001305499	2,7	0,000999832	0,5	0,000185154	0,06	2,1953E-05	0,04	1,46354E-05	54,15	21,15	0,020279992	0,007921406	95	75	2.5	170	1	0,017905103	0,017905103	1,1	0,020025487	0,040050974	12	0,124921924	0,99937539	13	52	1,082656673	1,082656673	44	78,57142857	3,664376431	3,664376431	7,556943577	7,556943577	8,556943577	0,153212956	0,153212956	25,57734749	25,57734749	26,57734749	0,475870143	0,475870143	0,99937539	27,67734749	0,515921117	1,275920603	0,031389864	0,120080321	0,848529815	4,180297548	0,009580891	0,113836429	0,876582681	-1,22	-4,12	-1,21	-4,12	Sufficient Capacity	Sufficient Capacity	Sulfate Dominant electron acceptor	Sulfate Dominant electron acceptor
CW_167	CW_167	CW1MF01_7	CW1MF01_7_October_2025	CW1MF01_7_October_2025	167	S9460	515F806R	150	65	8,75	14392180-001	Wetland	CW_1	Section_1	MF01	CW1S1-1	CW_1_Section_1	CW_1_MF01	2025-10-27	27/10/2025	Autumn	0.15-0.30	T7	T7_MF01	T7_0.15-0.30	7	CW1_MF01	no	69	NA	0,57	3,17	10	-192	7,4	796	0,1	0,01	10	11	480	0,184355396	0,1	3,9071E-05	27	0,010680983	5,1	0,002017519	0,2	7,91184E-05	6,5		514,20	0,20	280	0,104860732	4	0,00149801	2	0,000735922	44	0,016548862	0,43	0,00016039	0,11	4,07339E-05	0,02	7,40616E-06	0,01	3,65884E-06	0,002	7,31768E-07	50,572	46,572	0,018995715	0,017497705	730	310	2.5	1000	0,8	0,014324082	0,014324082	0,7	0,012743492	0,025486983	36	0,374765771	2,998126171	-11	-44	-0,916094108	0	-11	-44	-0,916094108	0	-6,394336873	0	0,8	0,014324082	0,014324082	-6,394336873	0	0,8	0,014324082	0,014324082	2,998126171	1,5	0,039811066	0,039811066	0,640198471	0,359801529	0	0,039811066	0,640198471	0,359801529	0	0,26	0,26	0,28	0,28	Insufficient Capacity	Insufficient Capacity	Iron Dominant electron acceptor	Iron Dominant electron acceptor
CW_168	CW_168	CW1MF02_7	CW1MF02_7_October_2025	CW1MF02_7_October_2025	168	S9461	515F806R	150	65	4,15	14392180-002	Wetland	CW_1	Section_1	MF02	CW1S1-3-4	CW_1_Section_1	CW_1_MF02	2025-10-27	27/10/2025	Autumn	0.60-0.80	T7	T7_MF02	T7_0.60-0.80	7	CW1_MF02	no	74	NA	0,72	0,72	11	-244	7,6	812	0,2	0,3	10	11	750	0,288055307	95	0,03711743	590	0,233399265	240	0,094942074	320	0,126589432	560		1995,00	0,56	1500	0,561753921	1700	0,636654443	3,9	0,001435048	140	0,05265547	35	0,013054987	31	0,011479549	5,4	0,001999663	1,1	0,000402472	1	0,000365884	1917,4	217,4	0,718047517	0,081393074	2100	780	2.5	2900	0,5	0,008952551	0,008952551	1	0,018204988	0,036409976	24	0,249843848	1,998750781	1	4	0,083281283	0,083281283	1	4	0,083281283	0,083281283	0,581303352	0,581303352	1,081303352	0,019360848	0,019360848	0,581303352	0,581303352	1,081303352	0,019360848	0,019360848	1,998750781	2,081303352	0,055770824	0,139052107	0,261844119	0,139234481	0,598921401	0,139052107	0,261844119	0,139234481	0,598921401	0,98	0,98	1,06	1,06	Insufficient Capacity	Insufficient Capacity	Sulfate Dominant electron acceptor	Sulfate Dominant electron acceptor
CW_169	CW_169	CW1MF05_7	CW1MF05_7_October_2025	CW1MF05_7_October_2025	169	S9462	515F806R	150	65	4,45	14392180-003	Wetland	CW_1	Section_2	MF05	CW1S2-1	CW_1_Section_2	CW_1_MF05	2025-10-27	27/10/2025	Autumn	0.15-0.30	T7	T7_MF05	T7_0.15-0.30	7	CW1_MF05	no	74	NA	1,1	4,4	10	-178	7,4	718	0,1	0,01	10	11	260	0,099859173	0,5	0,000195355	220	0,087030235	19	0,007516248	1	0,000395592	26		509,50	0,19	1700	0,636654443	11	0,004119529	3	0,001103883	2,2	0,000827443	0,1	3,73E-05	0,09	3,33277E-05	0,01	3,70308E-06	0,01	3,65884E-06	0,002	7,31768E-07	16,412	5,412	0,006129577	0,002010048	2300	130	2.5	2500	4,5	0,080572963	0,080572963	1,6	0,029127981	0,058255962	20	0,208203206	1,665625651	5	20	0,416406413	0,416406413	16	44,44444444	1,332500521	1,332500521	2,90651676	2,90651676	7,40651676	0,132614445	0,132614445	9,300853633	9,300853633	13,80085363	0,247105705	0,247105705	1,665625651	15,40085363	0,305361667	0,60727682	0,09592983	0,218375609	0,685694561	1,637862188	0,035568293	0,150870877	0,81356083	0,22	-0,81	0,22	-0,81	Insufficient Capacity	Sufficient Capacity	Sulfate Dominant electron acceptor	Sulfate Dominant electron acceptor
CW_170	CW_170	CW1MF06_7	CW1MF06_7_October_2025	CW1MF06_7_October_2025	170	S9463	515F806R	150	65	4,45	14392180-004	Wetland	CW_1	Section_2	MF06	CW1S2-3-4	CW_1_Section_2	CW_1_MF06	2025-10-27	27/10/2025	Autumn	0.60-0.80	T7	T7_MF06	T7_0.60-0.80	7	CW1_MF06	no	72	NA	0,74	0,87	11	-220	7,5	761	0,2	0,01	11	11	610	0,234284983	41	0,016019101	230	0,090986154	82	0,032438542	94	0,037185646	176		1057,00	0,34	200	0,074900523	56	0,020972146	3,2	0,001177476	52	0,019557746	11	0,004102996	6,5	0,002407002	2,6	0,000962801	0,08	2,92707E-05	0,04	1,46354E-05	131,42	75,42	0,049224073	0,028251927	600	690	2.5	1300	0,8	0,014324082	0,014324082	1,5	0,027307482	0,054614965	32	0,33312513	2,665001041	-7	-28	-0,582968978	0	-8	-33,33333333	-0,66625026	0	-4,069123465	0	0,8	0,014324082	0,014324082	-4,650426817	0	0,8	0,014324082	0,014324082	2,665001041	2,3	0,068939047	0,068939047	0,792221056	0,207778944	0	0,068939047	0,792221056	0,207778944	0	0,35	0,35	0,38	0,38	Insufficient Capacity	Insufficient Capacity	Iron Dominant electron acceptor	Iron Dominant electron acceptor
CW_171	CW_171	CW1MF09_7	CW1MF09_7_October_2025	CW1MF09_7_October_2025	171	S9464	515F806R	150	65	5,75	14392180-005	Wetland	CW_1	Section_3	MF09	CW1S3-1	CW_1_Section_3	CW_1_MF09	2025-10-27	27/10/2025	Autumn	0.15-0.30	T7	T7_MF09	T7_0.15-0.30	7	CW1_MF09	no	66	NA	0,66	5,35	12	-116	7,3	66	0,1	0,01	11	12	74	0,028421457	0,5	0,000195355	240	0,094942074	37	0,014636903	13	0,005142696	50		367,50	0,12	1800	0,674104705	1700	0,636654443	2,4	0,000883107	3,4	0,001278776	0,2	7,45999E-05	0,12	4,4437E-05	0,02	7,40616E-06	0,01	3,65884E-06	0,002	7,31768E-07	1706,152	6,152	0,638947159	0,002292716	2500	100	2.5	2600	9,7	0,173679499	0,173679499	2,2	0,040050974	0,080101948	5	0,052050802	0,416406413	20	80	1,665625651	1,665625651	15	75	1,249219238	1,249219238	11,62606704	11,62606704	21,32606704	0,381845426	0,381845426	8,719550281	8,719550281	18,41955028	0,329803944	0,329803944	0,416406413	20,61955028	0,409905892	2,127573025	0,037649447	0,179474651	0,782875902	1,65912513	0,04827963	0,198781839	0,752938531	-1,33	-0,86	-1,33	-0,86	Sufficient Capacity	Sufficient Capacity	Sulfate Dominant electron acceptor	Sulfate Dominant electron acceptor
CW_172	CW_172	CW1MF10_7	CW1MF10_7_October_2025	CW1MF10_7_October_2025	172	S9465	515F806R	150	65	5,7	14392180-006	Wetland	CW_1	Section_3	MF10	CW1S3-3-4	CW_1_Section_3	CW_1_MF10	2025-10-27	27/10/2025	Autumn	0.60-0.80	T7	T7_MF10	T7_0.60-0.80	7	CW1_MF10	no	70	NA	0,41	1,13	12	-224	7,7	703	0,2	0,01	9,9	11	600	0,230444245	1,9	0,000742349	59	0,023339927	9,6	0,003797683	2,7	0,001068098	12,3		673,20	0,25	48	0,017976125	17	0,006366544	2,1	0,000772718	57	0,021438298	13	0,004848995	4,3	0,001592325	1,8	0,000666554	0,06	2,1953E-05	0,03	1,09765E-05	95,29	78,29	0,035718365	0,029351821	380	790	2.5	1200	0,7	0,012533572	0,012533572	1,6	0,029127981	0,058255962	58	0,603789298	4,830314387	-33	-132	-2,748282324	0	-26	-81,25	-2,165313346	0	-19,18301062	0	0,7	0,012533572	0,012533572	-15,11388715	0	0,7	0,012533572	0,012533572	4,830314387	2,3	0,070789534	0,070789534	0,822945973	0,177054027	0	0,070789534	0,822945973	0,177054027	0	0,20	0,20	0,23	0,23	Insufficient Capacity	Insufficient Capacity	Iron Dominant electron acceptor	Iron Dominant electron acceptor
CW_173	CW_173	CW2MF01_7	CW2MF01_7_October_2025	CW2MF01_7_October_2025	173	S9466	515F806R	150	65	6,7	14392839-001	Wetland	CW_2	Section_1	MF01	CW2S1-1	CW_2_Section_1	CW_2_MF01	2025-10-27	28/10/2025	Autumn	0.15-0.30	T7	T7_MF01	T7_0.15-0.30	7	CW2_MF01	yes	55	NA	0,015	2,56	12	-218	7,7	468	0,1	0,01	5,4	5,7	110	0,042248112	3	0,001172129	3,3	0,001305454	16	0,006329472	5,5	0,002175756	21,5		137,80	0,04	8,3	0,003108372	7,4	0,002771319	2,3	0,000846311	6,1	0,002294274	6,2	0,002312598	0,67	0,000248106	0,04	1,48123E-05	0,001	3,65884E-07	0,002	7,31768E-07	22,713	15,313	0,008488518	0,005717199	25	85	2.5	110	0,7	0,012533572	0,012533572	0,05	0,000910249	0,001820499	30	0,312304809	2,498438476	-5	-20	-0,416406413	0	-5	-20	-0,416406413	0	-2,90651676	0	0,7	0,012533572	0,012533572	-2,90651676	0	0,7	0,012533572	0,012533572	2,498438476	0,75	0,014354071	0,014354071	0,12682805	0,87317195	0	0,014354071	0,12682805	0,87317195	0	0,03	0,03	0,04	0,04	Insufficient Capacity	Insufficient Capacity	Manganese Dominant electron acceptor	Manganese Dominant electron acceptor
CW_174	CW_174	CW2MF02_7	CW2MF02_7_October_2025	CW2MF02_7_October_2025	174	S9467	515F806R	150	65	6,75	14392839-002	Wetland	CW_2	Section_1	MF02	CW2S1-3-4	CW_2_Section_1	CW_2_MF02	2025-10-27	28/10/2025	Autumn	0.60-0.80	T7	T7_MF02	T7_0.60-0.80	7	CW2_MF02	yes	67	NA	0,49	1,41	13	-129	7,6	663	0,2	0,01	8,1	7,7	350	0,13442581	42	0,016409811	200	0,079118395	96	0,03797683	130	0,051426957	226		818,00	0,23	800	0,299602091	660	0,247171725	2	0,000735922	2	0,000752221	1	0,000373	1,5	0,000555462	0,26	9,62801E-05	0,02	7,31768E-06	0,02	7,31768E-06	666,8	6,8	0,249699245	0,00252752	1700	200	2.5	1900	2	0,035810206	0,035810206	1,4	0,025486983	0,050973967	23	0,239433687	1,915469498	2	8	0,166562565	0,166562565	2	8	0,166562565	0,166562565	1,162606704	1,162606704	3,162606704	0,056626799	0,056626799	1,162606704	1,162606704	3,162606704	0,056626799	0,056626799	1,915469498	4,562606704	0,107600766	0,274163331	0,185925546	0,206544028	0,607530426	0,274163331	0,185925546	0,206544028	0,607530426	0,26	0,26	0,26	0,26	Insufficient Capacity	Insufficient Capacity	Sulfate Dominant electron acceptor	Sulfate Dominant electron acceptor
CW_175	CW_175	CW2MF05_7	CW2MF05_7_October_2025	CW2MF05_7_October_2025	175	S9468	515F806R	150	65	42,2	14392839-003	Wetland	CW_2	Section_2	MF05	CW2S2-1	CW_2_Section_2	CW_2_MF05	2025-10-27	28/10/2025	Autumn	0.15-0.30	T7	T7_MF05	T7_0.15-0.30	7	CW2_MF05	yes	42	NA	1,5	1,99	12	-90	7,2	563	0,1	0,01	10	11	2,8	0,001075406	0,59	0,000230519	4,7	0,001859282	1,2	0,00047471	0,58	0,000229443	1,78		9,87	0,00	20	0,007490052	19	0,00711555	0,01	3,67961E-06	0,14	5,26555E-05	0,005	1,865E-06	0,001	3,70308E-07	0,001	3,70308E-07	0,001	3,65884E-07	0,002	7,31768E-07	19,16	0,16	0,007175588	6,00383E-05	30	2,5	2.5	50	8,2	0,146821844	0,146821844	2,3	0,041871473	0,083742946	7	0,072871122	0,582968978	18	72	1,499063086	1,499063086	23	76,66666667	1,915469498	1,915469498	10,46346034	10,46346034	18,66346034	0,334171179	0,334171179	13,3699771	13,3699771	21,5699771	0,386212661	0,386212661	0,582968978	23,8699771	0,469955606	1,91697721	0,043684894	0,174321936	0,78199317	2,385425104	0,035106089	0,161905172	0,80298874	-1,91	-2,37	-1,91	-2,37	Sufficient Capacity	Sufficient Capacity	Sulfate Dominant electron acceptor	Sulfate Dominant electron acceptor
CW_176	CW_176	CW2MF06_7	CW2MF06_7_October_2025	CW2MF06_7_October_2025	176	S9469	515F806R	150	65	6,05	14392839-004	Wetland	CW_2	Section_2	MF06	CW2S2-3-4	CW_2_Section_2	CW_2_MF06	2025-10-27	28/10/2025	Autumn	0.60-0.80	T7	T7_MF06	T7_0.60-0.80	7	CW2_MF06	yes	55	NA	0,27	0,95	12	-230	7,2	500	0,2	0,01	6	6,2	140	0,053770324	14	0,005469937	63	0,024922294	29	0,011472167	22	0,008703023	51		268,00	0,08	220	0,082390575	59	0,022095654	7,3	0,002686116	3,9	0,001466831	0,13	4,849E-05	3,8	0,001407171	0,51	0,000188857	0,05	1,82942E-05	0,03	1,09765E-05	74,72	15,72	0,027922389	0,005826735	410	160	2.5	570	3,4	0,06087735	0,06087735	1,6	0,029127981	0,058255962	19	0,197793046	1,582344368	6	24	0,499687695	0,499687695	4	17,39130435	0,33312513	0,33312513	3,487820112	3,487820112	6,887820112	0,123327128	0,123327128	2,325213408	2,325213408	5,725213408	0,102510536	0,102510536	1,582344368	7,325213408	0,160766498	0,681270786	0,08551073	0,181025124	0,733464146	0,493891628	0,117952925	0,207556739	0,674490336	-0,51	-0,33	-0,51	-0,32	Sufficient Capacity	Sufficient Capacity	Sulfate Dominant electron acceptor	Sulfate Dominant electron acceptor
CW_177	CW_177	CW2MF09_7	CW2MF09_7_October_2025	CW2MF09_7_October_2025	177	S9470	515F806R	150	65	8,7	14393656-003	Wetland	CW_2	Section_3	MF09	CW2S3-1	CW_2_Section_3	CW_2_MF09	2025-10-27	29/10/2025	Autumn	0.15-0.30	T7	T7_MF09	T7_0.15-0.30	7	CW2_MF09	yes	53	NA	0,25	0,96	12	-110	7,3	660	0,1	0,01	8,2	8,3	110	0,042248112	1,4	0,000546994	81	0,03204295	19	0,007516248	15	0,00593388	34		226,40	0,07	470	0,176016228	55	0,020597644	1	0,000367961	44	0,016548862	9,8	0,003655396	3,1	0,001147955	0,1	3,70308E-05	0,1	3,65884E-05	0,2	7,31768E-05	113,3	58,3	0,042464614	0,02186697	870	370	2.5	1200	11	0,196956132	0,196956132	3,1	0,056435463	0,112870927	0,5	0,00520508	0,041640641	24,5	98	2,040391422	2,040391422	6,5	92,85714286	0,541328336	0,541328336	14,24193213	14,24193213	25,24193213	0,451959393	0,451959393	3,778471788	3,778471788	14,77847179	0,264610059	0,264610059	0,041640641	17,87847179	0,377480986	2,605221742	0,043324883	0,173482121	0,783192996	0,918809322	0,122844777	0,287992353	0,589162869	-2,35	-0,67	-2,33	-0,65	Sufficient Capacity	Sufficient Capacity	Sulfate Dominant electron acceptor	Sulfate Dominant electron acceptor
CW_178	CW_178	CW2MF10_7	CW2MF10_7_October_2025	CW2MF10_7_October_2025	178	S9471	515F806R	150	65	21,55	14393656-004	Wetland	CW_2	Section_3	MF10	CW2S3-3-4	CW_2_Section_3	CW_2_MF10	2025-10-27	29/10/2025	Autumn	0.60-0.80	T7	T7_MF10	T7_0.60-0.80	7	CW2_MF10	yes	42	NA	0,25	2,14	12	-80	7,4	355	0,2	0,01	7,5	9,7	1,1	0,000422481	0,32	0,000125027	2,4	0,000949421	1,3	0,00051427	0,91	0,000359989	2,21		6,03	0,00	4,2	0,001572911	0,1	3,74503E-05	0,01	3,67961E-06	0,01	3,7611E-06	0,005	1,865E-06	0,001	3,70308E-07	0,001	3,70308E-07	0,001	3,65884E-07	0,002	7,31768E-07	0,13	0,03	4,85942E-05	1,1144E-05	2,5	2,5	2.5	5	2,6	0,046553268	0,046553268	1,2	0,021845986	0,043691972	6,4	0,066625026	0,533000208	18,6	74,4	1,549031855	1,549031855	12,6	66,31578947	1,04934416	1,04934416	10,81224235	10,81224235	13,41224235	0,24014758	0,24014758	7,324422236	7,324422236	9,924422236	0,177697802	0,177697802	0,533000208	11,12442224	0,221389773	1,832871407	0,023837991	0,131022602	0,845139408	1,270733933	0,034383257	0,139838716	0,825778027	-1,83	-1,27	-1,83	-1,27	Sufficient Capacity	Sufficient Capacity	Sulfate Dominant electron acceptor	Sulfate Dominant electron acceptor
CW_179	CW_179	CW3MF01_7	CW3MF01_7_October_2025	CW3MF01_7_October_2025	179	S9472	515F806R	150	65	12,5	14392839-005	Wetland	CW_3	Section_1	MF01	CW3S1-1	CW_3_Section_1	CW_3_MF01	2025-10-27	28/10/2025	Autumn	0.15-0.30	T7	T7_MF01	T7_0.15-0.30	7	CW3_MF01	no	64	NA	1,8	2,45	12	-135	7,4	660	0,1	0,01	11	11	90	0,034566637	0,5	0,000195355	180	0,071206556	51	0,020175191	22	0,008703023	73		346,50	0,11	1100	0,411952875	1600	0,599204182	0,17	6,25534E-05	0,16	6,01777E-05	0,005	1,865E-06	0,03	1,11092E-05	0,001	3,70308E-07	0,001	3,65884E-07	0,002	7,31768E-07	1600,369	0,369	0,599341355	0,000137173	2200	2,5	2.5	2200	17	0,30438675	0,30438675	4,5	0,081922447	0,163844894	0,5	0,00520508	0,041640641	24,5	98	2,040391422	2,040391422	24,5	98	2,040391422	2,040391422	14,24193213	14,24193213	31,24193213	0,559390011	0,559390011	14,24193213	14,24193213	31,24193213	0,559390011	0,559390011	0,041640641	35,74193213	0,723234905	2,763626327	0,059286197	0,202411594	0,738302209	2,763626327	0,059286197	0,202411594	0,738302209	-2,25	-2,25	-2,25	-2,25	Sufficient Capacity	Sufficient Capacity	Sulfate Dominant electron acceptor	Sulfate Dominant electron acceptor
CW_180	CW_180	CW3MF02_7	CW3MF02_7_October_2025	CW3MF02_7_October_2025	180	S9473	515F806R	150	65	6,25	14392839-006	Wetland	CW_3	Section_1	MF02	CW3S1-3-4	CW_3_Section_1	CW_3_MF02	2025-10-27	28/10/2025	Autumn	0.60-0.80	T7	T7_MF02	T7_0.60-0.80	7	CW3_MF02	no	73	NA	0,81	0,82	13	-224	7,6	700	0,2	0,01	9,4	9,8	660	0,25348867	67	0,026177556	410	0,16219271	150	0,059338796	200	0,079118395	350		1487,00	0,44	1300	0,486853398	2800	1,048607318	4	0,001471844	270	0,101549835	62	0,023125978	50	0,018515401	8,6	0,003184649	1,3	0,000475649	1,2	0,000439061	3197,1	397,1	1,197369735	0,148762417	2300	920	2.5	3300	0,4	0,007162041	0,007162041	1,1	0,020025487	0,040050974	22	0,229023527	1,832188216	3	12	0,249843848	0,249843848	3	12	0,249843848	0,249843848	1,743910056	1,743910056	2,143910056	0,03838693	0,03838693	1,743910056	1,743910056	2,143910056	0,03838693	0,03838693	1,832188216	3,243910056	0,078437904	0,328281752	0,122001828	0,116932879	0,761065293	0,328281752	0,122001828	0,116932879	0,761065293	0,60	0,60	0,75	0,75	Insufficient Capacity	Insufficient Capacity	Sulfate Dominant electron acceptor	Sulfate Dominant electron acceptor
CW_181	CW_181	CW3MF05_7	CW3MF05_7_October_2025	CW3MF05_7_October_2025	181	S9474	515F806R	150	65	8,85	14392839-007	Wetland	CW_3	Section_2	MF05	CW3S2-1	CW_3_Section_2	CW_3_MF05	2025-10-27	28/10/2025	Autumn	0.15-0.30	T7	T7_MF05	T7_0.15-0.30	7	CW3_MF05	no	70	NA	0,015	2,54	12	-169	7,3	673	0,1	0,01	0,05	0,5	1,1	0,000422481	0,02	7,8142E-06	3,5	0,001384572	0,65	0,000257135	0,33	0,000130545	0,98		5,72	0,00	23	0,00861356	20	0,007490052	0,01	3,67961E-06	0,01	3,7611E-06	0,005	1,865E-06	0,001	3,70308E-07	0,001	3,70308E-07	0,001	3,65884E-07	0,002	7,31768E-07	20,03	0,03	0,007501196	1,1144E-05	2,5	2,5	2.5	5	3,6	0,064458371	0,064458371	8,7	0,158383397	0,316766794	70	0,728711222	5,829689777	-45	-180	-3,747657714	0	-69,5	-13900	-5,788049136	0	-26,15865084	0	3,6	0,064458371	0,064458371	-40,40058297	0	3,6	0,064458371	0,064458371	5,829689777	12,3	0,381225165	0,381225165	0,83091785	0,16908215	0	0,381225165	0,83091785	0,16908215	0	-0,37	-0,37	-0,37	-0,37	Sufficient Capacity	Sufficient Capacity	Iron Dominant electron acceptor	Iron Dominant electron acceptor
CW_182	CW_182	CW3MF06_7	CW3MF06_7_October_2025	CW3MF06_7_October_2025	182	S9475	515F806R	150	65	8	14392839-008	Wetland	CW_3	Section_2	MF06	CW3S2-3-4	CW_3_Section_2	CW_3_MF06	2025-10-27	28/10/2025	Autumn	0.60-0.80	T7	T7_MF06	T7_0.60-0.80	7	CW3_MF06	no	73	NA	0,69	0,55	13	-250	7,7	733	0,2	0,01	7,9	8,8	620	0,23812572	82	0,032038203	540	0,213619667	230	0,090986154	310	0,122633512	540		1782,00	0,48	1800	0,674104705	2200	0,82390575	4	0,001471844	110	0,041372155	28	0,01044399	26	0,009628009	3,6	0,001333109	1,3	0,000475649	1,4	0,000512237	2374,3	174,3	0,889142743	0,065236993	2100	540	2.5	2700	0,2	0,003581021	0,003581021	0,9	0,016384489	0,032768979	21	0,218613367	1,748906933	4	16	0,33312513	0,33312513	1	4,545454545	0,083281283	0,083281283	2,325213408	2,325213408	2,525213408	0,045214206	0,045214206	0,581303352	0,581303352	0,781303352	0,013989317	0,013989317	1,748906933	1,681303352	0,046758296	0,411108315	0,079708869	0,109981249	0,810309882	0,130039578	0,251992348	0,107577379	0,640430273	0,75	1,03	0,81	1,09	Insufficient Capacity	Insufficient Capacity	Sulfate Dominant electron acceptor	Sulfate Dominant electron acceptor
CW_183	CW_183	CW3MF09_7	CW3MF09_7_October_2025	CW3MF09_7_October_2025	183	S9476	515F806R	150	65	16	14393656-006	Wetland	CW_3	Section_3	MF09	CW3S3-1	CW_3_Section_3	CW_3_MF09	2025-10-27	29/10/2025	Autumn	0.15-0.30	T7	T7_MF09	T7_0.15-0.30	7	CW3_MF09	no	71	NA	1,1	6,09	12	-113	7,3	831	0,1	0,01	21	21	110	0,042248112	1,6	0,000625136	35	0,013845719	25	0,009889799	9,1	0,003599887	34,1		180,70	0,06	100	0,037450261	120	0,044940314	0,01	3,67961E-06	0,48	0,000180533	0,1	3,73E-05	0,02	7,40616E-06	0,001	3,70308E-07	0,001	3,65884E-07	0,002	7,31768E-07	120,614	0,614	0,0451707	0,000230387	230	2,5	2.5	230	37	0,662488809	0,662488809	5,4	0,098306936	0,196613872	0,5	0,00520508	0,041640641	24,5	98	2,040391422	2,040391422	69,5	99,28571429	5,788049136	5,788049136	14,24193213	14,24193213	51,24193213	0,91749207	0,91749207	40,40058297	40,40058297	77,40058297	1,385865407	1,385865407	0,041640641	82,80058297	1,582479279	3,154497365	0,062328114	0,290852064	0,646819821	7,370528415	0,026675682	0,188027958	0,78529636	-3,06	-7,28	-3,06	-7,28	Sufficient Capacity	Sufficient Capacity	Sulfate Dominant electron acceptor	Sulfate Dominant electron acceptor
CW_184	CW_184	CW3MF10_7	CW3MF10_7_October_2025	CW3MF10_7_October_2025	184	S9477	515F806R	150	65	5,5	14393656-007	Wetland	CW_3	Section_3	MF10	CW3S3-3-4	CW_3_Section_3	CW_3_MF10	2025-10-27	29/10/2025	Autumn	0.60-0.80	T7	T7_MF10	T7_0.60-0.80	7	CW3_MF10	no	65	NA	0,36	0,71	12	-188	7,3	676	0,2	0,01	8,6	8,9	330	0,126744335	3,1	0,0012112	36	0,014241311	10	0,00395592	2,6	0,001028539	12,6		381,70	0,14	52	0,019474136	70	0,026215183	1,6	0,000588738	110	0,041372155	25	0,009324991	19	0,007035853	3,3	0,001222016	0,41	0,000150012	0,27	9,87886E-05	229,58	159,58	0,086007737	0,059792554	320	560	2.5	880	1,4	0,025067144	0,025067144	2	0,036409976	0,072819953	56	0,582968978	4,663751822	-31	-124	-2,581719758	0	-35	-166,6666667	-2,914844889	0	-18,02040391	0	1,4	0,025067144	0,025067144	-20,34561732	0	1,4	0,025067144	0,025067144	4,663751822	3,4	0,097887097	0,097887097	0,743917789	0,256082211	0	0,097887097	0,743917789	0,256082211	0	0,06	0,06	0,12	0,12	Insufficient Capacity	Insufficient Capacity	Iron Dominant electron acceptor	Iron Dominant electron acceptor
CW_185	CW_185	CWinf_8	CWinf_8_December_2025	CWinf_8_December_2025	185	S9822	515F806R	150	65	10,85	14424768-001	INF	CW_0	Section_0	INF	NA	CW_0_Section_0	CW_0_INF	2025-12-16	16/12/2025	Winter	INF	T8	T8_INF	T8_INF	8	INFLOW	no	72	NA	0,75	NA	NA	NA	NA	NA	NA	0,01	15	23	500	0,192036871	210	0,082049056	490	0,193840068	230	0,090986154	320	0,126589432	550		1750,00	0,47	4700	1,760162284	4100	1,535460716	160	0,058873776	180	0,06769989	100	0,037299964	94	0,034808955	18	0,006665545	7,4	0,00270754	8,4	0,003073424	4667,8	567,8	1,746589809	0,211129093	9300	5700	95	16000	1,5	0,026857654	0,026857654	0,8	0,014563991	0,029127981	72	0,749531543	5,996252342	0	0	0	0	0	0	0	0	0	0	1,5	0,026857654	0,026857654	0	0	1,5	0,026857654	0,026857654	5,996252342	2,3	0,055985635	0,055985635	0,520275974	0,479724026	0	0,055985635	0,520275974	0,479724026	0	2,17	2,17	2,38	2,38	Insufficient Capacity	Insufficient Capacity	Iron Dominant electron acceptor	Iron Dominant electron acceptor
CW_186	CW_186	CW1eff_8	CW1eff_8_December_2025	CW1eff_8_December_2025	186	S9823	515F806R	150	65	4,45	14424776-001	EFF	CW_1	Section_5	EFF	NA	CW_1_Section_5	CW_1_EFF	2025-12-16	16/12/2025	Winter	EFF	T8	T8_EFF	T8_EFF	8	CW1_OUT	no	65	NA	0,27	1,05	9	28	7,6	965	0,1	0,01	9,7	10	76	0,029189604	2,1	0,000820491	42	0,016614863	13	0,005142696	6,5	0,002571348	19,5		139,60	0,05	65	0,02434267	40	0,014980105	0,45	0,000165582	11	0,004137215	2,8	0,001044399	0,84	0,000311059	0,1	3,70308E-05	0,02	7,31768E-06	0,002	7,31768E-07	55,212	15,212	0,020683441	0,005703336	110	60	2.5	170	9,6	0,171888988	0,171888988	2,4	0,043691972	0,087383943	0,5	0,00520508	0,041640641	71,5	99,30555556	5,954611701	5,954611701	47,5	98,95833333	3,95586092	3,95586092	41,56318967	41,56318967	51,16318967	0,916082179	0,916082179	27,61190922	27,61190922	37,21190922	0,666283066	0,666283066	0,041640641	39,61190922	0,753667009	6,958077823	0,012558633	0,131657363	0,855784004	4,709527929	0,018554714	0,141475552	0,839969734	-6,89	-4,64	-6,88	-4,63	Sufficient Capacity	Sufficient Capacity	Sulfate Dominant electron acceptor	Sulfate Dominant electron acceptor
CW_187	CW_187	CW2eff_8	CW2eff_8_December_2025	CW2eff_8_December_2025	187	S9824	515F806R	150	65	4,30	14424776-008	EFF	CW_2	Section_5	EFF	NA	CW_2_Section_5	CW_2_EFF	2025-12-16	16/12/2025	Winter	EFF	T8	T8_EFF	T8_EFF	8	CW2_OUT	yes	49	NA	0,015	3,46	9	99	7,6	601	0,1	0,01	5	5,2	3,1	0,001190629	0,25	9,76774E-05	4	0,001582368	0,93	0,000367901	0,68	0,000269003	1,61		8,96	0,00	19	0,00711555	0,04	1,49801E-05	0,1	3,67961E-05	1,9	0,00071461	0,52	0,00019396	0,03	1,11092E-05	0,02	7,40616E-06	0,001	3,65884E-07	0,002	7,31768E-07	2,613	2,573	0,000979959	0,000964979	2,5	2,5	2.5	5	0,6	0,010743062	0,010743062	0,05	0,000910249	0,001820499	36	0,374765771	2,998126171	36	50	2,998126171	2,998126171	-1	-2,857142857	-0,083281283	0	20,92692067	20,92692067	21,52692067	0,385441731	0,385441731	-0,581303352	0	0,6	0,010743062	0,010743062	2,998126171	0,65	0,012563561	3,385388401	0,000537752	0,113854508	0,88560774	0,012563561	0,144903095	0,855096905	0	-3,38	0,00	-3,37	0,00	Sufficient Capacity	Sufficient Capacity	Sulfate Dominant electron acceptor	Manganese Dominant electron acceptor
CW_188	CW_188	CW3eff_8	CW3eff_8_December_2025	CW3eff_8_December_2025	188	S9825	515F806R	150	65	3,65	14426548-001	EFF	CW_3	Section_5	EFF	NA	CW_3_Section_5	CW_3_EFF	2025-12-16	18/12/2025	Winter	EFF	T8	T8_EFF	T8_EFF	8	CW3_OUT	no	67	NA	0,42	3,99	10	1120	7,9	1120	0,1	0,01	13	14	5,5	0,002112406	0,71	0,000277404	3	0,001186776	1,3	0,00051427	1,3	0,00051427	2,6		11,81	0,00	21	0,007864555	2400	0,898806273	2	0,000735922	94	0,035354387	22	0,008205992	13	0,004814004	1,9	0,000703585	0,11	4,02472E-05	0,44	0,000160989	2533,45	133,45	0,9488214	0,050015127	3500	980	2.5	4500	1	0,017905103	0,017905103	1,1	0,020025487	0,040050974	44	0,458047054	3,664376431	28	38,88888889	2,331875911	2,331875911	5	10,20408163	0,416406413	0,416406413	16,27649386	16,27649386	17,27649386	0,309337401	0,309337401	2,90651676	2,90651676	3,90651676	0,069946585	0,069946585	3,664376431	5,00651676	0,109997559	2,681264286	0,014937347	0,115369978	0,869692676	0,526403971	0,076084103	0,132876248	0,791039649	-2,67	-0,51	-2,62	-0,46	Sufficient Capacity	Sufficient Capacity	Sulfate Dominant electron acceptor	Sulfate Dominant electron acceptor
CW_189	CW_189	CW1MF01_8	CW1MF01_8_December_2025	CW1MF01_8_December_2025	189	S9826	515F806R	150	65	3,90	14424776-002	Wetland	CW_1	Section_1	MF01	CW1S1-1	CW_1_Section_1	CW_1_MF01	2025-12-16	16/12/2025	Winter	0.15-0.30	T8	T8_MF01	T8_0.15-0.30	8	CW1_MF01	no	70	NA	0,49	1,13	9	-83	7,6	1131	0,1	0,01	9,7	10	630	0,241966458	47	0,01836336	350	0,138457191	130	0,051426957	110	0,043515117	240		1267,00	0,40	120	0,044940314	85	0,031832722	2,5	0,000919903	70	0,026327735	1,5	0,000559499	0,17	6,29524E-05	0,03	1,11092E-05	0,03	1,09765E-05	0,002	7,31768E-07	159,232	74,232	0,059725629	0,027892907	620	610	2.5	1200	1	0,017905103	0,017905103	0,8	0,014563991	0,029127981	36	0,374765771	2,998126171	36	50	2,998126171	2,998126171	36	50	2,998126171	2,998126171	20,92692067	20,92692067	21,92692067	0,392603772	0,392603772	20,92692067	20,92692067	21,92692067	0,392603772	0,392603772	2,998126171	22,72692067	0,421731753	3,419857924	0,008517307	0,114801194	0,876681499	3,419857924	0,008517307	0,114801194	0,876681499	-2,98	-2,98	-2,95	-2,95	Sufficient Capacity	Sufficient Capacity	Sulfate Dominant electron acceptor	Sulfate Dominant electron acceptor
CW_190	CW_190	CW1MF02_8	CW1MF02_8_December_2025	CW1MF02_8_December_2025	190	S9827	515F806R	150	65	2,90	14424776-003	Wetland	CW_1	Section_1	MF02	CW1S1-3-4	CW_1_Section_1	CW_1_MF02	2025-12-16	16/12/2025	Winter	0.60-0.80	T8	T8_MF02	T8_0.60-0.80	8	CW1_MF02	no	72	NA	0,72	1,19	9	-133	7,7	1148	0,1	0,6	10	11	690	0,265010882	130	0,050792273	580	0,229443346	210	0,083074315	290	0,114721673	500		1900,00	0,55	3100	1,160958103	2900	1,08605758	4	0,001471844	140	0,05265547	38	0,014173986	26	0,009628009	0,4	0,000148123	1,1	0,000402472	1	0,000365884	3110,5	210,5	1,164903368	0,078845788	6700	1700	2.5	8300	0,02	0,000358102	0,000358102	0,7	0,012743492	0,025486983	65	0,676660421	5,413283365	7	9,722222222	0,582968978	0,582968978	7	9,722222222	0,582968978	0,582968978	4,069123465	4,069123465	4,089123465	0,073216177	0,073216177	4,069123465	4,069123465	4,089123465	0,073216177	0,073216177	5,413283365	4,789123465	0,09870316	0,681672138	0,037388918	0,107406732	0,85520435	0,681672138	0,037388918	0,107406732	0,85520435	1,02	1,02	1,10	1,10	Insufficient Capacity	Insufficient Capacity	Sulfate Dominant electron acceptor	Sulfate Dominant electron acceptor
CW_191	CW_191	CW1MF05_8	CW1MF05_8_December_2025	CW1MF05_8_December_2025	191	S9828	515F806R	150	65	5,25	14424776-004	Wetland	CW_1	Section_2	MF05	CW1S2-1	CW_1_Section_2	CW_1_MF05	2025-12-16	16/12/2025	Winter	0.15-0.30	T8	T8_MF05	T8_0.15-0.30	8	CW1_MF05	no	70	NA	0,86	0,92	8	6	7,7	1100	0,1	0,01	10	10	540	0,207399821	23	0,008986325	67	0,026504662	14	0,005538288	1	0,000395592	21		651,00	0,24	810	0,303347117	1,3	0,000486853	1,1	0,000404757	2,6	0,000977887	0,06	2,238E-05	0,03	1,11092E-05	0,001	3,70308E-07	0,001	3,65884E-07	0,002	7,31768E-07	5,094	3,794	0,001904455	0,001417602	1500	150	2.5	1600	3,8	0,068039391	0,068039391	1,1	0,020025487	0,040050974	19	0,197793046	1,582344368	53	73,61111111	4,413907974	4,413907974	17	47,22222222	1,415781803	1,415781803	30,80907766	30,80907766	34,60907766	0,619679099	0,619679099	9,882156985	9,882156985	13,68215699	0,244980429	0,244980429	1,582344368	14,78215699	0,285031403	5,073638047	0,007893936	0,122137033	0,869969031	1,700813206	0,023548132	0,144037234	0,832414634	-4,53	-1,15	-4,53	-1,15	Sufficient Capacity	Sufficient Capacity	Sulfate Dominant electron acceptor	Sulfate Dominant electron acceptor
CW_192	CW_192	CW1MF06_8	CW1MF06_8_December_2025	CW1MF06_8_December_2025	192	S9829	515F806R	150	65	3,75	14424776-005	Wetland	CW_1	Section_2	MF06	CW1S2-3-4	CW_1_Section_2	CW_1_MF06	2025-12-16	16/12/2025	Winter	0.60-0.80	T8	T8_MF06	T8_0.60-0.80	8	CW1_MF06	no	71	NA	0,71	0,92	9	-109	7,7	1150	0,1	0,01	9,7	10	650	0,249647932	100	0,039070979	410	0,16219271	150	0,059338796	180	0,071206556	330		1490,00	0,45	1600	0,599204182	1500	0,561753921	4	0,001471844	100	0,03761105	23	0,008578992	13	0,004814004	2,2	0,000814678	0,12	4,39061E-05	0,06	2,1953E-05	1642,38	142,38	0,615110348	0,053356427	3400	980	2.5	4400	0,8	0,014324082	0,014324082	1,1	0,020025487	0,040050974	53	0,551738497	4,413907974	19	26,38888889	1,582344368	1,582344368	12	18,46153846	0,99937539	0,99937539	11,04476369	11,04476369	11,84476369	0,212081713	0,212081713	6,975640225	6,975640225	7,775640225	0,139223639	0,139223639	4,413907974	8,875640225	0,179274613	1,834477055	0,021832366	0,115608812	0,862558822	1,178650003	0,033980379	0,118121273	0,847898348	-0,78	-0,13	-0,73	-0,08	Sufficient Capacity	Sufficient Capacity	Sulfate Dominant electron acceptor	Sulfate Dominant electron acceptor
CW_193	CW_193	CW1MF09_8	CW1MF09_8_December_2025	CW1MF09_8_December_2025	193	S9830	515F806R	150	65	6,15	14424776-006	Wetland	CW_1	Section_3	MF09	CW1S3-1	CW_1_Section_3	CW_1_MF09	2025-12-16	16/12/2025	Winter	0.15-0.30	T8	T8_MF09	T8_0.15-0.30	8	CW1_MF09	no	68	NA	0,69	5,22	9	15,9	7,1	1087	0,1	0,01	9,8	10	430	0,165151709	10	0,003907098	90	0,035603278	14	0,005538288	1	0,000395592	21		551,00	0,20	1300	0,486853398	500	0,187251307	2	0,000735922	2	0,000752221	1	0,000373	0,2	7,40616E-05	0,2	7,40616E-05	0,2	7,31768E-05	0,4	0,000146354	506	6	0,189480103	0,002228796	2200	170	2.5	2400	7,8	0,139659803	0,139659803	1,9	0,034589478	0,069178955	0,5	0,00520508	0,041640641	71,5	99,30555556	5,954611701	5,954611701	18,5	97,36842105	1,540703727	1,540703727	41,56318967	41,56318967	49,36318967	0,883852993	0,883852993	10,75411201	10,75411201	18,55411201	0,332213286	0,332213286	0,041640641	20,45411201	0,401392241	6,907643649	0,010014841	0,127952894	0,862032265	1,942095968	0,035620771	0,17105915	0,793320079	-6,22	-1,25	-6,21	-1,25	Sufficient Capacity	Sufficient Capacity	Sulfate Dominant electron acceptor	Sulfate Dominant electron acceptor
CW_194	CW_194	CW1MF10_8	CW1MF10_8_December_2025	CW1MF10_8_December_2025	194	S9831	515F806R	150	65	4,05	14424776-007	Wetland	CW_1	Section_3	MF10	CW1S3-3-4	CW_1_Section_3	CW_1_MF10	2025-12-16	16/12/2025	Winter	0.60-0.80	T8	T8_MF10	T8_0.60-0.80	8	CW1_MF10	no	71	NA	0,47	0,68	9	-104	7,6	1114	0,1	0,01	11	12	710	0,272692357	31	0,012112003	410	0,16219271	140	0,055382877	140	0,055382877	280		1431,00	0,45	1600	0,599204182	1300	0,486853398	3,6	0,00132466	120	0,04513326	27	0,01007099	11	0,004073388	1,7	0,000629524	0,07	2,56119E-05	0,03	1,09765E-05	1463,4	163,4	0,548121808	0,06126841	3000	950	2.5	4000	0,4	0,007162041	0,007162041	1,2	0,021845986	0,043691972	48	0,499687695	3,997501562	24	33,33333333	1,998750781	1,998750781	5	9,433962264	0,416406413	0,416406413	13,95128045	13,95128045	14,35128045	0,256961154	0,256961154	2,90651676	2,90651676	3,30651676	0,059203523	0,059203523	3,997501562	4,50651676	0,102895495	2,299403906	0,019001434	0,111751204	0,869247362	0,519301907	0,084135974	0,11400598	0,801858046	-1,25	0,53	-1,19	0,59	Sufficient Capacity	Insufficient Capacity	Sulfate Dominant electron acceptor	Sulfate Dominant electron acceptor
CW_195	CW_195	CW2MF01_8	CW2MF01_8_December_2025	CW2MF01_8_December_2025	195	S9832	515F806R	150	65	12,80	14424776-009	Wetland	CW_2	Section_1	MF01	CW2S1-1	CW_2_Section_1	CW_2_MF01	2025-12-16	16/12/2025	Winter	0.15-0.30	T8	T8_MF01	T8_0.15-0.30	8	CW2_MF01	yes	48	NA	0,29	1,19	12	1,7	7,7	574	0,1	0,01	4	4,3	2	0,000768147	0,3	0,000117213	2,7	0,001068098	0,97	0,000383724	0,9	0,000356033	1,87		6,87	0,00	1,4	0,000524304	0,02	7,49005E-06	0,01	3,67961E-06	0,25	9,40276E-05	0,005	1,865E-06	0,001	3,70308E-07	0,001	3,70308E-07	0,001	3,65884E-07	0,002	7,31768E-07	0,29	0,27	0,000108901	0,000101411	2,5	2,5	2.5	5	0,02	0,000358102	0,000358102	0,05	0,000910249	0,001820499	42	0,437226733	3,497813866	30	41,66666667	2,498438476	2,498438476	30	41,66666667	2,498438476	2,498438476	17,43910056	17,43910056	17,45910056	0,312606993	0,312606993	17,43910056	17,43910056	17,45910056	0,312606993	0,312606993	3,497813866	17,50910056	0,314427492	2,812865968	0,000647204	0,111134692	0,888218104	2,812865968	0,000647204	0,111134692	0,888218104	-2,81	-2,81	-2,81	-2,81	Sufficient Capacity	Sufficient Capacity	Sulfate Dominant electron acceptor	Sulfate Dominant electron acceptor
CW_196	CW_196	CW2MF02_8	CW2MF02_8_December_2025	CW2MF02_8_December_2025	196	S9833	515F806R	150	65	7,65	14424776-010	Wetland	CW_2	Section_1	MF02	CW2S1-3-4	CW_2_Section_1	CW_2_MF02	2025-12-16	16/12/2025	Winter	0.60-0.80	T8	T8_MF02	T8_0.60-0.80	8	CW2_MF02	yes	49	NA	0,39	8,3	12	58	7,7	547	0,1	0,01	4,4	4,5	3	0,001152221	1	0,00039071	4,3	0,001701045	1,5	0,000593388	2,1	0,000830743	3,6		11,90	0,00	19	0,00711555	0,002	7,49005E-07	0,01	3,67961E-06	0,13	4,88944E-05	0,005	1,865E-06	0,001	3,70308E-07	0,001	3,70308E-07	0,001	3,65884E-07	0,002	7,31768E-07	0,152	0,15	5,70262E-05	5,62772E-05	2,5	2,5	2.5	5	0,02	0,000358102	0,000358102	0,05	0,000910249	0,001820499	34	0,353945451	2,831563606	38	52,77777778	3,164688736	3,164688736	38	52,77777778	3,164688736	3,164688736	22,08952738	22,08952738	22,10952738	0,395873364	0,395873364	22,08952738	22,08952738	22,10952738	0,395873364	0,395873364	2,831563606	22,15952738	0,397693863	3,562382599	0,000511034	0,11112601	0,888362956	3,562382599	0,000511034	0,11112601	0,888362956	-3,55	-3,55	-3,55	-3,55	Sufficient Capacity	Sufficient Capacity	Sulfate Dominant electron acceptor	Sulfate Dominant electron acceptor
CW_197	CW_197	CW2MF05_8	CW2MF05_8_December_2025	CW2MF05_8_December_2025	197	S9834	515F806R	150	65	6,70	14425465-001	Wetland	CW_2	Section_2	MF05	CW2S2-1	CW_2_Section_2	CW_2_MF05	2025-12-16	17/12/2025	Winter	0.15-0.30	T8	T8_MF05	T8_0.15-0.30	8	CW2_MF05	yes	48	NA	1,2	7,91	9	52	7,7	669	0,1	0,01	7,3	7,5	21	0,008065549	2,8	0,001093987	48	0,018988415	22	0,008703023	9,2	0,003639446	31,2		103,00	0,03	93	0,034828743	92	0,03445424	0,11	4,04757E-05	0,34	0,000127878	0,08	2,984E-05	0,04	1,48123E-05	0,001	3,70308E-07	0,001	3,65884E-07	0,002	7,31768E-07	92,574	0,574	0,034668714	0,000214474	180	2,5	2.5	200	17	0,30438675	0,30438675	1,1	0,020025487	0,040050974	11	0,114511763	0,916094108	61	84,72222222	5,080158234	5,080158234	31	73,80952381	2,581719758	2,581719758	35,45950448	35,45950448	52,45950448	0,939292829	0,939292829	18,02040391	18,02040391	35,02040391	0,627043938	0,627043938	0,916094108	36,12040391	0,667094912	6,059502037	0,006609615	0,155011554	0,838378831	3,24881467	0,012327873	0,193006989	0,794665138	-6,00	-3,19	-6,00	-3,19	Sufficient Capacity	Sufficient Capacity	Sulfate Dominant electron acceptor	Sulfate Dominant electron acceptor
CW_198	CW_198	CW2MF06_8	CW2MF06_8_December_2025	CW2MF06_8_December_2025	198	S9835	515F806R	150	65	4,00	14425465-002	Wetland	CW_2	Section_2	MF06	CW2S2-3-4	CW_2_Section_2	CW_2_MF06	2025-12-16	17/12/2025	Winter	0.60-0.80	T8	T8_MF06	T8_0.60-0.80	8	CW2_MF06	yes	49	NA	0,21	2,61	10	-20	7,8	594	0,1	0,01	4,7	4,8	2,3	0,00088337	1,3	0,000507923	5,5	0,002175756	2,2	0,000870302	0,2	7,91184E-05	3,6		12,70	0,00	70	0,026215183	93	0,034828743	3,7	0,001361456	1	0,00037611	2,5	0,000932499	1,7	0,000629524	0,25	9,2577E-05	0,03	1,09765E-05	0,02	7,31768E-06	102,2	9,2	0,038239204	0,003410461	140	60	2.5	190	1	0,017905103	0,017905103	0,05	0,000910249	0,001820499	35	0,364355611	2,914844889	37	51,38888889	3,081407454	3,081407454	-1	-2,941176471	-0,083281283	0	21,50822403	21,50822403	22,50822403	0,403012069	0,403012069	-0,581303352	0	1	0,017905103	0,017905103	2,914844889	1,05	0,019725602	3,486240021	0,000522195	0,115600781	0,883877024	0,019725602	0,092291167	0,907708833	0	-3,46	0,01	-3,45	0,01	Sufficient Capacity	Insufficient Capacity	Sulfate Dominant electron acceptor	Manganese Dominant electron acceptor
CW_199	CW_199	CW2MF09_8	CW2MF09_8_December_2025	CW2MF09_8_December_2025	199	S9836	515F806R	150	65	7,40	14425465-003	Wetland	CW_2	Section_3	MF09	CW2S3-1	CW_2_Section_3	CW_2_MF09	2025-12-16	17/12/2025	Winter	0.15-0.30	T8	T8_MF09	T8_0.15-0.30	8	CW2_MF09	yes	65	NA	1	7,62	10	88	7,6	1325	0,1	0,01	18	18	59	0,022660351	5,7	0,002227046	59	0,023339927	32	0,012658943	24	0,009494207	56		179,70	0,05	620	0,232191621	470	0,176016228	0,16	5,88738E-05	0,39	0,000146683	0,07	2,611E-05	0,03	1,11092E-05	0,001	3,70308E-07	0,001	3,65884E-07	0,002	7,31768E-07	470,654	0,654	0,176260472	0,000244244	1200	2,5	2.5	1200	32	0,572963295	0,572963295	5,8	0,105588931	0,211177863	0,5	0,00520508	0,041640641	71,5	99,30555556	5,954611701	5,954611701	10,5	95,45454545	0,874453467	0,874453467	41,56318967	41,56318967	73,56318967	1,317156485	1,317156485	6,103685197	6,103685197	38,1036852	0,682250406	0,682250406	0,041640641	43,9036852	0,893428269	7,482946049	0,028221219	0,176021112	0,795757668	1,767881736	0,119452483	0,385914053	0,494633464	-7,20	-1,49	-7,20	-1,49	Sufficient Capacity	Sufficient Capacity	Sulfate Dominant electron acceptor	Sulfate Dominant electron acceptor
CW_200	CW_200	CW2MF10_8	CW2MF10_8_December_2025	CW2MF10_8_December_2025	200	S9837	515F806R	150	65	4,50	14425465-004	Wetland	CW_2	Section_3	MF10	CW2S3-3-4	CW_2_Section_3	CW_2_MF10	2025-12-16	17/12/2025	Winter	0.60-0.80	T8	T8_MF10	T8_0.60-0.80	8	CW2_MF10	yes	46	NA	0,24	0,85	10	-24	7,6	703	0,1	0,01	5,4	5,6	21	0,008065549	3,6	0,001406555	33	0,013054535	11	0,004351512	9	0,003560328	20		77,60	0,02	250	0,093625653	200	0,074900523	2,6	0,000956699	39	0,014668309	1	0,000373	4,1	0,001518263	0,5	0,000185154	0,04	1,46354E-05	0,02	7,31768E-06	247,26	47,26	0,092623901	0,017723378	490	300	2.5	800	3,4	0,06087735	0,06087735	1,8	0,032768979	0,065537957	35	0,364355611	2,914844889	37	51,38888889	3,081407454	3,081407454	0	0	0	0	21,50822403	21,50822403	24,90822403	0,445984316	0,445984316	0	0	3,4	0,06087735	0,06087735	2,914844889	5,2	0,126415307	3,592929727	0,018240812	0,124128316	0,857630872	0,126415307	0,518433714	0,481566286	0	-3,48	-0,01	-3,46	0,01	Sufficient Capacity	Insufficient Capacity	Sulfate Dominant electron acceptor	Iron Dominant electron acceptor
CW_201	CW_201	CW3MF01_8	CW3MF01_8_December_2025	CW3MF01_8_December_2025	201	S9838	515F806R	150	65	6,45	14425465-005	Wetland	CW_3	Section_1	MF01	CW3S1-1	CW_3_Section_1	CW_3_MF01	2025-12-16	17/12/2025	Winter	0.15-0.30	T8	T8_MF01	T8_0.15-0.30	8	CW3_MF01	no	68	NA	0,7	6,01	9	33	7,3	1081	0,1	0,01	12	13	380	0,145948022	15	0,005860647	150	0,059338796	40	0,015823679	2	0,000791184	54		599,00	0,21	1400	0,524303659	1000	0,374502614	0,2	7,35922E-05	0,16	6,01777E-05	0,005	1,865E-06	0,02	7,40616E-06	0,001	3,70308E-07	0,001	3,65884E-07	0,002	7,31768E-07	1000,389	0,389	0,374647123	0,000144509	2200	25	2.5	2200	15	0,268576544	0,268576544	2,2	0,040050974	0,080101948	0,5	0,00520508	0,041640641	71,5	99,30555556	5,954611701	5,954611701	71,5	99,30555556	5,954611701	5,954611701	41,56318967	41,56318967	56,56318967	1,012769735	1,012769735	41,56318967	41,56318967	56,56318967	1,012769735	1,012769735	0,041640641	58,76318967	1,092871682	7,047483383	0,011366036	0,14370658	0,844927384	7,047483383	0,011366036	0,14370658	0,844927384	-6,31	-6,31	-6,31	-6,31	Sufficient Capacity	Sufficient Capacity	Sulfate Dominant electron acceptor	Sulfate Dominant electron acceptor
CW_202	CW_202	CW3MF02_8	CW3MF02_8_December_2025	CW3MF02_8_December_2025	202	S9839	515F806R	150	65	4,00	14425465-006	Wetland	CW_3	Section_1	MF02	CW3S1-3-4	CW_3_Section_1	CW_3_MF02	2025-12-16	17/12/2025	Winter	0.60-0.80	T8	T8_MF02	T8_0.60-0.80	8	CW3_MF02	no	71	NA	0,59	2,22	10	-92	7,5	1138	0,1	0,01	15	17	820	0,314940469	180	0,070327762	580	0,229443346	230	0,090986154	260	0,102853914	490		2070,00	0,61	2200	0,82390575	2300	0,861356012	4	0,001471844	130	0,048894365	35	0,013054987	21	0,007776469	0,4	0,000148123	0,83	0,000303684	0,86	0,00031466	2492,09	192,09	0,933320144	0,071964132	4900	1400	2.5	6300	0,2	0,003581021	0,003581021	0,8	0,014563991	0,029127981	54	0,562148657	4,497189257	18	25	1,499063086	1,499063086	18	25	1,499063086	1,499063086	10,46346034	10,46346034	10,66346034	0,190930355	0,190930355	10,46346034	10,46346034	10,66346034	0,190930355	0,190930355	4,497189257	11,46346034	0,220058336	1,719121422	0,016943527	0,111062751	0,871993721	1,719121422	0,016943527	0,111062751	0,871993721	-0,28	-0,28	-0,21	-0,21	Sufficient Capacity	Sufficient Capacity	Sulfate Dominant electron acceptor	Sulfate Dominant electron acceptor
CW_203	CW_203	CW3MF05_8	CW3MF05_8_December_2025	CW3MF05_8_December_2025	203	S9840	515F806R	150	65	10,50	14425465-007	Wetland	CW_3	Section_2	MF05	CW3S2-1	CW_3_Section_2	CW_3_MF05	2025-12-16	17/12/2025	Winter	0.15-0.30	T8	T8_MF05	T8_0.15-0.30	8	CW3_MF05	no	70	NA	0,015	1,69	9	26	7,3	1031	0,1	0,01	1,9	2,3	1,4	0,000537703	0,02	7,8142E-06	1,7	0,000672506	0,47	0,000185928	0,31	0,000122634	0,78		4,02	0,00	9,9	0,003707576	8,1	0,003033471	0,01	3,67961E-06	0,01	3,7611E-06	0,005	1,865E-06	0,001	3,70308E-07	0,001	3,70308E-07	0,001	3,65884E-07	0,002	7,31768E-07	8,13	0,03	0,003044615	1,1144E-05	2,5	2,5	2.5	5	3,4	0,06087735	0,06087735	8,3	0,151101402	0,302202804	35	0,364355611	2,914844889	37	51,38888889	3,081407454	3,081407454	-34,5	-6900	-2,873204247	0	21,50822403	21,50822403	24,90822403	0,445984316	0,445984316	-20,05496565	0	3,4	0,06087735	0,06087735	2,914844889	11,7	0,363080154	3,829594573	0,07891248	0,116457319	0,804630202	0,363080154	0,832330824	0,167669176	0	-3,82	-0,36	-3,82	-0,36	Sufficient Capacity	Sufficient Capacity	Sulfate Dominant electron acceptor	Iron Dominant electron acceptor
CW_204	CW_204	CW3MF06_8	CW3MF06_8_December_2025	CW3MF06_8_December_2025	204	S9841	515F806R	150	65	5,20	14425465-008	Wetland	CW_3	Section_2	MF06	CW3S2-3-4	CW_3_Section_2	CW_3_MF06	2025-12-16	17/12/2025	Winter	0.60-0.80	T8	T8_MF06	T8_0.60-0.80	8	CW3_MF06	no	73	NA	0,63	3,32	9	-82	7,7	1107	0,1	0,01	7,4	11	520	0,199718346	95	0,03711743	240	0,094942074	110	0,043515117	110	0,043515117	220		1075,00	0,33	1300	0,486853398	1200	0,449403136	2	0,000735922	50	0,018805525	14	0,005221995	7,7	0,002851372	1,6	0,000592493	0,38	0,000139036	0,43	0,00015733	1276,11	76,11	0,477906809	0,028503673	2100	510	2.5	2700	0,02	0,000358102	0,000358102	0,8	0,014563991	0,029127981	64	0,66625026	5,330002082	8	11,11111111	0,66625026	0,66625026	-10	-18,51851852	-0,832812825	0	4,650426817	4,650426817	4,670426817	0,083624473	0,083624473	-5,813033521	0	0,02	0,000358102	0,000358102	5,330002082	0,82	0,029486083	0,779002714	0,037391373	0,107348115	0,855260512	0,029486083	0,987855218	0,012144782	0	0,04	0,79	0,07	0,82	Insufficient Capacity	Insufficient Capacity	Sulfate Dominant electron acceptor	Iron Dominant electron acceptor
CW_205	CW_205	CW3MF09_8	CW3MF09_8_December_2025	CW3MF09_8_December_2025	205	S9842	515F806R	150	65	8,25	14426548-002	Wetland	CW_3	Section_3	MF09	CW3S3-1	CW_3_Section_3	CW_3_MF09	2025-12-16	18/12/2025	Winter	0.15-0.30	T8	T8_MF09	T8_0.15-0.30	8	CW3_MF09	no	43	NA	1,1	5,78	9	105	7,4	1110	0,1	0,01	13	14	120	0,046088849	3,4	0,001328413	37	0,014636903	27	0,010680983	8,3	0,003283413	35,3		195,70	0,06	160	0,059920418	28	0,010486073	0,01	3,67961E-06	0,01	3,7611E-06	0,005	1,865E-06	0,01	3,70308E-06	0,001	3,70308E-07	0,001	3,65884E-07	0,002	7,31768E-07	28,039	0,039	0,01050055	1,44768E-05	360	2,5	2.5	370	31	0,555058192	0,555058192	4,9	0,089204442	0,178408884	0,5	0,00520508	0,041640641	71,5	99,30555556	5,954611701	5,954611701	34,5	98,57142857	2,873204247	2,873204247	41,56318967	41,56318967	72,56318967	1,299251382	1,299251382	20,05496565	20,05496565	51,05496565	0,914144416	0,914144416	0,041640641	55,95496565	1,0925533	7,432271967	0,024004623	0,174812142	0,801183235	3,965757548	0,04498734	0,230509406	0,724503254	-7,31	-3,84	-7,31	-3,84	Sufficient Capacity	Sufficient Capacity	Sulfate Dominant electron acceptor	Sulfate Dominant electron acceptor
CW_206	CW_206	CW3MF10_8	CW3MF10_8_December_2025	CW3MF10_8_December_2025	206	S9843	515F806R	150	65	5,40	14426548-003	Wetland	CW_3	Section_3	MF10	CW3S3-3-4	CW_3_Section_3	CW_3_MF10	2025-12-16	18/12/2025	Winter	0.60-0.80	T8	T8_MF10	T8_0.60-0.80	8	CW3_MF10	no	68	NA	0,45	1,39	9	-71	7,7	1107	0,1	0,01	12	12	570	0,218922033	77	0,030084654	300	0,118677593	140	0,055382877	110	0,043515117	250		1197,00	0,37	1800	0,674104705	3100	1,160958103	2	0,000735922	85	0,031969392	18	0,006713994	11	0,004073388	1,5	0,000555462	0,48	0,000175624	0,33	0,000120742	3218,31	118,31	1,205302627	0,044344524	3400	900	2.5	4300	0,6	0,010743062	0,010743062	1,2	0,021845986	0,043691972	49	0,510097856	4,080782844	23	31,94444444	1,915469498	1,915469498	15	23,4375	1,249219238	1,249219238	13,3699771	13,3699771	13,9699771	0,250133878	0,250133878	8,719550281	8,719550281	9,319550281	0,166867507	0,166867507	4,080782844	10,51955028	0,210559479	2,209295348	0,019776429	0,11321885	0,867004722	1,459778717	0,029930544	0,114310138	0,855759317	-1,17	-0,42	-1,12	-0,37	Sufficient Capacity	Sufficient Capacity	Sulfate Dominant electron acceptor	Sulfate Dominant electron acceptor
																																																																																																																														
