SampleID	Sample_ID	Sample_Names	Orvion_Sample_Names	CW_Section	CW_Number	CW_Number_Section	CW_Number_MF_number	MF_number	Wetland_Sample	Linked_redox_Sensor	Sample_depth	Sample_depth_information	Primerpairname	Short_Name	Sample_or_Control	Timepoint	Timepoint_Sample_depth_information	Sampling_Date	Season_Meterological	Filtration_Volume_ml	Elution_Volume_ul	DNA_concentration	Order_Treatment	sample_nr	obs_well	date	DOC	TOC	benzene_ug_l	benzene_mmol_e_l	toluene_ug_l	toluene_mmol_e_l	ethylbenzene_ug_l	ethylbenzene_mmol_e_l	o_xylene_ug_l	o_xylene_mmol_e_l	pm_xylene_ug_l	pm_xylene_mmol_e_l	xylene_ug_l	xylene_mmol_e_l	concentration_BTEX_ug_l	concentration_BTEX_mmol_e_l	naphthalene_VOC_ug_l	naphthalene_VOC_mmol_e_l	phenol	m_cresol	o_cresol	p_cresol	cresol	2_ethylphenol	3_ethylphenol	24_dimethylphenol	25_dimethylphenol	3,5+2,3-dimethylphenol+4-ethylphenol	26_dimethylphenol	34_dimethylphenol	c2_alkylphenols_total	235_trimethylphenol	345_trimethylphenol	2_isopropylphenol	c3_alkylphenols_total	thymol	p_[tert]butylphenol	c4_alkylphenols_total	naphthalene_PAH_ug_l	acenaphthylene_ug_l	acenaphthene_ug_l	fluorene_ug_l	phenanthrene_ug_l	anthracene_ug_l	fluoranthene_ug_l	pyrene_ug_l	naphthalene_PAH_mmol_e_l	acenaphthylene_mmol_e_l	acenaphthene_mmol_e_l	fluorene_mmol_e_l	phenanthrene_mmol_e_l	anthracene_mmol_e_l	fluoranthene_mmol_e_l	pyrene_mmol_e_l	benzo[a]anthracene	chrysene	benzo[b]fluoranthene	benzo[k]fluoranthene	benzo[a]pyrene		dibenz[a,h]anthracene	benzo[ghi]perylene	indeno[1,2,3-cd]pyrene	Sum_water_soluble_PAHs_ug_l	Sum_water_soluble_PAHs_no_napthalene_ug_l	Sum_water_soluble_PAHs_mmol_e_l	Sum_water_soluble_PAHs_no_napthalene_mmol_e_l	PAH_total_16_ug	fraction_C10-C12	fraction_C12-C22	fraction_C22-C30	fraction_C30-C40	total_C10-C40	Electron_Donor_Load	Total_Electron_Acceptor_Capacity	chloride_mg_l	nitrite_mg_l	nitrite_N_mg_l	nitrate_mg_l	iron2_precipated_due_to_sulfate_reduction_mg_l_Sulfate_relative_To_Influent	iron2_precipated_due_to_sulfate_reduction_no_negative_values_mg_l_Sulfate_relative_To_Influent	iron2_mg_l	iron2_measured_mmoles_l	iron2_measured_electron_acceptor_capacity_mmol_e	total_iron2_mg_l_Sulfate_relative_To_Influent	iron2_total_mmoles_l__Sulfate_relative_To_Influent	iron2_total_electron_acceptor_capacity_mmol_e__Sulfate_relative_To_Influent	iron2_precipated_due_to_sulfate_reduction_mg_l_Sulfate_relative_To_1D_Flow	iron2_precipated_due_to_sulfate_reduction_no_negative_values_mg_l_Sulfate_relative_To_1D_Flow	total_iron2_mg_l_Sulfate_relative_To_1D_Flow	iron2_total_mmoles_l__Sulfate_relative_To_1D_Flow	iron2_total_electron_acceptor_capacity_mmol_e__Sulfate_relative_To_1D_Flow	manganese2_mg_l	manganese2_mmoles_l	manganese2_electron_acceptor_capacity_mmol_e_l	Ratio_iron2_manganese2_in_mmoles_l	Ratio_iron2_to_manganese2_in_mmoles_e_l	combined_total_reduced_metals_mg_l	combined_total_reduced_metals_mmol_e_l	cyanide_total	phosphorus_total	nitrate_consumption_relative_to_influent	nitrate_N_mg_l	nitrate_mmoles_l	nitrate_electron_acceptor_capacity_mmol_e	sulfate_consumption_relative_to_influent	sulfate_consumption_percentage_relative_to_influent	sulfate_consumption_relative_to_influent_mmols_e_l	sulfate_consumption_1D_flow_mg_l	sulfate_consumption_percentage_1D_flow_relative_to_previous_sample	sulfate_consumption_1D_flow_mmols_e_l	sulfate_consumption_1D_flow_mmols_e_l_no_negatives	sulfate_mg_l	sulfate_mmoles_l	sulfate_electron_acceptor_capacity_mmol_e	combined_remaining_soluble_electron_acceptor_capacity	total_electron_acceptor_capacity_consumed_mmol_e_l_relative_To_Influent	electron_acceptor_relative_contribution_manganse_Sulfate_relative_To_Influent	electron_acceptor_relative_contribution_iron_Sulfate_relative_To_Influent	electron_acceptor_relative_contribution_sulfate_Sulfate_relative_To_Influent	total_electron_acceptor_capacity_consumed_mmols_e_l_Sulfate_relative_To_1D_Flow	electron_acceptor_relative_contribution_manganse_Sulfate_relative_To_1D_Flow	electron_acceptor_relative_contribution_iron_Sulfate_relative_To_1D_Flow	electron_acceptor_relative_contribution_sulfate_Sulfate_relative_To_1D_Flow	oxygen	temperature	redoxpot	pH	EGV3	Frontpump_flowrate		electron_acceptor_donor_balance_BTEXN_minus_total_e_acceptors_consumed_relative_to_influent	electron_acceptor_donor_balance_BTXN_PAH_e_acceptors_consumed_relative_to_influent	electron_acceptor_donor_balance_BTXN_PAH_e_acceptors_consumed_relative_to_1D_flow	electron_acceptor_donor_balance_BTXN_PAH_e_acceptors_consumed_relative_to_1D_flow
CW_1	CW_1	CW1MF01_P0_May_2024	S7472	Section_1	CW_1	CW_1_Section_1	CW_1_MF01	MF01	Wetland	CW1S1-1	0.15-0.30	0.15-0.30	515F806R	CW1MF01_P0	True Sample	P0	P0_0.15-0.30	2024-05-27	Spring	150	65	19,1	1				NA	NA	NA	NA	NA	NA	NA	NA	NA	NA	NA	NA	NA	NA	NA	NA	NA	NA	NA	NA	NA	NA	NA	NA	NA	NA	NA	NA	NA	NA	NA	NA	NA	NA	NA	NA	NA	NA	NA	NA	NA	NA	NA	NA	NA	NA	NA	NA	NA	NA	NA	NA	NA	NA	NA	NA	NA	NA	NA		NA	NA	NA	NA	NA	NA	NA	NA	NA	NA	NA	NA	NA	NA		NA	NA	NA	NA	NA	NA	NA	NA	NA	NA	NA	NA	NA	NA	NA	NA	NA	NA	NA	NA	NA	NA	NA	NA	NA	NA	NA	NA	NA	NA	NA	NA	NA	NA	NA	NA	NA	NA	NA	NA	NA	NA	NA	NA	NA	NA	NA	NA	NA	NA	NA	NA	NA	NA	NA	NA	NA	NA	NA	NA
CW_2	CW_2	CW1MF02_P0_May_2024	S7473	Section_1	CW_1	CW_1_Section_1	CW_1_MF02	MF02	Wetland	CW1S1-3-4	0.60-0.80	0.60-0.80	515F806R	CW1MF02_P0	True Sample	P0	P0_0.60-0.80	2024-05-27	Spring	150	65	13,3	2				NA	NA	NA	NA	NA	NA	NA	NA	NA	NA	NA	NA	NA	NA	NA	NA	NA	NA	NA	NA	NA	NA	NA	NA	NA	NA	NA	NA	NA	NA	NA	NA	NA	NA	NA	NA	NA	NA	NA	NA	NA	NA	NA	NA	NA	NA	NA	NA	NA	NA	NA	NA	NA	NA	NA	NA	NA	NA	NA		NA	NA	NA	NA	NA	NA	NA	NA	NA	NA	NA	NA	NA	NA		NA	NA	NA	NA	NA	NA	NA	NA	NA	NA	NA	NA	NA	NA	NA	NA	NA	NA	NA	NA	NA	NA	NA	NA	NA	NA	NA	NA	NA	NA	NA	NA	NA	NA	NA	NA	NA	NA	NA	NA	NA	NA	NA	NA	NA	NA	NA	NA	NA	NA	NA	NA	NA	NA	NA	NA	NA	NA	NA	NA
CW_3	CW_3	CW1MF03_P0_May_2024	S7474	Section_2	CW_1	CW_1_Section_2	CW_1_MF03	MF03	Wetland	CW1S2-1	0.15-0.30	0.15-0.30	515F806R	CW1MF03_P0	True Sample	P0	P0_0.15-0.30	2024-05-27	Spring	150	65	14,95	3				NA	NA	NA	NA	NA	NA	NA	NA	NA	NA	NA	NA	NA	NA	NA	NA	NA	NA	NA	NA	NA	NA	NA	NA	NA	NA	NA	NA	NA	NA	NA	NA	NA	NA	NA	NA	NA	NA	NA	NA	NA	NA	NA	NA	NA	NA	NA	NA	NA	NA	NA	NA	NA	NA	NA	NA	NA	NA	NA		NA	NA	NA	NA	NA	NA	NA	NA	NA	NA	NA	NA	NA	NA		NA	NA	NA	NA	NA	NA	NA	NA	NA	NA	NA	NA	NA	NA	NA	NA	NA	NA	NA	NA	NA	NA	NA	NA	NA	NA	NA	NA	NA	NA	NA	NA	NA	NA	NA	NA	NA	NA	NA	NA	NA	NA	NA	NA	NA	NA	NA	NA	NA	NA	NA	NA	NA	NA	NA	NA	NA	NA	NA	NA
CW_4	CW_4	CW1MF04_P0_May_2024	S7475	Section_2	CW_1	CW_1_Section_2	CW_1_MF04	MF04	Wetland	CW1S2-3-4	0.60-0.80	0.60-0.80	515F806R	CW1MF04_P0	True Sample	P0	P0_0.60-0.80	2024-05-27	Spring	150	65	13,65	4				NA	NA	NA	NA	NA	NA	NA	NA	NA	NA	NA	NA	NA	NA	NA	NA	NA	NA	NA	NA	NA	NA	NA	NA	NA	NA	NA	NA	NA	NA	NA	NA	NA	NA	NA	NA	NA	NA	NA	NA	NA	NA	NA	NA	NA	NA	NA	NA	NA	NA	NA	NA	NA	NA	NA	NA	NA	NA	NA		NA	NA	NA	NA	NA	NA	NA	NA	NA	NA	NA	NA	NA	NA		NA	NA	NA	NA	NA	NA	NA	NA	NA	NA	NA	NA	NA	NA	NA	NA	NA	NA	NA	NA	NA	NA	NA	NA	NA	NA	NA	NA	NA	NA	NA	NA	NA	NA	NA	NA	NA	NA	NA	NA	NA	NA	NA	NA	NA	NA	NA	NA	NA	NA	NA	NA	NA	NA	NA	NA	NA	NA	NA	NA
CW_5	CW_5	CW1MF09_P0_May_2024	S7476	Section_3	CW_1	CW_1_Section_3	CW_1_MF09	MF09	Wetland	CW1S3-1	0.15-0.30	0.15-0.30	515F806R	CW1MF09_P0	True Sample	P0	P0_0.15-0.30	2024-05-27	Spring	150	65	11,85	5				NA	NA	NA	NA	NA	NA	NA	NA	NA	NA	NA	NA	NA	NA	NA	NA	NA	NA	NA	NA	NA	NA	NA	NA	NA	NA	NA	NA	NA	NA	NA	NA	NA	NA	NA	NA	NA	NA	NA	NA	NA	NA	NA	NA	NA	NA	NA	NA	NA	NA	NA	NA	NA	NA	NA	NA	NA	NA	NA		NA	NA	NA	NA	NA	NA	NA	NA	NA	NA	NA	NA	NA	NA		NA	NA	NA	NA	NA	NA	NA	NA	NA	NA	NA	NA	NA	NA	NA	NA	NA	NA	NA	NA	NA	NA	NA	NA	NA	NA	NA	NA	NA	NA	NA	NA	NA	NA	NA	NA	NA	NA	NA	NA	NA	NA	NA	NA	NA	NA	NA	NA	NA	NA	NA	NA	NA	NA	NA	NA	NA	NA	NA	NA
CW_6	CW_6	CW1MF10_P0_May_2024	S7477	Section_3	CW_1	CW_1_Section_3	CW_1_MF10	MF10	Wetland	CW1S3-3-4	0.60-0.80	0.60-0.80	515F806R	CW1MF10_P0	True Sample	P0	P0_0.60-0.80	2024-05-27	Spring	150	65	12	6				NA	NA	NA	NA	NA	NA	NA	NA	NA	NA	NA	NA	NA	NA	NA	NA	NA	NA	NA	NA	NA	NA	NA	NA	NA	NA	NA	NA	NA	NA	NA	NA	NA	NA	NA	NA	NA	NA	NA	NA	NA	NA	NA	NA	NA	NA	NA	NA	NA	NA	NA	NA	NA	NA	NA	NA	NA	NA	NA		NA	NA	NA	NA	NA	NA	NA	NA	NA	NA	NA	NA	NA	NA		NA	NA	NA	NA	NA	NA	NA	NA	NA	NA	NA	NA	NA	NA	NA	NA	NA	NA	NA	NA	NA	NA	NA	NA	NA	NA	NA	NA	NA	NA	NA	NA	NA	NA	NA	NA	NA	NA	NA	NA	NA	NA	NA	NA	NA	NA	NA	NA	NA	NA	NA	NA	NA	NA	NA	NA	NA	NA	NA	NA
CW_7	CW_7	CW1MF11_P0_May_2024	S7478	Section_4	CW_1	CW_1_Section_4	CW_1_MF11	MF11	Wetland	CW1S4-1	0.15-0.30	0.15-0.30	515F806R	CW1MF11_P0	True Sample	P0	P0_0.15-0.30	2024-05-27	Spring	150	65	11,05	7				NA	NA	NA	NA	NA	NA	NA	NA	NA	NA	NA	NA	NA	NA	NA	NA	NA	NA	NA	NA	NA	NA	NA	NA	NA	NA	NA	NA	NA	NA	NA	NA	NA	NA	NA	NA	NA	NA	NA	NA	NA	NA	NA	NA	NA	NA	NA	NA	NA	NA	NA	NA	NA	NA	NA	NA	NA	NA	NA		NA	NA	NA	NA	NA	NA	NA	NA	NA	NA	NA	NA	NA	NA		NA	NA	NA	NA	NA	NA	NA	NA	NA	NA	NA	NA	NA	NA	NA	NA	NA	NA	NA	NA	NA	NA	NA	NA	NA	NA	NA	NA	NA	NA	NA	NA	NA	NA	NA	NA	NA	NA	NA	NA	NA	NA	NA	NA	NA	NA	NA	NA	NA	NA	NA	NA	NA	NA	NA	NA	NA	NA	NA	NA
CW_8	CW_8	CW1MF12_P0_May_2024	S7479	Section_4	CW_1	CW_1_Section_4	CW_1_MF12	MF12	Wetland	CW1S4-3-4	0.60-0.80	0.60-0.80	515F806R	CW1MF12_P0	True Sample	P0	P0_0.60-0.80	2024-05-27	Spring	150	65	10,65	8				NA	NA	NA	NA	NA	NA	NA	NA	NA	NA	NA	NA	NA	NA	NA	NA	NA	NA	NA	NA	NA	NA	NA	NA	NA	NA	NA	NA	NA	NA	NA	NA	NA	NA	NA	NA	NA	NA	NA	NA	NA	NA	NA	NA	NA	NA	NA	NA	NA	NA	NA	NA	NA	NA	NA	NA	NA	NA	NA		NA	NA	NA	NA	NA	NA	NA	NA	NA	NA	NA	NA	NA	NA		NA	NA	NA	NA	NA	NA	NA	NA	NA	NA	NA	NA	NA	NA	NA	NA	NA	NA	NA	NA	NA	NA	NA	NA	NA	NA	NA	NA	NA	NA	NA	NA	NA	NA	NA	NA	NA	NA	NA	NA	NA	NA	NA	NA	NA	NA	NA	NA	NA	NA	NA	NA	NA	NA	NA	NA	NA	NA	NA	NA
CW_9	CW_9	CWinf_0_August_2024	S7660	Section_0	CW_0	CW_0_Section_0	CW_0_INF	INF	INF	NA	NA	INF	515F806R	CWinf_0	True Sample	T0	T0_INF	2024-08-12	Summer	150	65	5,95	9	14137094-002	INFLOW	14/08/2024	14	15	690	0,265010882	190	0,07423486	910	0,359988697	330	0,130545352	590	0,233399265	920	0,363944617	2710,00	1,06	5600	2,097214637	5.5	0.68	0.9	0.81	2.4	2	2	6.4	1.5	11	1.1	1.9	26	4.8	0.053	0.02	4.8	0.02	1.6	1.6	4900	1900	2400	2600	5100	2300	2200	2800	1,835062807	0,699126092	0,902665197	0,969799061	1,888570948	0,851708467	0,804944376	1,02447466	1100	960	710	310	1000		87	350	430	24200	19300	8,976351608	7,141288801	29000	8600	4600	2.5	2.5	13000	31.710		65	0.03	0.01	0.075	0		0,3	0,005371531	0,005371531	0,3	0,005371531	0,005371531	0	0	0,3	0,005371531	0,005371531	0,9	0,016384489	0,032768979	0,327842435	0,163921218	1,2	0,03814051	26	0.78	1	0,017	0,000274194	0,001370968	0	0,00	0	0	0,00	0	0	73	0,759941703	6,079533625	6,080904593	0,04	0,85916468	0,14083532	0	0,04	14,08353204	85,91646796	0	NA	NA	NA	NA	NA	0.2	NA	3,12	10,26	3,12	10,26
CW_10	CW_10	CW1eff_0_August_2024	S7661	Section_5	CW_1	CW_1_Section_5	CW_1_EFF	EFF	EFF	NA	NA	EFF	515F806R	CW1eff_0	True Sample	T0	T0_EFF	2024-08-12	Summer	150	65	5,5	10	14135850-001	CW1_OUT	12/08/2024	17	17	150	0,057611061	21	0,008204906	110	0,043515117	43	0,017010455	35	0,013845719	78		359,00	0,11	410	0,153546072	5.2	0.25	0.43	0.42	1.1	1	2	1.1	0.45	3	0.31	0.58	8.4	0.95	0.02	0.01	0.95	0.01	0.24	0.03	160	1,6	6,1	1,3	0,73	0,08	0,04	0,03	0,059920418	0,000588738	0,002294274	0,0004849	0,000270325	2,96246E-05	1,46354E-05	1,09765E-05	0,001	0,001	0,002	0,001	0,001		0,002	0,001	0,001	169,88	9,88	0,063613891	0,003693473	170	430	50	2.5	2.5	480	529		44	0.03	0.01	0.075	21,50822403	21,50822403	5,3	0,094897046	0,094897046	26,80822403	0,480004011	0,480004011	1,743910056	1,743910056	7,043910056	0,126121935	0,126121935	3,8	0,069178955	0,13835791	6,938584299	3,46929215	30,60822403	0,618361921	12	0.93	1	0,017	0,000274194	0,001370968	37	50,68	3,081407454	3	7,69	0,249843848	0,249843848	36	0,374765771	2,998126171	2,999497139	3,70	0,037396361	0,129738901	0,832864739	0,51	24,52189868	26,90094042	48,5771609	4.02	23	-83	7	785	0.1	NA	-3,44	-3,43	-0,25	-0,25
CW_11	CW_11	CW2eff_0_August_2024	S7662	Section_5	CW_2	CW_2_Section_5	CW_2_EFF	EFF	EFF	NA	NA	EFF	515F806R	CW2eff_0	True Sample	T0	T0_EFF	2024-08-12	Summer	150	65	16,05	11	14137094-008	CW2_OUT	14/08/2024	13	13	680	0,261170145	63	0,024614717	370	0,146369031	150	0,059338796	200	0,079118395	350		1463,00	0,43	1400	0,524303659	21	0.83	1.3	1.3	3.4	4.5	3.8	7.7	2.1	14	1.5	2.9	37	5.1	0.042	0.024	5.1	0.014	1.6	1.6	510	4	4	1,6	0,13	0,02	0,04	0,002	0,190996333	0,001471844	0,001504442	0,000596799	4,814E-05	7,40616E-06	1,46354E-05	7,31768E-07	0,001	0,001	0,002	0,001	0,001		0,002	0,001	0,001	519,792	9,792	0,194640332	0,003643999	510	2000	220	2.5	2.5	2200	1.973		62	0.03	0.01	0.075	20,92692067	20,92692067	6,3	0,112802149	0,112802149	27,22692067	0,487500818	0,487500818	4,650426817	4,650426817	10,95042682	0,19606852	0,19606852	3,7	0,067358456	0,134716912	7,23741079	3,618705395	30,92692067	0,62221773	22	0.84	1	0,017	0,000274194	0,001370968	36	49,32	2,998126171	8	17,78	0,66625026	0,66625026	37	0,385175932	3,081407454	3,082778421	3,62	0,037211082	0,134655942	0,828132977	1,00	19,6651455	13,51174421	66,82311029	0.75	24	-146	6.88	704	0.3	NA	-2,66	-2,66	-0,04	-0,04
CW_12	CW_12	CW3eff_0_August_2024	S7663	Section_5	CW_3	CW_3_Section_5	CW_3_EFF	EFF	EFF	NA	NA	EFF	515F806R	CW3eff_0	True Sample	T0	T0_EFF	2024-08-12	Summer	150	65	4,2	12	14137171-001	CW3_OUT	14/08/2024	24	26	510	0,195877609	13	0,005079227	260	0,102853914	90	0,035603278	76	0,03006499	166		949,00	0,30	1100	0,411952875	87	0.2	0.2	230	230	2.8	0.3	4.4	0.3	1	0.3	0.2	2.1	3.1	0.2	0.2	0.41	0.2	7.8	7.8	360	2	2	2,5	0,37	0,03	0,02	0,002	0,134820941	0,000735922	0,000752221	0,000932499	0,000137014	1,11092E-05	7,31768E-06	7,31768E-07	0,001	0,001	0,002	0,001	0,001		0,002	0,001	0,001	366,922	6,922	0,137397756	0,002576815	360	1600	240	2.5	2.5	1800	1.309		61	0.03	0.01	0.075	18,02040391	18,02040391	7,6	0,136078782	0,136078782	25,62040391	0,45873597	0,45873597	2,90651676	2,90651676	10,50651676	0,188120264	0,188120264	4,2	0,07646095	0,152921901	5,999611148	2,999805574	29,82040391	0,61165787	23	0.98	1	0,017	0,000274194	0,001370968	31	42,47	2,581719758	5	10,64	0,416406413	0,416406413	42	0,437226733	3,497813866	3,499184834	3,19	0,047887196	0,143652278	0,808460526	0,76	24,8360443	20,18908017	54,97487552	0.48	23.8	-141	7.01	919	0.3	NA	-2,48	-2,48	-0,04	-0,04
CW_13	CW_13	CW1MF01_0_August_2024	S7664	Section_1	CW_1	CW_1_Section_1	CW_1_MF01	MF01	Wetland	CW1S1-1	0.15-0.30	0.15-0.30	515F806R	CW1MF01_0	True Sample	T0	T0_0.15-0.30	2024-08-12	Summer	150	65	24	13	14137094-003	CW1_MF01	14/08/2024	17	18	320	0,122903597	19	0,007423486	18	0,007120656	11	0,004351512	4,3	0,001701045	15,3		372,30	0,14	4	0,00149801	18	0.25	0.91	0.6	1.8	0.82	0.36	1.5	0.67	3.3	0.47	0.71	7.8	0.7	0.02	0.01	0.7	0.01	0.02	0.03	3	0,01	0,1	0,005	0,04	0,001	0,01	0,002	0,001123508	3,67961E-06	3,7611E-05	1,865E-06	1,48123E-05	3,70308E-07	3,65884E-06	7,31768E-07	0,001	0,001	0,002	0,001	0,001		0,002	0,001	0,001	3,168	0,168	0,001186237	6,27289E-05	3,2	2.5	2.5	2.5	2.5	5	376		61	0.03	0.01	0.075	42,14449303	42,14449303	18	0,322291853	0,322291853	60,14449303	1,07689334	1,07689334	42,14449303	42,14449303	60,14449303	1,07689334	1,07689334	4,3	0,078281449	0,156562898	13,75668631	6,878343157	64,44449303	1,233456238	18	2.7	1	0,017	0,000274194	0,001370968	72,5	99,32	6,037892984	72,5	99,32	6,037892984	6,037892984	0,5	0,00520508	0,041640641	0,043011609	7,27	0,021531478	0,148100897	0,830367625	7,27	14,81008967	2,153147834	83,0367625	0.46	24.5	-166	6.8	1060	0.1	NA	-7,13	-7,13	-7,13	-7,13
CW_14	CW_14	CW1MF02_0_August_2024	S7665	Section_1	CW_1	CW_1_Section_1	CW_1_MF02	MF02	Wetland	CW1S1-3-4	0.60-0.80	0.60-0.80	515F806R	CW1MF02_0	True Sample	T0	T0_0.60-0.80	2024-08-12	Summer	150	65	4,1	14	14137094-004	CW1_MF02	14/08/2024	12	12	510	0,195877609	120	0,046885175	600	0,237355185	230	0,090986154	310	0,122633512	540		1770,00	0,48	3600	1,348209409	8.2	0.89	1.6	0.43	2.9	4.6	4	12	2.8	19	1.9	3.8	48	7.6	0.08	0.031	7.6	0.022	2.6	2.6	1700	83	75	32	21	4,3	0,7	0,55	0,636654443	0,030540771	0,028208287	0,011935988	0,007776469	0,001592325	0,000256119	0,000201236	0,001	0,001	0,002	0,001	0,001		0,002	0,001	0,001	1916,55	216,55	0,717165638	0,080511195	1900	5900	1900	2.5	2.5	7800	3.670		65	0.03	0.01	0.075	8,138246929	8,138246929	1,5	0,026857654	0,026857654	9,638246929	0,172573804	0,172573804	8,138246929	8,138246929	9,638246929	0,172573804	0,172573804	1,4	0,025486983	0,050973967	6,77105645	3,385528225	11,03824693	0,22354777	23	0.83	1	0,017	0,000274194	0,001370968	14	19,18	1,165937955	14	19,18	1,165937955	1,165937955	59	0,614199459	4,913595669	4,914966637	1,39	0,036685492	0,124199767	0,839114741	1,39	12,41997671	3,668549156	83,91147413	0.26	23.1	-192	7.1	1118	0.2	NA	0,44	0,52	0,44	0,52
CW_15	CW_15	CW1MF05_0_August_2024	S7666	Section_2	CW_1	CW_1_Section_2	CW_1_MF05	MF05	Wetland	CW1S2-1	0.15-0.30	0.15-0.30	515F806R	CW1MF05_0	True Sample	T0	T0_0.15-0.30	2024-08-12	Summer	150	65	8,35	15	14137094-005	CW1_MF05	14/08/2024	32	32	2,6	0,000998592	0,6	0,000234426	1,6	0,000632947	0,75	0,000296694	0,73	0,000288782	1,48		6,28	0,00	18	0,006741047	0.05	0.11	0.11	0.01	0.03	0.01	0.01	0.01	0.01	0.03	0.01	0.01	0.09	0.01	0.02	0.01	0.04	0.01	0.02	0.03	9,1	0,31	0,17	0,005	0,04	0,001	0,001	0,002	0,003407974	0,000114068	6,39388E-05	1,865E-06	1,48123E-05	3,70308E-07	3,65884E-07	7,31768E-07	0,001	0,001	0,002	0,001	0,001		0,002	0,001	0,001	9,629	0,529	0,003604126	0,000196152	9,6	30	2.5	2.5	2.5	5	16		13	0.03	0.01	0.075	42,14449303	42,14449303	4,6	0,082363474	0,082363474	46,74449303	0,83696496	0,83696496	0	0	4,6	0,082363474	0,082363474	5,1	0,09284544	0,185690879	9,014604953	4,507302477	51,84449303	1,022655839	3.7	2	1	0,017	0,000274194	0,001370968	72,5	99,32	6,037892984	0	0,00	0	0	0,5	0,00520508	0,041640641	0,043011609	7,06	0,02629978	0,118541063	0,855159158	0,27	30,7264078	69,2735922	0	0.36	24.8	-133	7.02	755	0.1	NA	-7,05	-7,05	-0,26	-0,26
CW_16	CW_16	CW1MF06_0_August_2024	S7667	Section_2	CW_1	CW_1_Section_2	CW_1_MF06	MF06	Wetland	CW1S2-3-4	0.60-0.80	0.60-0.80	515F806R	CW1MF06_0	True Sample	T0	T0_0.60-0.80	2024-08-12	Summer	150	65	20,35	16	14137094-001	CW1_MF06	14/08/2024	23	18	310	0,11906286	18	0,007032776	28	0,011076575	14	0,005538288	6,3	0,002492229	20,3		376,30	0,14	5,6	0,002097215	11	0.11	1.6	0.19	1.9	1.2	0.24	1.3	0.75	2.2	0.42	0.27	6.4	0.59	0.02	0.01	0.59	0.01	0.22	0.03	2,2	0,01	0,01	0,005	0,001	0,001	0,001	0,002	0,000823906	3,67961E-06	3,7611E-06	1,865E-06	3,70308E-07	3,70308E-07	3,65884E-07	7,31768E-07	0,001	0,001	0,002	0,001	0,001		0,002	0,001	0,001	2,23	0,03	0,00083505	1,1144E-05	2,2	2.5	2.5	2.5	2.5	5	379		63	0.03	0.01	0.075	42,14449303	42,14449303	17	0,30438675	0,30438675	59,14449303	1,058988237	1,058988237	34,0062461	34,0062461	51,0062461	0,913272088	0,913272088	3,9	0,070999454	0,141998908	14,91544201	7,457721006	63,04449303	1,200987144	20	1.7	1	0,017	0,000274194	0,001370968	72,5	99,32	6,037892984	58,5	99,15	4,871955028	4,871955028	0,5	0,00520508	0,041640641	0,043011609	7,24	0,019616143	0,146291722	0,834092135	5,93	15,40808608	2,39570597	82,19620795	0.37	23.8	-134	7.05	799	0.3	NA	-7,10	-7,10	-5,79	-5,79
CW_17	CW_17	CW1MF09_0_August_2024	S7668	Section_3	CW_1	CW_1_Section_3	CW_1_MF09	MF09	Wetland	CW1S3-1	0.15-0.30	0.15-0.30	515F806R	CW1MF09_0	True Sample	T0	T0_0.15-0.30	2024-08-12	Summer	150	65	17,65	17	14135850-002	CW1_MF09	12/08/2024	28	20	110	0,042248112	2,1	0,000820491	44	0,017406047	31	0,012263351	14	0,005538288	45		201,10	0,06	2,5	0,000936257	2.6	0.01	0.44	0.01	0.44	1.4	0.69	0.62	0.79	2.1	0.24	0.6	6.4	0.62	0.02	0.01	0.62	0.01	0.27	0.03	0,002	0,01	0,01	0,005	0,02	0,001	0,01	0,002	7,49005E-07	3,67961E-06	3,7611E-06	1,865E-06	7,40616E-06	3,70308E-07	3,65884E-06	7,31768E-07	0,001	0,001	0,002	0,001	0,001		0,002	0,001	0,001	0,06	0,058	2,22218E-05	2,14728E-05	0,042	2.5	2.5	2.5	2.5	5	201		47	0.03	0.01	0.075	42,14449303	42,14449303	16	0,286481647	0,286481647	58,14449303	1,041083134	1,041083134	0	0	16	0,286481647	0,286481647	3,7	0,067358456	0,134716912	15,45586393	7,727931965	61,84449303	1,175800046	17	2.4	1	0,017	0,000274194	0,001370968	72,5	99,32	6,037892984	0	0,00	0	0	0,5	0,00520508	0,041640641	0,043011609	7,21	0,018675166	0,14432041	0,837004425	0,42	68,01581835	31,98418165	0	1.08	22.9	-138	7.19	1210	0.1	NA	-7,15	-7,15	-0,36	-0,36
CW_18	CW_18	CW1MF10_0_August_2024	S7669	Section_3	CW_1	CW_1_Section_3	CW_1_MF10	MF10	Wetland	CW1S3-3-4	0.60-0.80	0.60-0.80	515F806R	CW1MF10_0	True Sample	T0	T0_0.60-0.80	2024-08-12	Summer	150	65	8	18	14135850-003	CW1_MF10	12/08/2024	12	12	650	0,249647932	88	0,034382461	380	0,150324951	150	0,059338796	130	0,051426957	280		1398,00	0,43	2000	0,749005227	14	0.97	1.5	0.74	3.2	3.8	3.6	8.8	2.6	14	1.7	3.2	38	6.1	0.067	0.021	6.1	0.017	3	3	730	4	4	4,3	0,3	0,03	0,04	0,03	0,273386908	0,001471844	0,001504442	0,001603898	0,000111092	1,11092E-05	1,46354E-05	1,09765E-05	0,001	0,001	0,002	0,001	0,001		0,002	0,001	0,001	742,7	12,7	0,278114906	0,004727998	730	3100	410	2.5	2.5	3500	2.128		67	0.03	0.01	0.075	19,76431397	19,76431397	4,8	0,085944494	0,085944494	24,56431397	0,439826571	0,439826571	-22,38017905		4,8	0,085944494	0,085944494	3,2	0,058255962	0,116511924	7,549897977	3,774948988	27,76431397	0,556338495	26	0.94	1	0,017	0,000274194	0,001370968	34	46,58	2,831563606	-38,5	-7700,00	-3,206329377		39	0,405996252	3,247970019	3,249340986	3,39	0,034390582	0,129822692	0,835786726	0,20	42,45086169	57,54913831	0	0.4	22.8	-132.5	7.01	985	0.2	NA	-2,20	-2,20	0,98	0,99
CW_19	CW_19	CW2MF01_0_August_2024	S7670	Section_1	CW_2	CW_2_Section_1	CW_2_MF01	MF01	Wetland	CW2S1-1	0.15-0.30	0.15-0.30	515F806R	CW2MF01_0	True Sample	T0	T0_0.15-0.30	2024-08-12	Summer	150	65	14,45	19	14137094-009	CW2_MF01	14/08/2024	16	16	440	0,168992447	30	0,011721294	33	0,013054535	20	0,00791184	14	0,005538288	34		537,00	0,19	2,1	0,000786455	35	0.86	1.5	1	3.4	1.8	1.7	3.2	1.1	6.5	0.82	1.6	17	1.6	0.02	0.01	1.6	0.01	0.02	0.03	1,2	0,01	0,01	0,005	0,02	0,001	0,01	0,002	0,000449403	3,67961E-06	3,7611E-06	1,865E-06	7,40616E-06	3,70308E-07	3,65884E-06	7,31768E-07	0,001	0,001	0,002	0,001	0,001		0,002	0,001	0,001	1,258	0,058	0,000470876	2,14728E-05	1,2	2.5	2.5	2.5	2.5	5	538		62	0.03	0.01	0.075	38,71480325	38,71480325	15	0,268576544	0,268576544	53,71480325	0,961769082	0,961769082	38,71480325	38,71480325	53,71480325	0,961769082	0,961769082	5,3	0,096486437	0,192972875	9,967919942	4,983959971	59,01480325	1,154741957	22	2.4	1	0,017	0,000274194	0,001370968	66,6	91,23	5,546533417	66,6	91,23	5,546533417	5,546533417	6,4	0,066625026	0,533000208	0,534371176	6,70	0,02879644	0,143520305	0,827683255	6,70	14,35203045	2,879644005	82,76832554	0.88	23.9	-118	6.9	880	0.2	NA	-6,51	-6,51	-6,51	-6,51
CW_20	CW_20	CW2MF02_0_August_2024	S7671	Section_1	CW_2	CW_2_Section_1	CW_2_MF02	MF02	Wetland	CW2S1-3-4	0.60-0.80	0.60-0.80	515F806R	CW2MF02_0	True Sample	T0	T0_0.60-0.80	2024-08-12	Summer	150	65	4	20	14137094-010	CW2_MF02	14/08/2024	12	12	740	0,284214569	140	0,054699371	640	0,253178864	230	0,090986154	380	0,150324951	610		2130,00	0,59	3800	1,423109932	7.5	0.85	1.5	0.91	3.3	4	3.6	11	2.5	18	1.7	3.4	44	7.5	0.054	0.026	7.5	0.021	2.3	2.3	1400	67	60	26	16	3,5	0,54	0,44	0,524303659	0,024653394	0,02256663	0,009697991	0,005924928	0,001296078	0,000197577	0,000160989	0,001	0,001	0,002	0,001	0,001		0,002	0,001	0,001	1573,48	173,48	0,588801246	0,064497587	1600	5700	1900	2.5	2.5	7600	3.730		65	0.03	0.01	0.075	8,719550281	8,719550281	1,2	0,021486124	0,021486124	9,919550281	0,177610569	0,177610569	8,719550281	8,719550281	9,919550281	0,177610569	0,177610569	1,2	0,021845986	0,043691972	8,130123798	4,065061899	11,11955028	0,221302541	22	0.88	1	0,017	0,000274194	0,001370968	15	20,55	1,249219238	15	20,55	1,249219238	1,249219238	58	0,603789298	4,830314387	4,831685355	1,47	0,029711883	0,120780645	0,849507472	1,47	12,07806451	2,971188338	84,95074715	0.16	24.1	-164	7.09	814	0.2	NA	0,54	0,61	0,54	0,61
CW_21	CW_21	CW2MF05_0_August_2024	S7672	Section_2	CW_2	CW_2_Section_2	CW_2_MF05	MF05	Wetland	CW2S2-1	0.15-0.30	0.15-0.30	515F806R	CW2MF05_0	True Sample	T0	T0_0.15-0.30	2024-08-12	Summer	150	65	17,55	21	14137094-006	CW2_MF05	14/08/2024	13	13	880	0,337984893	140	0,054699371	620	0,245267025	230	0,090986154	260	0,102853914	490		2130,00	0,64	3000	1,123507841	18	0.85	1.5	1.2	3.6	4.8	4	7.6	2.2	16	1.4	3.3	39	5.7	0.051	0.025	5.7	0.016	1.8	1.8	1100	4	4	2	1,4	0,14	0,03	0,002	0,411952875	0,001471844	0,001504442	0,000745999	0,000518431	5,18431E-05	1,09765E-05	7,31768E-07	0,001	0,001	0,002	0,001	0,001		0,002	0,001	0,001	1111,572	11,572	0,416257143	0,004304268	1100	4200	720	2.5	2.5	4900	3.230		65	0.03	0.01	0.075	23,25213408	23,25213408	5,9	0,105640107	0,105640107	29,15213408	0,521971962	0,521971962	-15,46266917		5,9	0,105640107	0,105640107	3,1	0,056435463	0,112870927	9,249006412	4,624503206	32,25213408	0,634842889	24	1.2	1	0,017	0,000274194	0,001370968	40	54,79	3,331251301	-26,6	-415,63	-2,215282115		33	0,34353529	2,748282324	2,749653291	3,97	0,028458963	0,131608564	0,839932473	0,22	48,34543385	51,65456615	0	0.5	23.4	-183.2	7.12	869	0.2	NA	-2,20	-2,20	1,54	1,55
CW_22	CW_22	CW2MF06_0_August_2024	S7673	Section_2	CW_2	CW_2_Section_2	CW_2_MF06	MF06	Wetland	CW2S2-3-4	0.60-0.80	0.60-0.80	515F806R	CW2MF06_0	True Sample	T0	T0_0.60-0.80	2024-08-12	Summer	150	65	6,8	22	14137094-007	CW2_MF06	14/08/2024	12	13	770	0,295736781	110	0,042978077	530	0,209663747	190	0,075162475	290	0,114721673	480		1890,00	0,55	2600	0,973706796	14	0.87	1.3	0.74	2.9	4.1	3.8	8	2.1	15	1.5	3	38	5.5	0.049	0.022	5.5	0.016	1.7	1.7	520	4	4	2	3	0,41	0,04	0,02	0,194741359	0,001471844	0,001504442	0,000745999	0,001110924	0,000151826	1,46354E-05	7,31768E-06	0,001	0,001	0,002	0,001	0,001		0,002	0,001	0,001	533,47	13,47	0,199748348	0,005006989	520	3400	910	2.5	2.5	4300	2.410		64	0.03	0.01	0.075	20,34561732	20,34561732	4,9	0,087735004	0,087735004	25,24561732	0,452025377	0,452025377	11,62606704	11,62606704	16,52606704	0,295900932	0,295900932	2,8	0,050973967	0,101947934	8,867769277	4,433884638	28,04561732	0,553973311	23	1.1	1	0,017	0,000274194	0,001370968	35	47,95	2,914844889	20	34,48	1,665625651	1,665625651	38	0,395586092	3,164688736	3,166059704	3,47	0,029389817	0,13031106	0,840299122	2,06	14,33993633	4,940595725	80,71946794	0.23	24.1	-132	6.92	1150	0.1	NA	-1,95	-1,94	-0,54	-0,54
CW_23	CW_23	CW2MF09_0_August_2024	S7674	Section_3	CW_2	CW_2_Section_3	CW_2_MF09	MF09	Wetland	CW2S3-1	0.15-0.30	0.15-0.30	515F806R	CW2MF09_0	True Sample	T0	T0_0.15-0.30	2024-08-12	Summer	150	65	20,15	23	14137094-011	CW2_MF09	14/08/2024	22	23	130	0,049929586	3,1	0,0012112	5,7	0,002254874	2	0,000791184	2,9	0,001147217	4,9		143,70	0,05	20	0,007490052	6.3	0.15	0.23	0.21	0.59	0.17	0.16	0.18	0.11	0.61	0.1	0.11	1.4	0.01	0.02	0.01	0.04	0.01	0.02	0.03	9,8	0,41	0,21	0,08	0,04	0,001	0,01	0,002	0,003670126	0,000150864	7,89832E-05	2,984E-05	1,48123E-05	3,70308E-07	3,65884E-06	7,31768E-07	0,001	0,001	0,002	0,001	0,001		0,002	0,001	0,001	10,553	0,753	0,003949386	0,00027926	11	35	2.5	2.5	2.5	5	155		53	0.03	0.01	0.075	42,14449303	42,14449303	15	0,268576544	0,268576544	57,14449303	1,023178031	1,023178031	18,89235894	18,89235894	33,89235894	0,606846176	0,606846176	4,4	0,080101948	0,160203896	12,77344755	6,386723777	61,54449303	1,183381927	16	2.6	1	0,017	0,000274194	0,001370968	72,5	99,32	6,037892984	32,5	98,48	2,706641682	2,706641682	0,5	0,00520508	0,041640641	0,043011609	7,22	0,022184988	0,141689389	0,836125623	3,47	17,46977622	4,61192032	77,91830346	0.78	24.2	-132	6.9	712	0.1	NA	-7,16	-7,16	-3,41	-3,41
CW_24	CW_24	CW2MF10_0_August_2024	S7675	Section_3	CW_2	CW_2_Section_3	CW_2_MF10	MF10	Wetland	CW2S3-3-4	0.60-0.80	0.60-0.80	515F806R	CW2MF10_0	True Sample	T0	T0_0.60-0.80	2024-08-12	Summer	150	65	7,45	24	14137094-012	CW2_MF10	14/08/2024	12	12	730	0,280373832	100	0,039070979	490	0,193840068	190	0,075162475	290	0,114721673	480		1800,00	0,51	2500	0,936256534	12	0.87	1.3	0.52	2.7	5.3	3.8	7.7	2.4	15	1.6	3	39	5.8	0.061	0.023	5.8	0.017	1.7	1.7	980	42	4	2	1,8	0,15	0,07	0,04	0,367012561	0,015454366	0,001504442	0,000745999	0,000666554	5,55462E-05	2,56119E-05	1,46354E-05	0,001	0,001	0,002	0,001	0,001		0,002	0,001	0,001	1030,06	50,06	0,385479717	0,018467155	1000	3400	810	2.5	2.5	4200	2.800		65	0.03	0.01	0.075	16,27649386	16,27649386	3,6	0,064458371	0,064458371	19,87649386	0,355890669	0,355890669	-4,069123465		3,6	0,064458371	0,064458371	2,8	0,050973967	0,101947934	6,981812301	3,49090615	22,67649386	0,457838603	24	0.77	1	0,017	0,000274194	0,001370968	28	38,36	2,331875911	-7	-18,42	-0,582968978		45	0,468457214	3,747657714	3,749028682	2,79	0,036544217	0,127572433	0,835883349	0,17	38,73553402	61,26446598	0	0.34	24.2	-128	6.91	676	0.2	NA	-1,34	-1,32	1,28	1,30
CW_25	CW_25	CW3MF01_0_August_2024	S7676	Section_1	CW_3	CW_3_Section_1	CW_3_MF01	MF01	Wetland	CW3S1-1	0.15-0.30	0.15-0.30	515F806R	CW3MF01_0	True Sample	T0	T0_0.15-0.30	2024-08-12	Summer	150	65	22,8	25	14137171-002	CW3_MF01	14/08/2024	31	38	120	0,046088849	2,3	0,000898633	2	0,000791184	1,3	0,00051427	0,2	7,91184E-05	2,7		127,00	0,05	6,1	0,002284466	9.8	0.23	0.37	0.25	0.85	0.22	0.19	0.32	0.18	0.92	0.15	0.18	2.2	0.11	0.02	0.01	0.04	0.01	0.02	0.03	4,3	0,01	0,01	0,005	0,001	0,001	0,001	0,002	0,001610361	3,67961E-06	3,7611E-06	1,865E-06	3,70308E-07	3,70308E-07	3,65884E-07	7,31768E-07	0,001	0,001	0,002	0,001	0,001		0,002	0,001	0,001	4,33	0,03	0,001621505	1,1144E-05	4,3	2.5	2.5	2.5	2.5	5	131		59	0.03	0.01	0.075	42,14449303	42,14449303	22	0,393912265	0,393912265	64,14449303	1,148513752	1,148513752	42,14449303	42,14449303	64,14449303	1,148513752	1,148513752	5	0,091024941	0,182049882	12,61757207	6,308786037	69,14449303	1,330563633	16	2.9	1	0,017	0,000274194	0,001370968	72,5	99,32	6,037892984	72,5	99,32	6,037892984	6,037892984	0,5	0,00520508	0,041640641	0,043011609	7,37	0,02470665	0,155868971	0,819424378	7,37	15,58689711	2,470665041	81,94243785	0.41	22.9	-131	6.8	1155	0.2	NA	-7,32	-7,32	-7,32	-7,32
CW_26	CW_26	CW3MF02_0_August_2024	S7677	Section_1	CW_3	CW_3_Section_1	CW_3_MF02	MF02	Wetland	CW3S1-3-4	0.60-0.80	0.60-0.80	515F806R	CW3MF02_0	True Sample	T0	T0_0.60-0.80	2024-08-12	Summer	150	65	8,8	26	14137171-003	CW3_MF02	14/08/2024	12	12	850	0,326462681	120	0,046885175	620	0,245267025	250	0,098897994	290	0,114721673	540		2130,00	0,62	3500	1,310759148	7.6	0.7	1.4	0.46	2.6	3.8	2.9	10	2.5	16	1.7	3.3	40	7.3	0.054	0.026	7.3	0.022	2.4	2.4	1400	68	57	23	13	2,7	0,38	0,28	0,524303659	0,025021355	0,021438298	0,008578992	0,004814004	0,000999832	0,000139036	0,000102447	0,001	0,001	0,002	0,001	0,001		0,002	0,001	0,001	1564,36	164,36	0,585397624	0,061093964	1600	5000	1300	2.5	2.5	6300	3.730		65	0.03	0.01	0.075	13,95128045	13,95128045	1,4	0,025067144	0,025067144	15,35128045	0,274866257	0,274866257	13,95128045	13,95128045	15,35128045	0,274866257	0,274866257	1,4	0,025486983	0,050973967	10,78457392	5,392286962	16,75128045	0,325840224	25	0.93	1	0,017	0,000274194	0,001370968	24	32,88	1,998750781	24	32,88	1,998750781	1,998750781	49	0,510097856	4,080782844	4,082153812	2,32	0,021928144	0,118242846	0,859829009	2,32	11,82428463	2,192814425	85,98290094	0.2	24	-109	6.9	1090	0.2	NA	-0,40	-0,33	-0,40	-0,33
CW_27	CW_27	CW3MF05_0_August_2024	S7678	Section_2	CW_3	CW_3_Section_2	CW_3_MF05	MF05	Wetland	CW3S2-1	0.15-0.30	0.15-0.30	515F806R	CW3MF05_0	True Sample	T0	T0_0.15-0.30	2024-08-12	Summer	150	65	22,6	27	14137171-004	CW3_MF05	14/08/2024	4,5	6,1	1,1	0,000422481	0,02	7,8142E-06	0,93	0,000367901	0,43	0,000170105	0,47	0,000185928	0,9		3,07	0,00	5	0,001872513	0.05	0.01	0.01	0.01	0.03	0.01	0.01	0.01	0.01	0.03	0.01	0.01	0.09	0.01	0.02	0.01	0.04	0.01	0.02	0.03	4,7	0,01	0,01	0,005	0,001	0,001	0,001	0,002	0,001760162	3,67961E-06	3,7611E-06	1,865E-06	3,70308E-07	3,70308E-07	3,65884E-07	7,31768E-07	0,001	0,001	0,002	0,001	0,001		0,002	0,001	0,001	4,73	0,03	0,001771306	1,1144E-05	4,7	2.5	2.5	2.5	2.5	5	8		56	0.03	0.01	0.075	-97,0776598	0	4,3	0,076991943	0,076991943	4,3	0,076991943	0,076991943	-139,2221528		4,3	0,076991943	0,076991943	1,5	0,027307482	0,054614965	2,819444942	1,409722471	5,8	0,131606907	0.2	0.65	1	0,017	0,000274194	0,001370968	-167	-228,77	-13,90797418	-239,5	-47900,00	-19,94586717		240	2,498438476	19,98750781	19,98887878	-13,78	-0,003964395	-0,005588697	1,009553092	0,13	58,5014452	41,4985548	0	0.28	24.1	-159	7.08	934	0.2	NA	13,78	13,78	-0,13	-0,13
CW_28	CW_28	CW3MF06_0_August_2024	S7679	Section_2	CW_3	CW_3_Section_2	CW_3_MF06	MF06	Wetland	CW3S2-3-4	0.60-0.80	0.60-0.80	515F806R	CW3MF06_0	True Sample	T0	T0_0.60-0.80	2024-08-12	Summer	150	65	5,8	28	14137171-005	CW3_MF06	14/08/2024	11	9,5	570	0,218922033	31	0,012112003	350	0,138457191	150	0,059338796	150	0,059338796	300		1251,00	0,37	2000	0,749005227	6.8	0.4	0.8	0.15	1.4	2.6	1.8	6.8	1.7	11	1.2	2.2	27	5	0.036	0.019	5	0.014	1.6	1.6	900	47	4	2	7,3	1,4	0,06	0,03	0,337052352	0,017294172	0,001504442	0,000745999	0,002703249	0,000518431	2,1953E-05	1,09765E-05	0,001	0,001	0,002	0,001	0,001		0,002	0,001	0,001	961,79	61,79	0,359851575	0,022799222	950	3000	750	2.5	2.5	3700	2.201		66	0.03	0.01	0.075	12,20737039	12,20737039	1,8	0,032229185	0,032229185	14,00737039	0,250803409	0,250803409	-1,743910056		1,8	0,032229185	0,032229185	2,1	0,038230475	0,07646095	6,560300599	3,280150299	16,10737039	0,327264359	24	1	1	0,017	0,000274194	0,001370968	21	28,77	1,748906933	-3	-6,12	-0,249843848		52	0,541328336	4,330626692	4,331997659	2,08	0,036827862	0,120800923	0,842371215	0,11	29,65235542	70,34764458	0	0.22	22.8	-163	7.11	1064	0.2	NA	-0,96	-0,93	1,01	1,03
CW_29	CW_29	CW3MF09_0_August_2024	S7680	Section_3	CW_3	CW_3_Section_3	CW_3_MF09	MF09	Wetland	CW3S3-1	0.15-0.30	0.15-0.30	515F806R	CW3MF09_0	True Sample	T0	T0_0.15-0.30	2024-08-12	Summer	150	65	24	29	14137171-006	CW3_MF09	14/08/2024	39	39	6,6	0,002534887	0,1	3,9071E-05	2,3	0,000909862	0,1	3,95592E-05	0,2	7,91184E-05	2,1		11,70	0,00	18	0,006741047	0.05	0.2	0.15	0.17	0.52	0.01	0.01	0.01	0.01	0.03	0.01	0.01	0.09	0.01	0.02	0.01	0.04	0.01	0.02	0.03	8,3	0,41	0,21	0,07	0,04	0,001	0,001	0,002	0,003108372	0,000150864	7,89832E-05	2,611E-05	1,48123E-05	3,70308E-07	3,65884E-07	7,31768E-07	0,001	0,001	0,002	0,001	0,001		0,002	0,001	0,001	9,034	0,734	0,003380609	0,000272238	9	2.5	2.5	2.5	2.5	5	21		16	0.03	0.01	0.075	42,14449303	42,14449303	24	0,429722471	0,429722471	66,14449303	1,184323957	1,184323957	139,2221528	139,2221528	163,2221528	2,922509451	2,922509451	5,8	0,105588931	0,211177863	11,21636465	5,608182326	71,94449303	1,39550182	5.2	3	1	0,017	0,000274194	0,001370968	72,5	99,32	6,037892984	239,5	99,79	19,94586717	19,94586717	0,5	0,00520508	0,041640641	0,043011609	7,43	0,028409343	0,159324775	0,812265882	23,08	12,66276372	0,914999737	86,42223655	4.7	24	-117	6.91	1036	0.1	NA	-7,42	-7,42	-23,07	-23,07
CW_30	CW_30	CW3MF10_0_August_2024	S7681	Section_3	CW_3	CW_3_Section_3	CW_3_MF10	MF10	Wetland	CW3S3-3-4	0.60-0.80	0.60-0.80	515F806R	CW3MF10_0	True Sample	T0	T0_0.60-0.80	2024-08-12	Summer	150	65	10,55	30	14137171-007	CW3_MF10	14/08/2024	10	11	630	0,241966458	18	0,007032776	370	0,146369031	140	0,055382877	120	0,047471037	260		1278,00	0,40	2100	0,786455489	8.4	0.41	0.88	0.01	1.3	3.9	2.2	9.2	2.4	14	1.5	3	36	7	0.054	0.025	7	0.019	2.3	2.3	890	42	4	2	2	0,16	0,05	0,02	0,333307326	0,015454366	0,001504442	0,000745999	0,000740616	5,92493E-05	1,82942E-05	7,31768E-06	0,001	0,001	0,002	0,001	0,001		0,002	0,001	0,001	940,23	50,23	0,351837611	0,018530285	930	3100	600	2.5	2.5	3700	2.208		65	0.03	0.01	0.075	15,11388715	15,11388715	2,1	0,037600716	0,037600716	17,21388715	0,308216422	0,308216422	2,90651676	2,90651676	5,00651676	0,089642198	0,089642198	2,7	0,049153468	0,098306936	6,270491869	3,135245934	19,91388715	0,406523358	24	0.9	1	0,017	0,000274194	0,001370968	26	35,62	2,165313346	5	9,62	0,416406413	0,416406413	47	0,489277535	3,914220279	3,915591247	2,57	0,038224408	0,119842921	0,841932671	0,60	14,8326922	16,26640752	68,90090028	0.41	23.5	-132	7.02	887	2	NA	-1,39	-1,37	0,58	0,60
CW_31	CW_31	CWinf_1_October_2024	S7816	Section_0	CW_0	CW_0_Section_0	CW_0_INF	INF	INF	NA	NA	INF	515F806R	CWinf_1	True Sample	T1	T1_INF	2024-10-15	Autumn	150	100	5,00	31	14171533-004	INFLOW	15/10/2024	15	16	610	0,234284983	110	0,042978077	490	0,193840068	210	0,083074315	280	0,110765753	490		1700,00	0,47	5000	1,872513069	NA	NA	NA	NA	NA	NA	NA	NA	NA	NA	NA	NA	NA	NA	NA	NA	NA	NA	NA	NA	4600	230	210	120	120	22	9,3	12	1,722712023	0,084631053	0,078983205	0,044759957	0,044436963	0,008146777	0,003402719	0,004390606	0,9	0,81	0,25	0,12	0,31		0,002	0,05	0,06	5323,3	723,3	1,991463303	0,26875128	5400	8300	4300	2.5	35	13000	7.100		69	0.03	0.01	0.075	0	0	1,9	0,034019696	0,034019696	1,9	0,034019696	0,034019696	0	0	1,9	0,034019696	0,034019696	1,1	0,020025487	0,040050974	1,698819891	0,849409945	3	0,07407067	26	0.69	1	0,017	0,000274194	0,001370968	0	0,00	0	0	0,00	0	0	78	0,811992505	6,495940037	6,497311005	0,07	0,540713	0,459287	0	0,07	45,92869999	54,07130001	0	NA	NA	NA	NA	NA	NA	0.01	2,27	2,54	2,27	2,54
CW_32	CW_32	CW1eff_1_October_2024	S7817	Section_5	CW_1	CW_1_Section_5	CW_1_EFF	EFF	EFF	NA	NA	EFF	515F806R	CW1eff_1	True Sample	T1	T1_EFF	2024-10-15	Autumn	150	100	4,10	32	14171533-001	CW1_OUT	15/10/2024	13	13	170	0,065292536	0,5	0,000195355	130	0,051426957	43	0,017010455	29	0,011472167	72		375,50	0,12	620	0,232191621	NA	NA	NA	NA	NA	NA	NA	NA	NA	NA	NA	NA	NA	NA	NA	NA	NA	NA	NA	NA	290	2	2	4,5	0,77	0,07	0,03	0,002	0,108605758	0,000735922	0,000752221	0,001678498	0,000285137	2,59216E-05	1,09765E-05	7,31768E-07	0,001	0,001	0,002	0,001	0,001		0,002	0,001	0,001	299,372	9,372	0,112095167	0,003489409	300	1100	200	2.5	2.5	1300	676		53	0.03	0.01	0.075	37,20341453	37,20341453	6,6	0,118173679	0,118173679	43,80341453	0,784304647	0,784304647	17,43910056	17,43910056	24,03910056	0,43042257	0,43042257	3,5	0,063717459	0,127434917	12,30910122	6,154550608	47,30341453	0,911739564	12	0.98	1	0,017	0,000274194	0,001370968	64	82,05	5,330002082	30	68,18	2,498438476	2,498438476	14	0,145742244	1,165937955	1,167308923	6,24	0,020416564	0,125654776	0,85392866	3,06	14,08314429	4,169586934	81,74726878	4.2	13.1	-75	7.09	789	0.2	0.01	-5,89	-5,89	-2,71	-2,70
CW_33	CW_33	CW2eff_1_October_2024	S7818	Section_5	CW_2	CW_2_Section_5	CW_2_EFF	EFF	EFF	NA	NA	EFF	515F806R	CW2eff_1	True Sample	T1	T1_EFF	2024-10-15	Autumn	150	100	4,90	33	14171533-002	CW2_OUT	15/10/2024	11	12	610	0,234284983	2	0,00078142	370	0,146369031	140	0,055382877	80	0,031647358	220		1214,00	0,38	2600	0,973706796	NA	NA	NA	NA	NA	NA	NA	NA	NA	NA	NA	NA	NA	NA	NA	NA	NA	NA	NA	NA	2700	120	77	27	4,9	0,7	0,06	0,03	1,011157057	0,044155332	0,028960508	0,01007099	0,001814509	0,000259216	2,1953E-05	1,09765E-05	0,001	0,001	0,002	0,001	0,001		0,002	0,001	0,001	2929,69	229,69	1,096450542	0,085293485	2900	4100	990	2.5	2.5	5100	4.114		67	0.03	0.01	0.075	18,60170727	18,60170727	3	0,053715309	0,053715309	21,60170727	0,386780793	0,386780793	0,581303352	0,581303352	3,581303352	0,064123605	0,064123605	2,1	0,038230475	0,07646095	10,11708045	5,058540223	23,70170727	0,463241743	25	0.54	1	0,017	0,000274194	0,001370968	32	41,03	2,665001041	1	2,13	0,083281283	0,083281283	46	0,478867375	3,830938996	3,832309964	3,13	0,024442141	0,123641552	0,851916307	0,22	28,64376529	34,1548094	37,20142531	0.57	13	-95	7.01	450	0.2	0.01	-1,77	-1,69	1,13	1,22
CW_34	CW_34	CW3eff_1_October_2024	S7819	Section_5	CW_3	CW_3_Section_5	CW_3_EFF	EFF	EFF	NA	NA	EFF	515F806R	CW3eff_1	True Sample	T1	T1_EFF	2024-10-15	Autumn	150	100	6,15	34	14171533-003	CW3_OUT	15/10/2024	10	10	600	0,230444245	12	0,004688517	490	0,193840068	170	0,067250636	97	0,038372422	267		1369,00	0,43	2000	0,749005227	NA	NA	NA	NA	NA	NA	NA	NA	NA	NA	NA	NA	NA	NA	NA	NA	NA	NA	NA	NA	1200	63	52	2	0,4	0,62	0,03	0,002	0,449403136	0,023181549	0,019557746	0,000745999	0,000148123	0,000229591	1,09765E-05	7,31768E-07	0,001	0,001	0,002	0,001	0,001		0,002	0,001	0,001	1318,052	118,052	0,493277854	0,043874717	1400	2800	710	2.5	2.5	3500	2.769		64	0.03	0.01	0.075	24,99604414	24,99604414	3,6	0,064458371	0,064458371	28,59604414	0,512015114	0,512015114	8,719550281	8,719550281	12,31955028	0,220582816	0,220582816	2	0,036409976	0,072819953	14,06249512	7,031247558	30,59604414	0,584835067	21	0.55	1	0,017	0,000274194	0,001370968	43	55,13	3,581095149	15	30,00	1,249219238	1,249219238	35	0,364355611	2,914844889	2,916215856	4,17	0,017479878	0,122905351	0,859614771	1,54	14,29921362	4,72053117	80,98025521	0.49	12.8	-75	7.1	879	0.2	0.01	-2,99	-2,94	-0,36	-0,32
CW_35	CW_35	CW1MF01_1_October_2024	S7820	Section_1	CW_1	CW_1_Section_1	CW_1_MF01	MF01	Wetland	CW1S1-1	0.15-0.30	0.15-0.30	515F806R	CW1MF01_1	True Sample	T1	T1_0.15-0.30	2024-10-15	Autumn	150	100	8,60	35	14171535-001	CW1_MF01	15/10/2024	17	11	420	0,161310972	17	0,006642066	150	0,059338796	110	0,043515117	63	0,024922294	173		760,00	0,23	120	0,044940314	NA	NA	NA	NA	NA	NA	NA	NA	NA	NA	NA	NA	NA	NA	NA	NA	NA	NA	NA	NA	100	0,01	0,01	0,005	0,04	0,001	0,001	0,002	0,037450261	3,67961E-06	3,7611E-06	1,865E-06	1,48123E-05	3,70308E-07	3,65884E-07	7,31768E-07	0,001	0,001	0,002	0,001	0,001		0,002	0,001	0,001	100,069	0,069	0,037475847	2,5586E-05	100	250	2.5	2.5	2.5	260	860		65	0.03	0.01	0.075	45,05100979	45,05100979	26	0,465532677	0,465532677	71,05100979	1,272175645	1,272175645	45,05100979	45,05100979	71,05100979	1,272175645	1,272175645	5,3	0,096486437	0,192972875	13,18502041	6,592510207	76,35100979	1,46514852	26	1.4	1	0,017	0,000274194	0,001370968	77,5	99,36	6,454299396	77,5	99,36	6,454299396	6,454299396	0,5	0,00520508	0,041640641	0,043011609	7,92	0,024366961	0,160639436	0,814993604	7,92	16,06394358	2,43669605	81,49936037	4.9	13.2	-113	6.88	797	0.2	0.01	-7,65	-7,65	-7,65	-7,65
CW_36	CW_36	CW1MF02_1_October_2024	S7821	Section_1	CW_1	CW_1_Section_1	CW_1_MF02	MF02	Wetland	CW1S1-3-4	0.60-0.80	0.60-0.80	515F806R	CW1MF02_1	True Sample	T1	T1_0.60-0.80	2024-10-15	Autumn	150	100	3,85	36	14171535-002	CW1_MF02	15/10/2024	12	13	590	0,226603508	55	0,021489038	460	0,181972309	180	0,071206556	180	0,071206556	360		1465,00	0,43	3400	1,273308887	NA	NA	NA	NA	NA	NA	NA	NA	NA	NA	NA	NA	NA	NA	NA	NA	NA	NA	NA	NA	2700	85	82	34	18	0,4	0,88	0,78	1,011157057	0,031276694	0,030841061	0,012681988	0,006665545	0,000148123	0,000321978	0,000285389	0,001	0,001	0,002	0,001	0,001		0,002	0,001	0,001	2921,06	221,06	1,093377834	0,082220777	2900	6000	1800	2.5	45	7800	4.365		68	0.03	0.01	0.075	6,975640225	6,975640225	0,6	0,010743062	0,010743062	7,575640225	0,135642618	0,135642618	6,975640225	6,975640225	7,575640225	0,135642618	0,135642618	1	0,018204988	0,036409976	7,450849016	3,725424508	8,575640225	0,172052595	24	0.74	1	0,017	0,000274194	0,001370968	12	15,38	0,99937539	12	15,38	0,99937539	0,99937539	66	0,687070581	5,496564647	5,497935615	1,17	0,031081703	0,115792537	0,85312576	1,17	11,57925369	3,108170268	85,31257604	0.46	13	-141	7.11	1215	0.2	0.01	0,53	0,61	0,53	0,61
CW_37	CW_37	CW1MF05_1_October_2024	S7822	Section_2	CW_1	CW_1_Section_2	CW_1_MF05	MF05	Wetland	CW1S2-1	0.15-0.30	0.15-0.30	515F806R	CW1MF05_1	True Sample	T1	T1_0.15-0.30	2024-10-15	Autumn	150	100	5,60	37	14172407-001	CW1_MF05	15/10/2024	39	17	720	0,276533094	26	0,010158455	340	0,134501272	210	0,083074315	170	0,067250636	380		1466,00	0,42	210	0,078645549	NA	NA	NA	NA	NA	NA	NA	NA	NA	NA	NA	NA	NA	NA	NA	NA	NA	NA	NA	NA	190	0,01	0,01	0,05	0,05	0,001	0,001	0,002	0,071155497	3,67961E-06	3,7611E-06	1,865E-05	1,85154E-05	3,70308E-07	3,65884E-07	7,31768E-07	0,001	0,001	0,002	0,001	0,001		0,002	0,001	0,001	190,124	0,124	0,071201571	4,60741E-05	190	360	2.5	2.5	2.5	370	1.656		68	0.03	0.01	0.075	45,05100979	45,05100979	24	0,429722471	0,429722471	69,05100979	1,236365439	1,236365439	0	0	24	0,429722471	0,429722471	5	0,091024941	0,182049882	13,58271072	6,791355358	74,05100979	1,418415321	25	1.2	1	0,017	0,000274194	0,001370968	77,5	99,36	6,454299396	0	0,00	0	0	0,5	0,00520508	0,041640641	0,043011609	7,87	0,023124156	0,157044359	0,819831485	0,61	70,24221822	29,75778178	0	3.5	12.8	-142	6.82	1462	0.2	0.01	-7,37	-7,37	-0,11	-0,11
CW_38	CW_38	CW1MF06_1_October_2024	S7823	Section_2	CW_1	CW_1_Section_2	CW_1_MF06	MF06	Wetland	CW1S2-3-4	0.60-0.80	0.60-0.80	515F806R	CW1MF06_1	True Sample	T1	T1_0.60-0.80	2024-10-15	Autumn	150	100	5,10	38	14171535-003	CW1_MF06	15/10/2024	12	12	590	0,226603508	14	0,005469937	400	0,15823679	120	0,047471037	99	0,039163606	219		1223,00	0,39	2600	0,973706796	NA	NA	NA	NA	NA	NA	NA	NA	NA	NA	NA	NA	NA	NA	NA	NA	NA	NA	NA	NA	3000	120	95	29	0,4	0,58	0,03	0,002	1,123507841	0,044155332	0,035730497	0,01081699	0,000148123	0,000214779	1,09765E-05	7,31768E-07	0,001	0,001	0,002	0,001	0,001		0,002	0,001	0,001	3245,012	245,012	1,21458527	0,091077429	3200	4700	1200	2.5	45	6000	4.423		68	0.03	0.01	0.075	20,34561732	20,34561732	3	0,053715309	0,053715309	23,34561732	0,418005682	0,418005682	13,3699771	13,3699771	16,3699771	0,293106125	0,293106125	1,7	0,03094848	0,06189696	13,50650123	6,753250616	25,04561732	0,479902641	24	0.92	1	0,017	0,000274194	0,001370968	35	44,87	2,914844889	23	34,85	1,915469498	1,915469498	43	0,447636894	3,581095149	3,582466117	3,39	0,018233156	0,123133069	0,858633775	2,27	12,90947653	2,726170764	84,3643527	0.33	12.8	-154	7.08	1922	0.2	0.01	-2,03	-1,94	-0,91	-0,82
CW_39	CW_39	CW1MF09_1_October_2024	S7824	Section_3	CW_1	CW_1_Section_3	CW_1_MF09	MF09	Wetland	CW1S3-1	0.15-0.30	0.15-0.30	515F806R	CW1MF09_1	True Sample	T1	T1_0.15-0.30	2024-10-15	Autumn	150	100	6,50	39	14172407-002	CW1_MF09	15/10/2024	12	11	650	0,249647932	13	0,005079227	160	0,063294716	140	0,055382877	82	0,032438542	222		1045,00	0,32	95	0,035577748	NA	NA	NA	NA	NA	NA	NA	NA	NA	NA	NA	NA	NA	NA	NA	NA	NA	NA	NA	NA	72	0,01	0,01	0,005	0,04	0,001	0,001	0,002	0,026964188	3,67961E-06	3,7611E-06	1,865E-06	1,48123E-05	3,70308E-07	3,65884E-07	7,31768E-07	0,001	0,001	0,002	0,001	0,001		0,002	0,001	0,001	72,069	0,069	0,026989774	2,5586E-05	72	170	30	2.5	2.5	190	1.117		67	0.03	0.01	0.075	45,05100979	45,05100979	23	0,411817368	0,411817368	68,05100979	1,218460336	1,218460336	0	0	23	0,411817368	0,411817368	4,9	0,089204442	0,178408884	13,65918904	6,829594518	72,95100979	1,39686922	26	1.2	1	0,017	0,000274194	0,001370968	77,5	99,36	6,454299396	0	0,00	0	0	0,5	0,00520508	0,041640641	0,043011609	7,85	0,022723864	0,155194774	0,822081363	0,59	69,77279756	30,22720244	0	7.8	12.8	-92	6.98	536	NA	0.01	-7,50	-7,50	-0,24	-0,24
CW_40	CW_40	CW1MF10_1_October_2024	S7825	Section_3	CW_1	CW_1_Section_3	CW_1_MF10	MF10	Wetland	CW1S3-3-4	0.60-0.80	0.60-0.80	515F806R	CW1MF10_1	True Sample	T1	T1_0.60-0.80	2024-10-15	Autumn	150	100	4,40	40	14171535-004	CW1_MF10	15/10/2024	10	10	610	0,234284983	1	0,00039071	370	0,146369031	140	0,055382877	79	0,031251766	219		1206,00	0,38	2500	0,936256534	NA	NA	NA	NA	NA	NA	NA	NA	NA	NA	NA	NA	NA	NA	NA	NA	NA	NA	NA	NA	2400	73	55	2	1	0,12	0,04	0,002	0,898806273	0,02686116	0,020686077	0,000745999	0,000370308	4,4437E-05	1,46354E-05	7,31768E-07	0,001	0,001	0,002	0,001	0,001		0,002	0,001	0,001	2531,162	131,162	0,947529622	0,048723349	2500	4100	730	2.5	2.5	4900	3.706		68	0.03	0.01	0.075	19,76431397	19,76431397	1,7	0,030438675	0,030438675	21,46431397	0,384320751	0,384320751	-0,581303352		1,7	0,030438675	0,030438675	2,1	0,038230475	0,07646095	10,0527328	5,0263664	23,56431397	0,460781702	26	0.48	1	0,017	0,000274194	0,001370968	34	43,59	2,831563606	-1	-2,33	-0,083281283		44	0,458047054	3,664376431	3,665747399	3,29	0,023223855	0,116731605	0,86004454	0,11	28,47407082	71,52592918	0	0.38	13	-98	7.01	890	NA	0.01	-1,98	-1,93	1,21	1,26
CW_41	CW_41	CW2MF01_1_October_2024	S7826	Section_1	CW_2	CW_2_Section_1	CW_2_MF01	MF01	Wetland	CW2S1-1	0.15-0.30	0.15-0.30	515F806R	CW2MF01_1	True Sample	T1	T1_0.15-0.30	2024-10-15	Autumn	150	100	4,90	41	14172407-003	CW2_MF01	15/10/2024	11	11	650	0,249647932	13	0,005079227	430	0,170104549	210	0,083074315	200	0,079118395	410		1503,00	0,42	250	0,093625653	NA	NA	NA	NA	NA	NA	NA	NA	NA	NA	NA	NA	NA	NA	NA	NA	NA	NA	NA	NA	230	0,01	0,01	0,005	0,02	0,001	0,001	0,002	0,086135601	3,67961E-06	3,7611E-06	1,865E-06	7,40616E-06	3,70308E-07	3,65884E-07	7,31768E-07	0,001	0,001	0,002	0,001	0,001		0,002	0,001	0,001	230,049	0,049	0,086153781	1,81798E-05	230	480	2.5	60	30	590	1.733		68	0.03	0.01	0.075	32,55298772	32,55298772	18	0,322291853	0,322291853	50,55298772	0,90515645	0,90515645	32,55298772	32,55298772	50,55298772	0,90515645	0,90515645	4,3	0,078281449	0,156562898	11,56284739	5,781423696	54,85298772	1,061719348	25	1.5	1	0,017	0,000274194	0,001370968	56	71,79	4,663751822	56	71,79	4,663751822	4,663751822	22	0,229023527	1,832188216	1,833559183	5,73	0,027344981	0,158092919	0,8145621	5,73	15,8092919	2,734498063	81,45621004	4.25	13	-97	6.88	686	0.2	0.01	-5,21	-5,21	-5,21	-5,21
CW_42	CW_42	CW2MF02_1_October_2024	S7827	Section_1	CW_2	CW_2_Section_1	CW_2_MF02	MF02	Wetland	CW2S1-3-4	0.60-0.80	0.60-0.80	515F806R	CW2MF02_1	True Sample	T1	T1_0.60-0.80	2024-10-15	Autumn	150	100	5,30	42	14172407-004	CW2_MF02	15/10/2024	11	12	810	0,311099731	100	0,039070979	680	0,269002543	240	0,094942074	310	0,122633512	550		2140,00	0,62	4000	1,498010455	NA	NA	NA	NA	NA	NA	NA	NA	NA	NA	NA	NA	NA	NA	NA	NA	NA	NA	NA	NA	3200	120	110	43	22	4,4	0,74	0,64	1,198408364	0,044155332	0,041372155	0,016038984	0,008146777	0,001629355	0,000270754	0,000234166	0,001	0,001	0,002	0,001	0,001		0,002	0,001	0,001	3500,78	300,78	1,310255887	0,111847523	3500	6100	1900	2.5	2.5	8100	5.640		69	0.03	0.01	0.075	6,975640225	6,975640225	1	0,017905103	0,017905103	7,975640225	0,142804659	0,142804659	6,975640225	6,975640225	7,975640225	0,142804659	0,142804659	1,3	0,023666485	0,047332969	6,034046106	3,017023053	9,275640225	0,190137629	26	0.68	1	0,017	0,000274194	0,001370968	12	15,38	0,99937539	12	15,38	0,99937539	0,99937539	66	0,687070581	5,496564647	5,497935615	1,19	0,039791888	0,120053044	0,840155067	1,19	12,00530445	3,979188834	84,01550672	0.25	12.5	-144	7.11	955	0.2	0.01	0,93	1,04	0,93	1,04
CW_43	CW_43	CW2MF05_1_October_2024	S7828	Section_2	CW_2	CW_2_Section_2	CW_2_MF05	MF05	Wetland	CW2S2-1	0.15-0.30	0.15-0.30	515F806R	CW2MF05_1	True Sample	T1	T1_0.15-0.30	2024-10-15	Autumn	150	100	17,05	43	14172407-005	CW2_MF05	15/10/2024	25	29	77	0,029573678	1,2	0,000468852	6	0,002373552	2,7	0,001068098	2,7	0,001068098	5,4		89,60	0,03	21	0,007864555	NA	NA	NA	NA	NA	NA	NA	NA	NA	NA	NA	NA	NA	NA	NA	NA	NA	NA	NA	NA	21	0,58	0,31	0,1	0,04	0,001	0,001	0,002	0,007864555	0,000213417	0,000116594	3,73E-05	1,48123E-05	3,70308E-07	3,65884E-07	7,31768E-07	0,001	0,001	0,002	0,001	0,001		0,002	0,001	0,001	22,034	1,034	0,008248147	0,000383592	22	2.5	2.5	2.5	2.5	5	112		58	0.03	0.01	0.075	45,05100979	45,05100979	21	0,376007162	0,376007162	66,05100979	1,18265013	1,18265013	12,49802207	12,49802207	33,49802207	0,599785534	0,599785534	5,4	0,098306936	0,196613872	12,03017994	6,015089969	71,45100979	1,379264003	12	1.7	1	0,017	0,000274194	0,001370968	77,5	99,36	6,454299396	21,5	97,73	1,790547574	1,790547574	0,5	0,00520508	0,041640641	0,043011609	7,83	0,025098906	0,150972178	0,823928916	2,59	23,18507254	7,600228133	69,21469933	0.3	12.9	-104	7.44	920	0.2	0.01	-7,79	-7,79	-2,55	-2,55
CW_44	CW_44	CW2MF06_1_October_2024	S7829	Section_2	CW_2	CW_2_Section_2	CW_2_MF06	MF06	Wetland	CW2S2-3-4	0.60-0.80	0.60-0.80	515F806R	CW2MF06_1	True Sample	T1	T1_0.60-0.80	2024-10-15	Autumn	150	100	7,50	44	14172407-006	CW2_MF06	15/10/2024	12	12	650	0,249647932	45	0,017581941	510	0,201751907	180	0,071206556	200	0,079118395	380		1585,00	0,47	2700	1,011157057	NA	NA	NA	NA	NA	NA	NA	NA	NA	NA	NA	NA	NA	NA	NA	NA	NA	NA	NA	NA	2400	100	72	26	8,7	1,8	0,18	0,12	0,898806273	0,03679611	0,027079956	0,009697991	0,00322168	0,000666554	6,58591E-05	4,39061E-05	0,001	0,001	0,002	0,001	0,001		0,002	0,001	0,001	2608,8	208,8	0,976378329	0,077572056	2600	4700	1200	2.5	2.5	6000	4.185		68	0.03	0.01	0.075	20,92692067	20,92692067	5,8	0,103849597	0,103849597	26,72692067	0,478548266	0,478548266	13,95128045	13,95128045	19,75128045	0,35364871	0,35364871	2,6	0,047332969	0,094665938	10,11025241	5,055126206	29,32692067	0,573214205	24	1	1	0,017	0,000274194	0,001370968	36	46,15	2,998126171	24	36,36	1,998750781	1,998750781	42	0,437226733	3,497813866	3,499184834	3,57	0,026507117	0,133996824	0,839496059	2,45	14,45195154	3,868549543	81,67949892	0.52	13.8	-115	7.08	672	NA	0.01	-2,09	-2,01	-0,97	-0,89
CW_45	CW_45	CW2MF09_1_October_2024	S7830	Section_3	CW_2	CW_2_Section_3	CW_2_MF09	MF09	Wetland	CW2S3-1	0.15-0.30	0.15-0.30	515F806R	CW2MF09_1	True Sample	T1	T1_0.15-0.30	2024-10-15	Autumn	150	100	6,10	45	14172407-007	CW2_MF09	15/10/2024	13	11	580	0,22276277	5,1	0,00199262	180	0,071206556	100	0,039559198	90	0,035603278	190		955,10	0,30	27	0,010111571	NA	NA	NA	NA	NA	NA	NA	NA	NA	NA	NA	NA	NA	NA	NA	NA	NA	NA	NA	NA	32	0,01	0,01	0,005	0,03	0,001	0,001	0,002	0,011984084	3,67961E-06	3,7611E-06	1,865E-06	1,11092E-05	3,70308E-07	3,65884E-07	7,31768E-07	0,001	0,001	0,002	0,001	0,001		0,002	0,001	0,001	32,059	0,059	0,012005967	2,18829E-05	32	65	2.5	2.5	2.5	70	987		69	0.03	0.01	0.075	45,05100979	45,05100979	18	0,322291853	0,322291853	63,05100979	1,128934822	1,128934822	0	0	18	0,322291853	0,322291853	3,9	0,070999454	0,141998908	15,90061276	7,950306378	66,95100979	1,270933729	24	1.7	1	0,017	0,000274194	0,001370968	77,5	99,36	6,454299396	0	0,00	0	0	0,5	0,00520508	0,041640641	0,043011609	7,73	0,018381181	0,14613602	0,835482799	0,46	69,41595232	30,58404768	0	5.25	12.5	-112	6.91	488	0.2	0.01	-7,42	-7,42	-0,16	-0,16
CW_46	CW_46	CW2MF10_1_October_2024	S7831	Section_3	CW_2	CW_2_Section_3	CW_2_MF10	MF10	Wetland	CW2S3-3-4	0.60-0.80	0.60-0.80	515F806R	CW2MF10_1	True Sample	T1	T1_0.60-0.80	2024-10-15	Autumn	150	100	5,20	46	14172407-008	CW2_MF10	15/10/2024	13	12	680	0,261170145	23	0,008986325	510	0,201751907	180	0,071206556	120	0,047471037	300		1513,00	0,47	2700	1,011157057	NA	NA	NA	NA	NA	NA	NA	NA	NA	NA	NA	NA	NA	NA	NA	NA	NA	NA	NA	NA	2000	99	68	24	6,7	1,2	0,08	0,04	0,749005227	0,036428149	0,025575514	0,008951991	0,002481064	0,00044437	2,92707E-05	1,46354E-05	0,001	0,001	0,002	0,001	0,001		0,002	0,001	0,001	2199,02	199,02	0,822930221	0,073924994	2200	5600	1300	2.5	2.5	6900	3.713		69	0.03	0.01	0.075	18,02040391	18,02040391	2	0,035810206	0,035810206	20,02040391	0,358467393	0,358467393	-2,90651676		2	0,035810206	0,035810206	2	0,036409976	0,072819953	9,845306956	4,922653478	22,02040391	0,431287346	27	0.36	1	0,017	0,000274194	0,001370968	31	39,74	2,581719758	-5	-11,90	-0,416406413		47	0,489277535	3,914220279	3,915591247	3,01	0,02416853	0,118973298	0,856858172	0,11	32,96525236	67,03474764	0	0.73	11.9	-105	7.01	610	0.2	0.01	-1,53	-1,46	1,37	1,45
CW_47	CW_47	CW3MF01_1_October_2024	S7832	Section_1	CW_3	CW_3_Section_1	CW_3_MF01	MF01	Wetland	CW3S1-1	0.15-0.30	0.15-0.30	515F806R	CW3MF01_1	True Sample	T1	T1_0.15-0.30	2024-10-15	Autumn	150	100	8,35	47	14173590-001	CW3_MF01	17/10/2024	31	14	380	0,145948022	9,1	0,003555459	66	0,02610907	37	0,014636903	27	0,010680983	64		519,10	0,18	60	0,022470157	NA	NA	NA	NA	NA	NA	NA	NA	NA	NA	NA	NA	NA	NA	NA	NA	NA	NA	NA	NA	110	3,8	2,2	0,66	0,24	0,01	0,001	0,002	0,041195288	0,001398252	0,000827443	0,00024618	8,88739E-05	3,70308E-06	3,65884E-07	7,31768E-07	0,001	0,001	0,002	0,001	0,001		0,002	0,001	0,001	116,913	6,913	0,043760837	0,00256555	120	75	2.5	2.5	2.5	95	639		65	0.03	0.01	0.075	45,05100979	45,05100979	26	0,465532677	0,465532677	71,05100979	1,272175645	1,272175645	45,05100979	45,05100979	71,05100979	1,272175645	1,272175645	4,6	0,083742946	0,167485891	15,19143656	7,595718282	75,65100979	1,439661536	24	5.1	1	0,017	0,000274194	0,001370968	77,5	99,36	6,454299396	77,5	99,36	6,454299396	6,454299396	0,5	0,00520508	0,041640641	0,043011609	7,89	0,021216965	0,161158087	0,817624948	7,89	16,11580873	2,121696479	81,76249479	7.48	13.1	-95	6.99	1080	0.2	0.01	-7,70	-7,69	-7,70	-7,69
CW_48	CW_48	CW3MF02_1_October_2024	S7833	Section_1	CW_3	CW_3_Section_1	CW_3_MF02	MF02	Wetland	CW3S1-3-4	0.60-0.80	0.60-0.80	515F806R	CW3MF02_1	True Sample	T1	T1_0.60-0.80	2024-10-15	Autumn	150	100	5,00	48	14172407-009	CW3_MF02	15/10/2024	11	11	800	0,307258994	47	0,01836336	600	0,237355185	250	0,098897994	220	0,087030235	470		1917,00	0,56	3900	1,460560193	NA	NA	NA	NA	NA	NA	NA	NA	NA	NA	NA	NA	NA	NA	NA	NA	NA	NA	NA	NA	3500	120	120	38	18	3,9	0,51	0,41	1,310759148	0,044155332	0,04513326	0,014173986	0,006665545	0,001444201	0,000186601	0,000150012	0,001	0,001	0,002	0,001	0,001		0,002	0,001	0,001	3800,82	300,82	1,422668085	0,111908937	3800	5400	1500	2.5	2.5	7000	5.717		70	0.03	0.01	0.075	9,882156985	9,882156985	0,7	0,012533572	0,012533572	10,58215699	0,18947461	0,18947461	9,882156985	9,882156985	10,58215699	0,18947461	0,18947461	1,2	0,021845986	0,043691972	8,673200286	4,336600143	11,78215699	0,233166582	26	0.76	1	0,017	0,000274194	0,001370968	17	21,79	1,415781803	17	21,79	1,415781803	1,415781803	61	0,635019779	5,080158234	5,081529202	1,65	0,02649687	0,114906332	0,858596798	1,65	11,49063318	2,649687037	85,85967978	0.45	13.1	-128	7.08	556	0.2	0.01	0,37	0,49	0,37	0,49
CW_49	CW_49	CW3MF05_1_October_2024	S7834	Section_2	CW_3	CW_3_Section_2	CW_3_MF05	MF05	Wetland	CW3S2-1	0.15-0.30	0.15-0.30	515F806R	CW3MF05_1	True Sample	T1	T1_0.15-0.30	2024-10-15	Autumn	150	100	6,25	49	14173590-002	CW3_MF05	17/10/2024	1,1	2,1	1,8	0,000691333	0,02	7,8142E-06	3,3	0,001305454	1,8	0,000712066	1,7	0,000672506	3,5		8,74	0,00	0,98	0,000367013	NA	NA	NA	NA	NA	NA	NA	NA	NA	NA	NA	NA	NA	NA	NA	NA	NA	NA	NA	NA	0,85	0,01	0,01	0,005	0,03	0,001	0,01	0,002	0,000318327	3,67961E-06	3,7611E-06	1,865E-06	1,11092E-05	3,70308E-07	3,65884E-06	7,31768E-07	0,001	0,001	0,002	0,001	0,001		0,002	0,001	0,001	0,918	0,068	0,000343503	2,51759E-05	0,89	2.5	2.5	2.5	2.5	5	10		70	0.03	0.01	0.075	24,41474079	24,41474079	1,4	0,025067144	0,025067144	25,81474079	0,462215592	0,462215592	-20,636269		1,4	0,025067144	0,025067144	6	0,109229929	0,218459858	4,23158374	2,11579187	31,81474079	0,68067545	0.2	0.26	1	0,017	0,000274194	0,001370968	42	53,85	3,497813866	-35,5	-7100,00	-2,95648553		36	0,374765771	2,998126171	2,999497139	4,18	0,052282019	0,110617871	0,83710011	0,24	10,2933736	89,7066264	0	8.81	13.8	-55	7.08	496	0.2	0.01	-4,18	-4,18	-0,24	-0,24
CW_50	CW_50	CW3MF06_1_October_2024	S7835	Section_2	CW_3	CW_3_Section_2	CW_3_MF06	MF06	Wetland	CW3S2-3-4	0.60-0.80	0.60-0.80	515F806R	CW3MF06_1	True Sample	T1	T1_0.60-0.80	2024-10-15	Autumn	150	100	8,95	50	14173590-003	CW3_MF06	17/10/2024	9,7	13	440	0,168992447	29	0,011330584	370	0,146369031	140	0,055382877	150	0,059338796	290		1129,00	0,33	2300	0,861356012	NA	NA	NA	NA	NA	NA	NA	NA	NA	NA	NA	NA	NA	NA	NA	NA	NA	NA	NA	NA	3000	120	110	47	29	4,7	1,2	1,2	1,123507841	0,044155332	0,041372155	0,017530983	0,010738933	0,001740448	0,000439061	0,000439061	0,001	0,001	0,002	0,001	0,001		0,002	0,001	0,001	3313,1	313,1	1,239923813	0,116415972	3300	4700	1500	2.5	2.5	6200	4.429		68	0.03	0.01	0.075	4,650426817	4,650426817	0,6	0,010743062	0,010743062	5,250426817	0,094009433	0,094009433	-5,231730169		0,6	0,010743062	0,010743062	1,1	0,020025487	0,040050974	4,694489217	2,347244608	6,350426817	0,134060407	29	0.68	1	0,017	0,000274194	0,001370968	8	10,26	0,66625026	-9	-14,75	-0,749531543		70	0,728711222	5,829689777	5,831060745	0,80	0,050044284	0,117466175	0,832489542	0,05	21,15024258	78,84975742	0	0.51	12.8	-109	7.05	593	0.2	0.01	0,39	0,50	1,14	1,25
CW_51	CW_51	CW3MF09_1_October_2024	S7836	Section_3	CW_3	CW_3_Section_3	CW_3_MF09	MF09	Wetland	CW3S3-1	0.15-0.30	0.15-0.30	515F806R	CW3MF09_1	True Sample	T1	T1_0.15-0.30	2024-10-15	Autumn	150	100	9,90	51	14173590-004	CW3_MF09	17/10/2024	22	22	43	0,016515171	1,2	0,000468852	26	0,010285391	9,4	0,003718565	9,9	0,003916361	19,3		89,50	0,03	190	0,071155497	NA	NA	NA	NA	NA	NA	NA	NA	NA	NA	NA	NA	NA	NA	NA	NA	NA	NA	NA	NA	110	0,5	0,5	0,25	0,05	0,05	0,001	0,002	0,041195288	0,000183981	0,000188055	9,32499E-05	1,85154E-05	1,85154E-05	3,65884E-07	7,31768E-07	0,001	0,001	0,002	0,001	0,001		0,002	0,001	0,001	111,353	1,353	0,041698702	0,000503414	110	230	50	2.5	2.5	280	200		56	0.03	0.01	0.075	45,05100979	45,05100979	25	0,447627574	0,447627574	70,05100979	1,254270542	1,254270542	20,636269	20,636269	45,636269	0,817122095	0,817122095	5,1	0,09284544	0,185690879	13,50923155	6,754615773	75,15100979	1,439961422	17	2.3	1	0,017	0,000274194	0,001370968	77,5	99,36	6,454299396	35,5	98,61	2,95648553	2,95648553	0,5	0,00520508	0,041640641	0,043011609	7,89	0,023522263	0,158883849	0,817593888	3,96	20,63805227	4,68999443	74,6719533	6.88	12.8	-99	6.9	606	0.2	0.01	-7,80	-7,80	-3,86	-3,86
CW_52	CW_52	CW3MF10_1_October_2024	S7837	Section_3	CW_3	CW_3_Section_3	CW_3_MF10	MF10	Wetland	CW3S3-3-4	0.60-0.80	0.60-0.80	515F806R	CW3MF10_1	True Sample	T1	T1_0.60-0.80	2024-10-15	Autumn	150	100	7,50	52	14173590-005	CW3_MF10	17/10/2024	11	11	660	0,25348867	1	0,00039071	500	0,197795988	150	0,059338796	110	0,043515117	260		1427,00	0,45	2100	0,786455489	NA	NA	NA	NA	NA	NA	NA	NA	NA	NA	NA	NA	NA	NA	NA	NA	NA	NA	NA	NA	1900	120	93	30	9	1,4	0,06	0,03	0,711554966	0,044155332	0,034978276	0,011189989	0,003332772	0,000518431	2,1953E-05	1,09765E-05	0,001	0,001	0,002	0,001	0,001		0,002	0,001	0,001	2153,49	253,49	0,805762697	0,094207731	2100	3700	980	2.5	2.5	4700	3.527		68	0.03	0.01	0.075	16,27649386	16,27649386	1,2	0,021486124	0,021486124	17,47649386	0,312918422	0,312918422	11,62606704	11,62606704	12,82606704	0,229652051	0,229652051	1,6	0,029127981	0,058255962	10,74288057	5,371440284	19,07649386	0,371174384	29	0.68	1	0,017	0,000274194	0,001370968	28	35,90	2,331875911	20	28,57	1,665625651	1,665625651	50	0,520508016	4,164064127	4,165435094	2,70	0,021551934	0,115764928	0,862683138	1,95	11,75572529	2,982081303	85,26219341	0.53	12.9	-84	7.21	470	0.2	0.01	-1,46	-1,37	-0,72	-0,62
CW_53	CW_53	CWinf_2_December_2024	S8056	Section_0	CW_0	CW_0_Section_0	CW_0_INF	INF	INF	NA	NA	INF	515F806R	CWinf_2	True Sample	T2	T2_INF	2024-12-17	Winter	150	65	5,8	53	14212206-002	INFLOW	17/12/2024	16	50	610	0,234284983	140	0,054699371	690	0,272958463	260	0,102853914	450	0,178016389	710		2150,00	0,56	5400	2,022314114	NA	NA	NA	NA	NA	NA	NA	NA	NA	NA	NA	NA	NA	NA	NA	NA	NA	NA	NA	NA	3700	250	210	130	130	28	12	15	1,385659671	0,091990275	0,078983205	0,048489953	0,048140044	0,010368625	0,004390606	0,005488257	2,5	2,1	1	0,35	1,4		0,12	0,43	0,52	4475	775	1,673510635	0,287850964	4500	9000	4700	2.5	2.5	14000	6.650		68	0.03	0.01	0.075	0	0	1,2	0,021486124	0,021486124	1,2	0,021486124	0,021486124	0	0	1,2	0,021486124	0,021486124	0,9	0,016384489	0,032768979	1,31136974	0,65568487	2,1	0,054255102	29	0.9	1	0,017	0,000274194	0,001370968	0	0,00	0	0	0,00	0	0	81	0,843222986	6,745783885	6,747154853	0,05	0,603979669	0,396020331	0	0,05	39,60203309	60,39796691	0	NA	NA	NA	NA	NA	NA	0.01	2,53	2,82	2,53	2,82
CW_54	CW_54	CW1eff_2_December_2024	S8057	Section_5	CW_1	CW_1_Section_5	CW_1_EFF	EFF	EFF	NA	NA	EFF	515F806R	CW1eff_2	True Sample	T2	T2_EFF	2024-12-17	Winter	150	65	6,9	54	14212206-001	CW1_OUT	17/12/2024	17	11	140	0,053770324	0,5	0,000195355	73	0,028878214	40	0,015823679	17	0,006725064	57		273,50	0,08	530	0,198486385	NA	NA	NA	NA	NA	NA	NA	NA	NA	NA	NA	NA	NA	NA	NA	NA	NA	NA	NA	NA	150	25	26	7,9	1,6	0,2	0,03	0,002	0,056175392	0,009199028	0,009778873	0,002946697	0,000592493	7,40616E-05	1,09765E-05	7,31768E-07	0,001	0,001	0,002	0,001	0,001		0,002	0,001	0,001	210,732	60,732	0,078778252	0,02260286	210	1100	320	25	2.5	1400	484		58	0.03	0.01	0.075	37,78471788	37,78471788	10	0,17905103	0,17905103	47,78471788	0,855590293	0,855590293	19,76431397	19,76431397	29,76431397	0,532933106	0,532933106	3,3	0,060076461	0,120152922	14,24168934	7,120844669	51,08471788	0,975743215	16	0.97	1	0,017	0,000274194	0,001370968	65	80,25	5,413283365	34	68,00	2,831563606	2,831563606	16	0,166562565	1,332500521	1,333871488	6,39	0,018806139	0,133915595	0,847278266	3,48	15,29373573	3,448063206	81,25820107	4.5	9.6	-80	7.08	940	0.2	0.01	-6,11	-6,09	-3,20	-3,18
CW_55	CW_55	CW2eff_2_December_2024	S8058	Section_5	CW_2	CW_2_Section_5	CW_2_EFF	EFF	EFF	NA	NA	EFF	515F806R	CW2eff_2	True Sample	T2	T2_EFF	2024-12-17	Winter	150	65	4,5	55	14213115-001	CW2_OUT	17/12/2024	11	12	670	0,257329407	14	0,005469937	410	0,16219271	250	0,098897994	200	0,079118395	450		1544,00	0,42	2700	1,011157057	NA	NA	NA	NA	NA	NA	NA	NA	NA	NA	NA	NA	NA	NA	NA	NA	NA	NA	NA	NA	350	110	100	44	3,1	0,5	0,04	0,04	0,131075915	0,040475721	0,03761105	0,016411984	0,001147955	0,000185154	1,46354E-05	1,46354E-05	0,001	0,001	0,002	0,001	0,001		0,002	0,001	0,001	607,68	257,68	0,22693705	0,095861135	600	4600	1400	2.5	2.5	6000	2.144		67	0.03	0.01	0.075	15,11388715	15,11388715	1,4	0,025067144	0,025067144	16,51388715	0,29568285	0,29568285	-7,556943577		1,4	0,025067144	0,025067144	1,2	0,021845986	0,043691972	13,53488244	6,767441222	17,71388715	0,339374821	26	0.58	1	0,017	0,000274194	0,001370968	26	32,10	2,165313346	-13	-30,95	-1,082656673		55	0,572558817	4,580470539	4,581841507	2,50	0,017444076	0,118051761	0,864504162	0,07	36,45646671	63,54353329	0	0.51	9.5	-87	7.09	615	0.2	0.01	-1,07	-0,97	1,37	1,46
CW_56	CW_56	CW3eff_2_December_2024	S8059	Section_5	CW_3	CW_3_Section_5	CW_3_EFF	EFF	EFF	NA	NA	EFF	515F806R	CW3eff_2	True Sample	T2	T2_EFF	2024-12-17	Winter	150	65	7,3	56	14213115-002	CW3_OUT	17/12/2024	10	10	230	0,088336961	6,8	0,002656827	190	0,075162475	65	0,025713478	44	0,017406047	109		535,80	0,17	1100	0,411952875	NA	NA	NA	NA	NA	NA	NA	NA	NA	NA	NA	NA	NA	NA	NA	NA	NA	NA	NA	NA	0,79	1,8	5,5	1,8	0,35	0,07	0,001	0,002	0,000295857	0,00066233	0,002068608	0,000671399	0,000129608	2,59216E-05	3,65884E-07	7,31768E-07	0,001	0,001	0,002	0,001	0,001		0,002	0,001	0,001	10,313	9,523	0,003854821	0,003558964	10	1500	410	55	2.5	2000	546		51	0.03	0.01	0.075	29,0651676	29,0651676	1,1	0,019695613	0,019695613	30,1651676	0,540110432	0,540110432	8,719550281	8,719550281	9,819550281	0,175820059	0,175820059	0,5	0,009102494	0,018204988	59,33653201	29,66826601	30,6651676	0,55831542	22	0.73	1	0,017	0,000274194	0,001370968	50	61,73	4,164064127	15	32,61	1,249219238	1,249219238	31	0,32271497	2,581719758	2,583090726	4,72	0,003855046	0,114372516	0,881772438	1,44	12,18227992	1,261393401	86,55632668	0.52	9.5	-82	6.99	799	0.2	0.01	-4,14	-4,14	-0,87	-0,86
CW_57	CW_57	CW1MF01_2_December_2024	S8060	Section_1	CW_1	CW_1_Section_1	CW_1_MF01	MF01	Wetland	CW1S1-1	0.15-0.30	0.15-0.30	515F806R	CW1MF01_2	True Sample	T2	T2_0.15-0.30	2024-12-17	Winter	150	65	13,5	57	14212205-001	CW1_MF01	17/12/2024	11	11	480	0,184355396	1	0,00039071	480	0,189884148	270	0,106809833	140	0,055382877	410		1377,00	0,37	1600	0,599204182	NA	NA	NA	NA	NA	NA	NA	NA	NA	NA	NA	NA	NA	NA	NA	NA	NA	NA	NA	NA	4,8	0,01	0,16	0,1	0,09	0,01	0,01	0,002	0,001797613	3,67961E-06	6,01777E-05	3,73E-05	3,33277E-05	3,70308E-06	3,65884E-06	7,31768E-07	0,001	0,001	0,002	0,001	0,001		0,002	0,001	0,001	5,182	0,382	0,001940191	0,000142579	5,2	2000	35	2.5	2.5	2100	1.382		67	0.03	0.01	0.075	28,48386425	28,48386425	23	0,411817368	0,411817368	51,48386425	0,92182389	0,92182389	28,48386425	28,48386425	51,48386425	0,92182389	0,92182389	3,9	0,070999454	0,141998908	12,98353494	6,491767471	55,38386425	1,063822798	27	1.9	1	0,017	0,000274194	0,001370968	49	60,49	4,080782844	49	60,49	4,080782844	4,080782844	32	0,33312513	2,665001041	2,666372009	5,14	0,027601515	0,179182615	0,793215871	5,14	17,91826146	2,760151459	79,32158708	2.3	9.5	-123	6.95	965	0.2	0.01	-4,17	-4,17	-4,17	-4,17
CW_58	CW_58	CW1MF02_2_December_2024	S8061	Section_1	CW_1	CW_1_Section_1	CW_1_MF02	MF02	Wetland	CW1S1-3-4	0.60-0.80	0.60-0.80	515F806R	CW1MF02_2	True Sample	T2	T2_0.60-0.80	2024-12-17	Winter	150	65	5,3	58	14212205-002	CW1_MF02	17/12/2024	13	13	480	0,184355396	60	0,023442587	360	0,142413111	190	0,075162475	220	0,087030235	410		1310,00	0,35	2700	1,011157057	NA	NA	NA	NA	NA	NA	NA	NA	NA	NA	NA	NA	NA	NA	NA	NA	NA	NA	NA	NA	2600	140	140	53	24	4,4	0,69	0,6	0,973706796	0,051514554	0,05265547	0,019768981	0,008887393	0,001629355	0,00025246	0,00021953	0,001	0,001	0,002	0,001	0,001		0,002	0,001	0,001	2962,69	362,69	1,108634539	0,134927743	3000	5500	1900	2.5	2.5	7400	4.310		68	0.03	0.01	0.075	7,556943577	7,556943577	0,4	0,007162041	0,007162041	7,956943577	0,142469894	0,142469894	7,556943577	7,556943577	7,956943577	0,142469894	0,142469894	0,9	0,016384489	0,032768979	8,695412527	4,347706264	8,856943577	0,175238873	28	0.84	1	0,017	0,000274194	0,001370968	13	16,05	1,082656673	13	16,05	1,082656673	1,082656673	68	0,707890902	5,663127212	5,66449818	1,26	0,026050636	0,113260512	0,860688852	1,26	11,32605123	2,605063577	86,06888519	0.39	9.2	-153	7.08	890	0.1	0.01	0,10	0,24	0,10	0,24
CW_59	CW_59	CW1MF05_2_December_2024	S8062	Section_2	CW_1	CW_1_Section_2	CW_1_MF05	MF05	Wetland	CW1S2-1	0.15-0.30	0.15-0.30	515F806R	CW1MF05_2	True Sample	T2	T2_0.15-0.30	2024-12-17	Winter	150	65	5,8	59	14212205-003	CW1_MF05	17/12/2024	11	11	570	0,218922033	11	0,004297808	450	0,178016389	250	0,098897994	150	0,059338796	400		1431,00	0,40	1100	0,411952875	NA	NA	NA	NA	NA	NA	NA	NA	NA	NA	NA	NA	NA	NA	NA	NA	NA	NA	NA	NA	840	0,01	0,01	0,05	0,06	0,01	0,001	0,002	0,314582196	3,67961E-06	3,7611E-06	1,865E-05	2,22185E-05	3,70308E-06	3,65884E-07	7,31768E-07	0,001	0,001	0,002	0,001	0,001		0,002	0,001	0,001	840,143	0,143	0,314635305	5,31099E-05	840	1700	2.5	2.5	2.5	1700	2.271		67	0.03	0.01	0.075	37,78471788	37,78471788	23	0,411817368	0,411817368	60,78471788	1,088356632	1,088356632	9,300853633	9,300853633	32,30085363	0,57835011	0,57835011	4	0,072819953	0,145639905	14,94585745	7,472928723	64,78471788	1,233996537	26	1.4	1	0,017	0,000274194	0,001370968	65	80,25	5,413283365	16	50,00	1,332500521	1,332500521	16	0,166562565	1,332500521	1,333871488	6,65	0,0219097	0,163729623	0,814360678	2,06	28,12315932	7,081963316	64,79487736	3.1	9.6	-122	6.99	1280	0.2	0.01	-5,83	-5,83	-1,24	-1,24
CW_60	CW_60	CW1MF06_2_December_2024	S8063	Section_2	CW_1	CW_1_Section_2	CW_1_MF06	MF06	Wetland	CW1S2-3-4	0.60-0.80	0.60-0.80	515F806R	CW1MF06_2	True Sample	T2	T2_0.60-0.80	2024-12-17	Winter	150	65	6,9	60	14212205-004	CW1_MF06	17/12/2024	12	12	550	0,211240558	75	0,029303234	440	0,174060469	180	0,071206556	190	0,075162475	370		1435,00	0,41	2600	0,973706796	NA	NA	NA	NA	NA	NA	NA	NA	NA	NA	NA	NA	NA	NA	NA	NA	NA	NA	NA	NA	1800	120	120	35	6,5	0,63	0,03	0,002	0,674104705	0,044155332	0,04513326	0,013054987	0,002407002	0,000233294	1,09765E-05	7,31768E-07	0,001	0,001	0,002	0,001	0,001		0,002	0,001	0,001	2082,162	282,162	0,779100289	0,104995584	2100	3700	1200	2.5	2.5	4900	3.535		67	0.03	0.01	0.075	22,67083073	22,67083073	2,2	0,039391226	0,039391226	24,87083073	0,445314785	0,445314785	15,11388715	15,11388715	17,31388715	0,310006932	0,310006932	0,9	0,016384489	0,032768979	27,1790457	13,58952285	25,77083073	0,478083763	27	0.91	1	0,017	0,000274194	0,001370968	39	48,15	3,247970019	26	38,24	2,165313346	2,165313346	42	0,437226733	3,497813866	3,499184834	3,73	0,008794553	0,119513783	0,871691663	2,51	12,36028308	1,3065316	86,33318532	0.39	9.6	-139	7.12	1340	0.2	0.01	-2,34	-2,23	-1,12	-1,01
CW_61	CW_61	CW1MF09_2_December_2024	S8064	Section_3	CW_1	CW_1_Section_3	CW_1_MF09	MF09	Wetland	CW1S3-1	0.15-0.30	0.15-0.30	515F806R	CW1MF09_2	True Sample	T2	T2_0.15-0.30	2024-12-17	Winter	150	65	9,1	61	14212205-005	CW1_MF09	17/12/2024	9,8	9,8	330	0,126744335	0,5	0,000195355	130	0,051426957	140	0,055382877	65	0,025713478	205		668,50	0,18	230	0,086135601	NA	NA	NA	NA	NA	NA	NA	NA	NA	NA	NA	NA	NA	NA	NA	NA	NA	NA	NA	NA	320	0,01	0,01	0,005	0,001	0,001	0,001	0,002	0,119840836	3,67961E-06	3,7611E-06	1,865E-06	3,70308E-07	3,70308E-07	3,65884E-07	7,31768E-07	0,001	0,001	0,002	0,001	0,001		0,002	0,001	0,001	320,03	0,03	0,11985198	1,1144E-05	320	460	25	2.5	2.5	500	989		65	0.03	0.01	0.075	46,79491984	46,79491984	23	0,411817368	0,411817368	69,79491984	1,249685225	1,249685225	9,010201957	9,010201957	32,01020196	0,573145962	0,573145962	3,6	0,065537957	0,131075915	19,06811373	9,534056866	73,39491984	1,38076114	26	0.93	1	0,017	0,000274194	0,001370968	80,5	99,38	6,704143244	15,5	96,88	1,290859879	1,290859879	0,5	0,00520508	0,041640641	0,043011609	8,08	0,016212426	0,154570192	0,829217382	2,00	28,7279436	6,569952055	64,70210434	3.08	9.8	-108	7.09	855	0.2	0.01	-7,82	-7,82	-1,73	-1,73
CW_62	CW_62	CW1MF10_2_December_2024	S8065	Section_3	CW_1	CW_1_Section_3	CW_1_MF10	MF10	Wetland	CW1S3-3-4	0.60-0.80	0.60-0.80	515F806R	CW1MF10_2	True Sample	T2	T2_0.60-0.80	2024-12-17	Winter	150	65	28,1	62	14212205-006	CW1_MF10	17/12/2024	11	11	560	0,215081296	1	0,00039071	370	0,146369031	220	0,087030235	130	0,051426957	350		1287,00	0,36	2200	0,82390575	NA	NA	NA	NA	NA	NA	NA	NA	NA	NA	NA	NA	NA	NA	NA	NA	NA	NA	NA	NA	1700	85	75	2	1,6	0,17	0,04	0,002	0,636654443	0,031276694	0,028208287	0,000745999	0,000592493	6,29524E-05	1,46354E-05	7,31768E-07	0,001	0,001	0,002	0,001	0,001		0,002	0,001	0,001	1863,812	163,812	0,697556236	0,060901793	1900	3200	770	2.5	2.5	4000	3.187		67	0.03	0.01	0.075	18,02040391	18,02040391	1,7	0,030438675	0,030438675	19,72040391	0,353095862	0,353095862	-4,650426817		1,7	0,030438675	0,030438675	1,6	0,029127981	0,058255962	12,12222233	6,061111163	21,32040391	0,411351825	28	0.53	1	0,017	0,000274194	0,001370968	31	38,27	2,581719758	-8	-19,05	-0,66625026		50	0,520508016	4,164064127	4,165435094	2,99	0,019463605	0,117971072	0,862565324	0,09	34,31850673	65,68149327	0	0.42	9.5	-112	7.18	950	0.2	0.01	-1,81	-1,75	1,10	1,16
CW_63	CW_63	CW2MF01_2_December_2024	S8066	Section_1	CW_2	CW_2_Section_1	CW_2_MF01	MF01	Wetland	CW2S1-1	0.15-0.30	0.15-0.30	515F806R	CW2MF01_2	True Sample	T2	T2_0.15-0.30	2024-12-17	Winter	150	65	7,6	63	14213114-001	CW2_MF01	17/12/2024	22	13	530	0,203559083	0,5	0,000195355	500	0,197795988	230	0,090986154	180	0,071206556	410		1443,50	0,40	1900	0,711554966	NA	NA	NA	NA	NA	NA	NA	NA	NA	NA	NA	NA	NA	NA	NA	NA	NA	NA	NA	NA	510	0,01	0,01	0,005	0,001	0,001	0,001	0,002	0,190996333	3,67961E-06	3,7611E-06	1,865E-06	3,70308E-07	3,70308E-07	3,65884E-07	7,31768E-07	0,001	0,001	0,002	0,001	0,001		0,002	0,001	0,001	510,03	0,03	0,191007477	1,1144E-05	510	3800	40	2.5	2.5	3900	1.954		68	0.03	0.01	0.075	15,69519051	15,69519051	12	0,214861235	0,214861235	27,69519051	0,495885237	0,495885237	15,69519051	15,69519051	27,69519051	0,495885237	0,495885237	2,6	0,047332969	0,094665938	10,47652926	5,238264632	30,29519051	0,590551176	27	1.2	1	0,017	0,000274194	0,001370968	27	33,33	2,248594628	27	33,33	2,248594628	2,248594628	54	0,562148657	4,497189257	4,498560224	2,84	0,033343106	0,174660011	0,791996883	2,84	17,4660011	3,334310564	79,19968834	3.51	9.6	-99	6.95	802	0.2	0.01	-1,73	-1,73	-1,73	-1,73
CW_64	CW_64	CW2MF02_2_December_2024	S8067	Section_1	CW_2	CW_2_Section_1	CW_2_MF02	MF02	Wetland	CW2S1-3-4	0.60-0.80	0.60-0.80	515F806R	CW2MF02_2	True Sample	T2	T2_0.60-0.80	2024-12-17	Winter	150	65	3,1	64	14213114-002	CW2_MF02	17/12/2024	14	14	520	0,199718346	97	0,03789885	470	0,185928228	200	0,079118395	300	0,118677593	500		1587,00	0,42	3100	1,160958103	NA	NA	NA	NA	NA	NA	NA	NA	NA	NA	NA	NA	NA	NA	NA	NA	NA	NA	NA	NA	1200	130	100	41	13	3,5	0,69	0,63	0,449403136	0,047834943	0,03761105	0,015292985	0,004814004	0,001296078	0,00025246	0,000230507	0,001	0,001	0,002	0,001	0,001		0,002	0,001	0,001	1488,82	288,82	0,556735164	0,107332027	1500	6000	2200	2.5	2.5	8200	3.087		68	0.03	0.01	0.075	7,556943577	7,556943577	0,6	0,010743062	0,010743062	8,156943577	0,146050915	0,146050915	7,556943577	7,556943577	8,156943577	0,146050915	0,146050915	1	0,018204988	0,036409976	8,022576736	4,011288368	9,156943577	0,182460891	28	0.79	1	0,017	0,000274194	0,001370968	13	16,05	1,082656673	13	16,05	1,082656673	1,082656673	68	0,707890902	5,663127212	5,66449818	1,27	0,028779915	0,115444539	0,855775545	1,27	11,54445395	2,87799153	85,57755452	0.36	9.1	-1.35	7.18	1140	0.2	0.01	0,32	0,43	0,32	0,43
CW_65	CW_65	CW2MF05_2_December_2024	S8068	Section_2	CW_2	CW_2_Section_2	CW_2_MF05	MF05	Wetland	CW2S2-1	0.15-0.30	0.15-0.30	515F806R	CW2MF05_2	True Sample	T2	T2_0.15-0.30	2024-12-17	Winter	150	65	7,7	65	14213114-003	CW2_MF05	17/12/2024	18	17	110	0,042248112	1,5	0,000586065	24	0,009494207	13	0,005142696	8,7	0,00344165	21,7		157,20	0,05	42	0,01572911	NA	NA	NA	NA	NA	NA	NA	NA	NA	NA	NA	NA	NA	NA	NA	NA	NA	NA	NA	NA	1,4	0,01	0,01	0,005	0,001	0,001	0,001	0,002	0,000524304	3,67961E-06	3,7611E-06	1,865E-06	3,70308E-07	3,70308E-07	3,65884E-07	7,31768E-07	0,001	0,001	0,002	0,001	0,001		0,002	0,001	0,001	1,43	0,03	0,000535448	1,1144E-05	1,4	65	2.5	2.5	2.5	95	159		62	0.03	0.01	0.075	46,79491984	46,79491984	35	0,626678603	0,626678603	81,79491984	1,464546461	1,464546461	31,09972934	31,09972934	66,09972934	1,183522459	1,183522459	6,7	0,121973421	0,243946841	12,00709509	6,003547545	88,49491984	1,708493302	15	1.1	1	0,017	0,000274194	0,001370968	80,5	99,38	6,704143244	53,5	99,07	4,455548615	4,455548615	0,5	0,00520508	0,041640641	0,043011609	8,41	0,028997668	0,174088878	0,796913454	5,88	20,11760759	4,146627546	75,73576486	0.6	9.5	-152	7.33	890	0.1	0.01	-8,34	-8,34	-5,81	-5,81
CW_66	CW_66	CW2MF06_2_December_2024	S8069	Section_2	CW_2	CW_2_Section_2	CW_2_MF06	MF06	Wetland	CW2S2-3-4	0.60-0.80	0.60-0.80	515F806R	CW2MF06_2	True Sample	T2	T2_0.60-0.80	2024-12-17	Winter	150	65	4,45	66	14213114-004	CW2_MF06	17/12/2024	13	13	580	0,22276277	31	0,012112003	420	0,16614863	210	0,083074315	230	0,090986154	440		1471,00	0,40	1800	0,674104705	NA	NA	NA	NA	NA	NA	NA	NA	NA	NA	NA	NA	NA	NA	NA	NA	NA	NA	NA	NA	280	38	32	10	2,8	0,55	0,08	0,07	0,104860732	0,013982522	0,012035536	0,003729996	0,001036862	0,000203669	2,92707E-05	2,56119E-05	0,001	0,001	0,002	0,001	0,001		0,002	0,001	0,001	363,5	83,5	0,135904201	0,031043469	360	4000	1100	2.5	2.5	5100	1.831		67	0.03	0.01	0.075	23,83343743	23,83343743	4,2	0,075201432	0,075201432	28,03343743	0,501941583	0,501941583	16,27649386	16,27649386	20,47649386	0,366633731	0,366633731	2	0,036409976	0,072819953	13,78582559	6,892912795	30,03343743	0,574761536	27	0.97	1	0,017	0,000274194	0,001370968	41	50,62	3,414532584	28	41,18	2,331875911	2,331875911	40	0,416406413	3,331251301	3,332622269	3,99	0,018253844	0,125822155	0,855924001	2,77	13,22952461	2,627617907	84,14285748	0.37	9.6	-142	6.98	1040	0.2	0.01	-2,91	-2,88	-1,70	-1,67
CW_67	CW_67	CW2MF09_2_December_2024	S8070	Section_3	CW_2	CW_2_Section_3	CW_2_MF09	MF09	Wetland	CW2S3-1	0.15-0.30	0.15-0.30	515F806R	CW2MF09_2	True Sample	T2	T2_0.15-0.30	2024-12-17	Winter	150	65	7,2	67	14213114-005	CW2_MF09	17/12/2024	12	18	570	0,218922033	12	0,004688517	260	0,102853914	130	0,051426957	110	0,043515117	240		1082,00	0,33	160	0,059920418	NA	NA	NA	NA	NA	NA	NA	NA	NA	NA	NA	NA	NA	NA	NA	NA	NA	NA	NA	NA	110	2,3	1,4	0,51	0,13	0,001	0,001	0,002	0,041195288	0,000846311	0,000526555	0,00019023	4,814E-05	3,70308E-07	3,65884E-07	7,31768E-07	0,001	0,001	0,002	0,001	0,001		0,002	0,001	0,001	114,344	4,344	0,042807991	0,001612703	110	250	30	2.5	2.5	280	1.192		62	0.03	0.01	0.075	46,79491984	46,79491984	21	0,376007162	0,376007162	67,79491984	1,21387502	1,21387502	0	0	21	0,376007162	0,376007162	4	0,072819953	0,145639905	16,66953871	8,334769353	71,79491984	1,359514925	23	1.5	1	0,017	0,000274194	0,001370968	80,5	99,38	6,704143244	0	0,00	0	0	0,5	0,00520508	0,041640641	0,043011609	8,06	0,01806127	0,150536518	0,831402213	0,52	72,08075834	27,91924166	0	5.7	8.7	-122	7.05	622	0.1	0.01	-7,68	-7,68	-0,14	-0,13
CW_68	CW_68	CW2MF10_2_December_2024	S8071	Section_3	CW_2	CW_2_Section_3	CW_2_MF10	MF10	Wetland	CW2S3-3-4	0.60-0.80	0.60-0.80	515F806R	CW2MF10_2	True Sample	T2	T2_0.60-0.80	2024-12-17	Winter	150	65	5,1	68	14213114-006	CW2_MF10	17/12/2024	11	12	660	0,25348867	34	0,013284133	400	0,15823679	210	0,083074315	190	0,075162475	400		1494,00	0,43	1900	0,711554966	NA	NA	NA	NA	NA	NA	NA	NA	NA	NA	NA	NA	NA	NA	NA	NA	NA	NA	NA	NA	710	58	41	13	3,4	0,73	0,06	0,03	0,265896856	0,021341744	0,01542053	0,004848995	0,001259047	0,000270325	2,1953E-05	1,09765E-05	0,001	0,001	0,002	0,001	0,001		0,002	0,001	0,001	826,22	116,22	0,309070427	0,043173571	820	3500	910	2.5	2.5	4400	2.314		67	0.03	0.01	0.075	22,67083073	22,67083073	2,4	0,042972247	0,042972247	25,07083073	0,448895805	0,448895805	-1,162606704		2,4	0,042972247	0,042972247	2,1	0,038230475	0,07646095	11,74183171	5,870915855	27,17083073	0,525356756	26	0.57	1	0,017	0,000274194	0,001370968	39	48,15	3,247970019	-2	-5,00	-0,166562565		42	0,437226733	3,497813866	3,499184834	3,77	0,020263538	0,118965526	0,860770936	0,12	35,98015295	64,01984705	0	0.49	9.5	-115	7.02	536	0.2	0.01	-2,64	-2,59	1,02	1,06
CW_69	CW_69	CW3MF01_2_December_2024	S8072	Section_1	CW_3	CW_3_Section_1	CW_3_MF01	MF01	Wetland	CW3S1-1	0.15-0.30	0.15-0.30	515F806R	CW3MF01_2	True Sample	T2	T2_0.15-0.30	2024-12-17	Winter	150	65	9,45	69	14214080-001	CW3_MF01	18/12/2024	9,8	10	550	0,211240558	13	0,005079227	140	0,055382877	110	0,043515117	59	0,023339927	169		872,00	0,27	32	0,011984084	NA	NA	NA	NA	NA	NA	NA	NA	NA	NA	NA	NA	NA	NA	NA	NA	NA	NA	NA	NA	0,17	0,11	0,01	0,005	0,01	0,001	0,001	0,002	6,36654E-05	4,04757E-05	3,7611E-06	1,865E-06	3,70308E-06	3,70308E-07	3,65884E-07	7,31768E-07	0,001	0,001	0,002	0,001	0,001		0,002	0,001	0,001	0,309	0,139	0,000114938	5,12729E-05	0,042	2.5	2.5	2.5	2.5	5	872		63	0.03	0.01	0.075	46,79491984	46,79491984	25	0,447627574	0,447627574	71,79491984	1,285495431	1,285495431	46,79491984	46,79491984	71,79491984	1,285495431	1,285495431	3,8	0,069178955	0,13835791	18,58217475	9,291087374	75,59491984	1,423853341	22	1.7	1	0,017	0,000274194	0,001370968	80,5	99,38	6,704143244	80,5	99,38	6,704143244	6,704143244	0,5	0,00520508	0,041640641	0,043011609	8,13	0,017022388	0,158156493	0,82482112	8,13	15,81564925	1,702238782	82,48211196	4.3	9.8	-106	7.09	1102	0.2	0.01	-7,84	-7,84	-7,84	-7,84
CW_70	CW_70	CW3MF02_2_December_2024	S8073	Section_1	CW_3	CW_3_Section_1	CW_3_MF02	MF02	Wetland	CW3S1-3-4	0.60-0.80	0.60-0.80	515F806R	CW3MF02_2	True Sample	T2	T2_0.60-0.80	2024-12-17	Winter	150	65	4,9	70	14214080-002	CW3_MF02	18/12/2024	11	11	590	0,226603508	49	0,01914478	650	0,257134784	240	0,094942074	280	0,110765753	520		1809,00	0,50	3000	1,123507841	NA	NA	NA	NA	NA	NA	NA	NA	NA	NA	NA	NA	NA	NA	NA	NA	NA	NA	NA	NA	1400	80	110	32	11	2,4	0,42	0,36	0,524303659	0,029436888	0,041372155	0,011935988	0,004073388	0,000888739	0,000153671	0,000131718	0,001	0,001	0,002	0,001	0,001		0,002	0,001	0,001	1636,18	236,18	0,612296208	0,087992548	1600	8900	1900	2.5	2.5	11000	3.409		70	0.03	0.01	0.075	13,3699771	13,3699771	0,5	0,008952551	0,008952551	13,8699771	0,248343368	0,248343368	13,3699771	13,3699771	13,8699771	0,248343368	0,248343368	0,8	0,014563991	0,029127981	17,0518765	8,525938249	14,6699771	0,277471349	27	0.45	1	0,017	0,000274194	0,001370968	23	28,40	1,915469498	23	28,40	1,915469498	1,915469498	58	0,603789298	4,830314387	4,831685355	2,19	0,013282611	0,113246724	0,873470664	2,19	11,32467245	1,328261139	87,34706641	0.49	9.6	-145	6.92	850	0.2	0.01	-0,57	-0,48	-0,57	-0,48
CW_71	CW_71	CW3MF05_2_December_2024	S8074	Section_2	CW_3	CW_3_Section_2	CW_3_MF05	MF05	Wetland	CW3S2-1	0.15-0.30	0.15-0.30	515F806R	CW3MF05_2	True Sample	T2	T2_0.15-0.30	2024-12-17	Winter	150	65	5	71	14214080-003	CW3_MF05	18/12/2024	1,1	1,5	3,5	0,001344258	0,4	0,000156284	4,4	0,001740605	2,1	0,000830743	1,8	0,000712066	3,9		12,20	0,00	12	0,004494031	NA	NA	NA	NA	NA	NA	NA	NA	NA	NA	NA	NA	NA	NA	NA	NA	NA	NA	NA	NA	0,04	0,01	0,01	0,005	0,001	0,001	0,001	0,002	1,49801E-05	3,67961E-06	3,7611E-06	1,865E-06	3,70308E-07	3,70308E-07	3,65884E-07	7,31768E-07	0,001	0,001	0,002	0,001	0,001		0,002	0,001	0,001	0,07	0,03	2,61241E-05	1,1144E-05	0,042	2.5	2.5	2.5	2.5	5	12		68	0.03	0.01	0.075	41,272538	41,272538	2,5	0,044762757	0,044762757	43,772538	0,783751799	0,783751799	-5,522381845		2,5	0,044762757	0,044762757	6,9	0,125614418	0,251228837	6,239345847	3,119672923	50,672538	1,034980636	0.2	0.35	1	0,017	0,000274194	0,001370968	71	87,65	5,91297106	-9,5	-1900,00	-0,791172184		10	0,104101603	0,832812825	0,834183793	6,95	0,036158691	0,112803288	0,851038021	0,30	15,12298264	84,87701736	0	6.9	8.6	-89	6.98	690	0.2	0.01	-6,94	-6,94	-0,29	-0,29
CW_72	CW_72	CW3MF06_2_December_2024	S8075	Section_2	CW_3	CW_3_Section_2	CW_3_MF06	MF06	Wetland	CW3S2-3-4	0.60-0.80	0.60-0.80	515F806R	CW3MF06_2	True Sample	T2	T2_0.60-0.80	2024-12-17	Winter	150	65	8,1	72	14214080-004	CW3_MF06	18/12/2024	8,4	8,6	450	0,172833184	29	0,011330584	320	0,126589432	150	0,059338796	130	0,051426957	280		1079,00	0,31	2000	0,749005227	NA	NA	NA	NA	NA	NA	NA	NA	NA	NA	NA	NA	NA	NA	NA	NA	NA	NA	NA	NA	270	25	39	9,2	3	0,55	0,09	0,07	0,101115706	0,009199028	0,014668309	0,003431597	0,001110924	0,000203669	3,29295E-05	2,56119E-05	0,001	0,001	0,002	0,001	0,001		0,002	0,001	0,001	346,91	76,91	0,129787774	0,028672069	350	4000	1000	2.5	2.5	5000	1.429		70	0.03	0.01	0.075	11,62606704	11,62606704	0,8	0,014324082	0,014324082	12,42606704	0,22249001	0,22249001	-1,743910056		0,8	0,014324082	0,014324082	0,9	0,016384489	0,032768979	13,57930693	6,789653463	13,32606704	0,255258988	27	0.8	1	0,017	0,000274194	0,001370968	20	24,69	1,665625651	-3	-5,17	-0,249843848		61	0,635019779	5,080158234	5,081529202	1,92	0,017059316	0,115826846	0,867113837	0,05	30,41654554	69,58345446	0	42	8.7	-112	7.06	844	0.2	0.01	-0,86	-0,83	1,01	1,04
CW_73	CW_73	CW3MF09_2_December_2024	S8076	Section_3	CW_3	CW_3_Section_3	CW_3_MF09	MF09	Wetland	CW3S3-1	0.15-0.30	0.15-0.30	515F806R	CW3MF09_2	True Sample	T2	T2_0.15-0.30	2024-12-17	Winter	150	65	6,4	73	14214080-005	CW3_MF09	18/12/2024	13	14	170	0,065292536	1,4	0,000546994	25	0,009889799	13	0,005142696	6,2	0,00245267	19,2		215,60	0,08	14	0,005243037	NA	NA	NA	NA	NA	NA	NA	NA	NA	NA	NA	NA	NA	NA	NA	NA	NA	NA	NA	NA	3,2	0,2	0,12	0,005	0,001	0,001	0,001	0,002	0,001198408	7,35922E-05	4,51333E-05	1,865E-06	3,70308E-07	3,70308E-07	3,65884E-07	7,31768E-07	0,001	0,001	0,002	0,001	0,001		0,002	0,001	0,001	3,53	0,33	0,001320837	0,000122429	3,5	2.5	2.5	2.5	2.5	5	219		62	0.03	0.01	0.075	46,79491984	46,79491984	24	0,429722471	0,429722471	70,79491984	1,267590328	1,267590328	5,522381845	5,522381845	29,52238184	0,528601286	0,528601286	3,6	0,065537957	0,131075915	19,34131576	9,670657881	74,39491984	1,398666243	19	2.5	1	0,017	0,000274194	0,001370968	80,5	99,38	6,704143244	9,5	95,00	0,791172184	0,791172184	0,5	0,00520508	0,041640641	0,043011609	8,10	0,016176601	0,156438372	0,827385027	1,45	36,43391876	9,03442605	54,53165519	5.3	8.9	-89	7.1	712	0.2	0.01	-8,02	-8,02	-1,37	-1,37
CW_74	CW_74	CW3MF10_2_December_2024	S8077	Section_3	CW_3	CW_3_Section_3	CW_3_MF10	MF10	Wetland	CW3S3-3-4	0.60-0.80	0.60-0.80	515F806R	CW3MF10_2	True Sample	T2	T2_0.60-0.80	2024-12-17	Winter	150	65	19,3	74	14214080-006	CW3_MF10	18/12/2024	10	11	750	0,288055307	38	0,014846972	550	0,217575586	240	0,094942074	200	0,079118395	440		1778,00	0,52	3400	1,273308887	NA	NA	NA	NA	NA	NA	NA	NA	NA	NA	NA	NA	NA	NA	NA	NA	NA	NA	NA	NA	2100	78	73	21	5,4	0,99	0,1	0,06	0,786455489	0,028700966	0,027456066	0,007832992	0,001999663	0,000366605	3,65884E-05	2,1953E-05	0,001	0,001	0,002	0,001	0,001		0,002	0,001	0,001	2278,55	178,55	0,852870323	0,066414834	2300	5100	1200	2.5	2.5	6300	4.078		69	0.03	0.01	0.075	20,34561732	20,34561732	3,4	0,06087735	0,06087735	23,74561732	0,425167723	0,425167723	8,719550281	8,719550281	12,11955028	0,217001796	0,217001796	1,3	0,023666485	0,047332969	17,96497155	8,982485776	25,04561732	0,472500692	27	1.2	1	0,017	0,000274194	0,001370968	35	43,21	2,914844889	15	24,59	1,249219238	1,249219238	46	0,478867375	3,830938996	3,832309964	3,39	0,013973469	0,125516489	0,860510042	1,51	14,33723509	3,127273236	82,53549168	0.61	8.7	-105	7.01	645	0.2	0.01	-1,59	-1,53	0,28	0,35
CW_75	CW_75	CWinf_3_February_2025	S8395	Section_0	CW_0	CW_0_Section_0	CW_0_INF	INF	INF	NA	NA	INF	515F806R	CWinf_3	True Sample	T3	T3_INF	2025-02-17	Winter	150	65	4,80	75	14243903-002	INFLOW	17/02/2025	64	17	660	0,25348867	210	0,082049056	770	0,304605821	280	0,110765753	500	0,197795988	780		2420,00	0,64	5900	2,209565421	NA	NA	NA	NA	NA	NA	NA	NA	NA	NA	NA	NA	NA	NA	NA	NA	NA	NA	NA	NA	7000	310	280	190	180	35	19	21	2,621518296	0,114067941	0,10531094	0,070869931	0,066655445	0,012960781	0,006951792	0,00768356	2,1	1,8	0,77	0,33	1		0,06	0,3	0,29	8035	1035	3,006018687	0,384500391	8000	8900	4200	35	2.5	13000	10.420		72	0.03	0.01	0.075	0	0	0,5	0,008952551	0,008952551	0,5	0,008952551	0,008952551	0	0	0,5	0,008952551	0,008952551	0,8	0,014563991	0,029127981	0,614704566	0,307352283	1,3	0,038080533	25	1.3	1	0,017	0,000274194	0,001370968	0	0,00	0	0	0,00	0	0	82	0,853633146	6,829065168	6,830436135	0,04	0,764904772	0,235095228	0	0,04	23,50952279	76,49047721	0	NA	NA	NA	NA	NA	NA	0.01	2,81	3,20	2,81	3,20
CW_76	CW_76	CW1eff_3_February_2025	S8396	Section_5	CW_1	CW_1_Section_5	CW_1_EFF	EFF	EFF	NA	NA	EFF	515F806R	CW1eff_3	True Sample	T3	T3_EFF	2025-02-17	Winter	150	65	5,70	76	14243903-001	CW1_OUT	17/02/2025	7,2	7,7	150	0,057611061	1	0,00039071	100	0,039559198	33	0,013054535	29	0,011472167	62		319,00	0,10	600	0,224701568	NA	NA	NA	NA	NA	NA	NA	NA	NA	NA	NA	NA	NA	NA	NA	NA	NA	NA	NA	NA	320	4	4	2	1,6	0,19	0,03	0,02	0,119840836	0,001471844	0,001504442	0,000745999	0,000592493	7,03585E-05	1,09765E-05	7,31768E-06	0,001	0,001	0,002	0,001	0,001		0,002	0,001	0,001	331,84	11,84	0,124244268	0,004403431	320	1100	280	2.5	2.5	1400	639		62	0.03	0.01	0.075	33,71559442	33,71559442	10	0,17905103	0,17905103	43,71559442	0,782732219	0,782732219	22,08952738	22,08952738	32,08952738	0,574566291	0,574566291	2,7	0,049153468	0,098306936	15,92425214	7,96212607	46,41559442	0,881039155	20	1.4	1	0,017	0,000274194	0,001370968	58	70,73	4,830314387	38	61,29	3,164688736	3,164688736	24	0,249843848	1,998750781	2,000121749	5,71	0,017212546	0,137048462	0,845738992	3,84	14,97216975	2,5617029	82,46612735	1.65	8.1	-83	7.16	845	0.2	0.01	-5,39	-5,38	-3,52	-3,51
CW_77	CW_77	CW2eff_3_February_2025	S8397	Section_5	CW_2	CW_2_Section_5	CW_2_EFF	EFF	EFF	NA	NA	EFF	515F806R	CW2eff_3	True Sample	T3	T3_EFF	2025-02-17	Winter	150	65	3,85	77	14244714-001	CW2_OUT	18/02/2025	13	13	620	0,23812572	8,7	0,003399175	560	0,221531506	180	0,071206556	190	0,075162475	370		1558,70	0,46	3900	1,460560193	NA	NA	NA	NA	NA	NA	NA	NA	NA	NA	NA	NA	NA	NA	NA	NA	NA	NA	NA	NA	4900	390	220	99	35	1,9	0,09	0,04	1,835062807	0,143504829	0,08274431	0,036926964	0,012960781	0,000703585	3,29295E-05	1,46354E-05	0,001	0,001	0,002	0,001	0,001		0,002	0,001	0,001	5646,03	746,03	2,111950842	0,276888035	5700	4800	1400	2.5	2.5	6200	7.259		68	0.03	0.01	0.075	12,20737039	12,20737039	1,5	0,026857654	0,026857654	13,70737039	0,245431878	0,245431878	-2,325213408		1,5	0,026857654	0,026857654	1,5	0,027307482	0,054614965	8,987715377	4,493857689	15,20737039	0,300046843	25	1.2	1	0,017	0,000274194	0,001370968	21	25,61	1,748906933	-4	-7,02	-0,33312513		61	0,635019779	5,080158234	5,081529202	2,05	0,02665505	0,119784	0,853560951	0,08	32,96525236	67,03474764	0	0.72	7.3	-112	7.21	1029	0.2	0.01	-0,13	0,15	1,84	2,12
CW_78	CW_78	CW3eff_3_February_2025	S8398	Section_5	CW_3	CW_3_Section_5	CW_3_EFF	EFF	EFF	NA	NA	EFF	515F806R	CW3eff_3	True Sample	T3	T3_EFF	2025-02-17	Winter	150	65	2,80	78	14245613-001	CW3_OUT	19/02/2025	13	13	750	0,288055307	2	0,00078142	710	0,280870302	210	0,083074315	240	0,094942074	450		1924,00	0,57	4400	1,6478115	NA	NA	NA	NA	NA	NA	NA	NA	NA	NA	NA	NA	NA	NA	NA	NA	NA	NA	NA	NA	3000	110	140	43	20	1,6	0,08	0,04	1,123507841	0,040475721	0,05265547	0,016038984	0,007406161	0,000592493	2,92707E-05	1,46354E-05	0,001	0,001	0,002	0,001	0,001		0,002	0,001	0,001	3314,72	314,72	1,240720576	0,117212735	3300	5800	1400	2.5	2.5	7200	5.224		67	0.03	0.01	0.075	8,719550281	8,719550281	0,7	0,012533572	0,012533572	9,419550281	0,168658018	0,168658018	-1,162606704		0,7	0,012533572	0,012533572	1,1	0,020025487	0,040050974	8,422168095	4,211084048	10,51955028	0,208708992	32	1.3	1	0,017	0,000274194	0,001370968	15	18,29	1,249219238	-2	-3,08	-0,166562565		67	0,697480741	5,57984593	5,581216897	1,46	0,027471156	0,115683347	0,856845497	0,05	23,83508657	76,16491343	0	0.39	7.2	-101	7.08	866	0.2	0.01	0,76	0,88	2,16	2,28
CW_79	CW_79	CW1MF01_3_February_2025	S8399	Section_1	CW_1	CW_1_Section_1	CW_1_MF01	MF01	Wetland	CW1S1-1	0.15-0.30	0.15-0.30	515F806R	CW1MF01_3	True Sample	T3	T3_0.15-0.30	2025-02-17	Winter	150	65	5,45	79	14243904-001	CW1_MF01	17/02/2025	12	11	550	0,211240558	2	0,00078142	370	0,146369031	160	0,063294716	150	0,059338796	310		1244,00	0,36	2200	0,82390575	NA	NA	NA	NA	NA	NA	NA	NA	NA	NA	NA	NA	NA	NA	NA	NA	NA	NA	NA	NA	3000	0,47	0,26	0,13	0,1	0,02	0,02	0,002	1,123507841	0,000172942	9,77887E-05	4,849E-05	3,70308E-05	7,40616E-06	7,31768E-06	7,31768E-07	0,001	0,001	0,002	0,001	0,001		0,002	0,001	0,001	3001,002	1,002	1,123879548	0,000371707	3000	4300	70	2.5	2.5	4400	4.244		70	0.03	0.01	0.075	15,11388715	15,11388715	9,7	0,173679499	0,173679499	24,81388715	0,444295204	0,444295204	15,11388715	15,11388715	24,81388715	0,444295204	0,444295204	2	0,036409976	0,072819953	12,20256778	6,101283892	26,81388715	0,517115157	31	1.8	1	0,017	0,000274194	0,001370968	26	31,71	2,165313346	26	31,71	2,165313346	2,165313346	56	0,582968978	4,663751822	4,66512279	2,68	0,027147025	0,165631704	0,807221271	2,68	16,56317042	2,714702464	80,72212712	5.1	7.4	-109	7.11	855	0.2	0.01	-1,50	-1,50	-1,50	-1,50
CW_80	CW_80	CW1MF02_3_February_2025	S8400	Section_1	CW_1	CW_1_Section_1	CW_1_MF02	MF02	Wetland	CW1S1-3-4	0.60-0.80	0.60-0.80	515F806R	CW1MF02_3	True Sample	T3	T3_0.60-0.80	2025-02-17	Winter	150	65	4,00	80	14243904-002	CW1_MF02	17/02/2025	13	13	540	0,207399821	65	0,025396136	490	0,193840068	180	0,071206556	270	0,106809833	450		1545,00	0,43	3800	1,423109932	NA	NA	NA	NA	NA	NA	NA	NA	NA	NA	NA	NA	NA	NA	NA	NA	NA	NA	NA	NA	6600	190	230	100	62	4,3	0,74	0,63	2,471717251	0,069912609	0,086505415	0,037299964	0,022959098	0,001592325	0,000270754	0,000230507	0,01	0,001	0,002	0,001	0,001		0,002	0,001	0,001	7187,67	587,67	2,690487921	0,218770671	7200	7900	2300	2.5	2.5	10000	8.745		72	0.03	0.01	0.075	5,231730169	5,231730169	0,3	0,005371531	0,005371531	5,531730169	0,099046198	0,099046198	5,231730169	5,231730169	5,531730169	0,099046198	0,099046198	0,8	0,014563991	0,029127981	6,800759583	3,400379791	6,331730169	0,128174179	33	1.4	1	0,017	0,000274194	0,001370968	9	10,98	0,749531543	9	10,98	0,749531543	0,749531543	73	0,759941703	6,079533625	6,080904593	0,88	0,0331865	0,112846704	0,853966795	0,88	11,28467044	3,318650014	85,39667954	0.53	7.8	-125	7.08	1312	0.2	0.01	0,97	1,19	0,97	1,19
CW_81	CW_81	CW1MF05_3_February_2025	S8401	Section_2	CW_1	CW_1_Section_2	CW_1_MF05	MF05	Wetland	CW1S2-1	0.15-0.30	0.15-0.30	515F806R	CW1MF05_3	True Sample	T3	T3_0.15-0.30	2025-02-17	Winter	150	65	5,50	81	14243904-003	CW1_MF05	17/02/2025	10	9,9	470	0,180514659	1	0,00039071	260	0,102853914	150	0,059338796	88	0,034812094	238		975,00	0,28	1800	0,674104705	NA	NA	NA	NA	NA	NA	NA	NA	NA	NA	NA	NA	NA	NA	NA	NA	NA	NA	NA	NA	0,002	0,01	0,01	0,05	0,02	0,001	0,001	0,002	7,49005E-07	3,67961E-06	3,7611E-06	1,865E-05	7,40616E-06	3,70308E-07	3,65884E-07	7,31768E-07	0,001	0,001	0,002	0,001	0,001		0,002	0,001	0,001	0,096	0,094	3,57138E-05	3,49648E-05	0,042	3400	25	2.5	2.5	3400	975		71	0.03	0.01	0.075	21,50822403	21,50822403	13	0,232766338	0,232766338	34,50822403	0,617873304	0,617873304	6,394336873	6,394336873	19,39433687	0,347257598	0,347257598	0,05	0,000910249	0,001820499	678,7956117	339,3978059	34,55822403	0,619693803	31	1.8	1	0,017	0,000274194	0,001370968	37	45,12	3,081407454	11	19,64	0,916094108	0,916094108	45	0,468457214	3,747657714	3,749028682	3,70	0,00049188	0,166943096	0,832565023	1,27	27,44745712	0,143893362	72,40864952	3.9	7.9	-114	7.21	1030	0.2	0.01	-2,74	-2,74	-0,31	-0,31
CW_82	CW_82	CW1MF06_3_February_2025	S8402	Section_2	CW_1	CW_1_Section_2	CW_1_MF06	MF06	Wetland	CW1S2-3-4	0.60-0.80	0.60-0.80	515F806R	CW1MF06_3	True Sample	T3	T3_0.60-0.80	2025-02-17	Winter	150	65	5,00	82	14243904-004	CW1_MF06	17/02/2025	11	11	630	0,241966458	5	0,001953549	370	0,146369031	110	0,043515117	130	0,051426957	240		1275,00	0,39	2500	0,936256534	NA	NA	NA	NA	NA	NA	NA	NA	NA	NA	NA	NA	NA	NA	NA	NA	NA	NA	NA	NA	5600	200	230	86	29	1	0,04	0,02	2,097214637	0,07359222	0,086505415	0,032077969	0,010738933	0,000370308	1,46354E-05	7,31768E-06	0,001	0,001	0,002	0,001	0,001		0,002	0,001	0,001	6146,06	546,06	2,300521435	0,203306798	6200	6000	1500	2.5	2.5	7500	7.475		71	0.03	0.01	0.075	13,95128045	13,95128045	1,6	0,028648165	0,028648165	15,55128045	0,278447278	0,278447278	8,719550281	8,719550281	10,31955028	0,18477261	0,18477261	2,5	0,04551247	0,091024941	6,118043582	3,059021791	18,05128045	0,369472218	33	1.6	1	0,017	0,000274194	0,001370968	24	29,27	1,998750781	15	20,55	1,249219238	1,249219238	58	0,603789298	4,830314387	4,831685355	2,37	0,038435967	0,11757646	0,843987573	1,53	12,11610335	5,968782868	81,91511378	0.66	8	-128	7.22	1132	1	0.01	-1,04	-0,84	-0,20	0,00
CW_83	CW_83	CW1MF09_3_February_2025	S8403	Section_3	CW_1	CW_1_Section_3	CW_1_MF09	MF09	Wetland	CW1S3-1	0.15-0.30	0.15-0.30	515F806R	CW1MF09_3	True Sample	T3	T3_0.15-0.30	2025-02-17	Winter	150	65	7,10	83	14244713-001	CW1_MF09	18/02/2025	8,2	8,8	730	0,280373832	6,9	0,002695898	360	0,142413111	220	0,087030235	120	0,047471037	340		1436,90	0,43	1200	0,449403136	NA	NA	NA	NA	NA	NA	NA	NA	NA	NA	NA	NA	NA	NA	NA	NA	NA	NA	NA	NA	0,29	0,01	0,11	0,07	0,04	0,001	0,001	0,002	0,000108606	3,67961E-06	4,13722E-05	2,611E-05	1,48123E-05	3,70308E-07	3,65884E-07	7,31768E-07	0,001	0,001	0,002	0,001	0,001		0,002	0,001	0,001	0,524	0,234	0,000196048	8,7442E-05	0,51	1300	2.5	2.5	2.5	1300	1.437		69	0.03	0.01	0.075	25,57734749	25,57734749	14	0,250671441	0,250671441	39,57734749	0,708636481	0,708636481	4,069123465	4,069123465	18,06912346	0,323529516	0,323529516	3,5	0,063717459	0,127434917	11,12154341	5,560771704	43,07734749	0,836071399	27	1.5	1	0,017	0,000274194	0,001370968	44	53,66	3,664376431	7	15,56	0,582968978	0,582968978	38	0,395586092	3,164688736	3,166059704	4,50	0,028316053	0,157459104	0,814224844	1,03	31,2911366	12,32525382	56,38360958	6.58	7.4	-100	7.11	1004	0.1	0.01	-3,63	-3,63	-0,16	-0,16
CW_84	CW_84	CW1MF10_3_February_2025	S8404	Section_3	CW_1	CW_1_Section_3	CW_1_MF10	MF10	Wetland	CW1S3-3-4	0.60-0.80	0.60-0.80	515F806R	CW1MF10_3	True Sample	T3	T3_0.60-0.80	2025-02-17	Winter	150	65	4,20	84	14243904-005	CW1_MF10	17/02/2025	11	11	510	0,195877609	5	0,001953549	430	0,170104549	150	0,059338796	150	0,059338796	300		1275,00	0,37	2900	1,08605758	NA	NA	NA	NA	NA	NA	NA	NA	NA	NA	NA	NA	NA	NA	NA	NA	NA	NA	NA	NA	4500	150	140	48	18	0,53	0,05	0,03	1,685261762	0,055194165	0,05265547	0,017903983	0,006665545	0,000196263	1,82942E-05	1,09765E-05	0,001	0,001	0,002	0,001	0,001		0,002	0,001	0,001	4856,61	356,61	1,817906458	0,132644696	4800	5000	1200	2.5	2.5	6100	6.075		71	0.03	0.01	0.075	11,62606704	11,62606704	1	0,017905103	0,017905103	12,62606704	0,22607103	0,22607103	-2,325213408		1	0,017905103	0,017905103	1,3	0,023666485	0,047332969	9,552370534	4,776185267	13,92606704	0,273404	31	1.3	1	0,017	0,000274194	0,001370968	20	24,39	1,665625651	-4	-6,90	-0,33312513		62	0,64542994	5,163439517	5,164810485	1,94	0,024410647	0,116589775	0,858999578	0,07	27,44578795	72,55421205	0	0.73	8.3	-109	7.3	1080	0.2	0.01	-0,49	-0,35	1,39	1,52
CW_85	CW_85	CW2MF01_3_February_2025	S8405	Section_1	CW_2	CW_2_Section_1	CW_2_MF01	MF01	Wetland	CW2S1-1	0.15-0.30	0.15-0.30	515F806R	CW2MF01_3	True Sample	T3	T3_0.15-0.30	2025-02-17	Winter	150	65	4,40	85	14244713-002	CW2_MF01	18/02/2025	11	11	730	0,280373832	2	0,00078142	740	0,292738062	230	0,090986154	290	0,114721673	520		2004,00	0,57	4700	1,760162284	NA	NA	NA	NA	NA	NA	NA	NA	NA	NA	NA	NA	NA	NA	NA	NA	NA	NA	NA	NA	1500	4	0,74	0,1	0,04	0,001	0,001	0,002	0,561753921	0,001471844	0,000278322	3,73E-05	1,48123E-05	3,70308E-07	3,65884E-07	7,31768E-07	0,001	0,001	0,002	0,001	0,001		0,002	0,001	0,001	1504,884	4,884	0,563557667	0,001803746	1500	5800	340	2.5	2.5	6200	3.504		69	0.03	0.01	0.075	8,138246929	8,138246929	5,2	0,093106535	0,093106535	13,33824693	0,238822684	0,238822684	8,138246929	8,138246929	13,33824693	0,238822684	0,238822684	1,4	0,025486983	0,050973967	9,370378614	4,685189307	14,73824693	0,289796651	30	1.5	1	0,017	0,000274194	0,001370968	14	17,07	1,165937955	14	17,07	1,165937955	1,165937955	68	0,707890902	5,663127212	5,66449818	1,46	0,035015975	0,164056473	0,800927552	1,46	16,40564725	3,501597518	80,09275523	2.8	7.3	-108	7.09	944	0.2	0.01	0,88	0,88	0,88	0,88
CW_86	CW_86	CW2MF02_3_February_2025	S8406	Section_1	CW_2	CW_2_Section_1	CW_2_MF02	MF02	Wetland	CW2S1-3-4	0.60-0.80	0.60-0.80	515F806R	CW2MF02_3	True Sample	T3	T3_0.60-0.80	2025-02-17	Winter	150	65	3,25	86	14244713-003	CW2_MF02	18/02/2025	13	13	540	0,207399821	120	0,046885175	590	0,233399265	200	0,079118395	340	0,134501272	540		1790,00	0,49	4400	1,6478115	NA	NA	NA	NA	NA	NA	NA	NA	NA	NA	NA	NA	NA	NA	NA	NA	NA	NA	NA	NA	7600	480	310	150	73	11	0,94	0,77	2,846219864	0,176621329	0,116594255	0,055949946	0,027032486	0,004073388	0,000343931	0,000281731	0,02	0,01	0,002	0,001	0,001		0,002	0,001	0,001	8625,71	1025,71	3,227116929	0,380897065	8700	6500	2400	2.5	2.5	8900	10.490		71	0.03	0.01	0.075	5,231730169	5,231730169	0,3	0,005371531	0,005371531	5,531730169	0,099046198	0,099046198	5,231730169	5,231730169	5,531730169	0,099046198	0,099046198	0,7	0,012743492	0,025486983	7,772296666	3,886148333	6,231730169	0,124533182	28	1.3	1	0,017	0,000274194	0,001370968	9	10,98	0,749531543	9	10,98	0,749531543	0,749531543	73	0,759941703	6,079533625	6,080904593	0,87	0,029159149	0,113316778	0,857524073	0,87	11,33167778	2,915914888	85,75240733	0.42	7	-152	7.21	1059	0.2	0.01	1,26	1,64	1,26	1,64
CW_87	CW_87	CW2MF05_3_February_2025	S8407	Section_2	CW_2	CW_2_Section_2	CW_2_MF05	MF05	Wetland	CW2S2-1	0.15-0.30	0.15-0.30	515F806R	CW2MF05_3	True Sample	T3	T3_0.15-0.30	2025-02-17	Winter	150	65	8,00	87	14244713-004	CW2_MF05	18/02/2025	14	14	180	0,069133274	1,8	0,000703278	30	0,011867759	15	0,00593388	9,9	0,003916361	24,9		236,70	0,08	19	0,00711555	NA	NA	NA	NA	NA	NA	NA	NA	NA	NA	NA	NA	NA	NA	NA	NA	NA	NA	NA	NA	13	0,18	0,01	0,005	0,001	0,001	0,001	0,002	0,004868534	6,6233E-05	3,7611E-06	1,865E-06	3,70308E-07	3,70308E-07	3,65884E-07	7,31768E-07	0,001	0,001	0,002	0,001	0,001		0,002	0,001	0,001	13,2	0,2	0,004942231	7,36974E-05	13	2.5	2.5	2.5	2.5	50	250		60	0.03	0.01	0.075	44,06279409	44,06279409	31	0,555058192	0,555058192	75,06279409	1,344007056	1,344007056	35,92454716	35,92454716	66,92454716	1,198290907	1,198290907	5,6	0,101947934	0,203895867	13,18326921	6,591634607	80,66279409	1,547902924	14	2.3	1	0,017	0,000274194	0,001370968	75,8	92,44	6,312721216	61,8	90,88	5,14678326	5,14678326	6,2	0,064542994	0,516343952	0,517714919	7,86	0,02593889	0,170979687	0,803081423	6,55	18,29739487	3,113403579	78,58920155	0.61	7.2	-135	7.08	920	0.1	0.01	-7,77	-7,77	-6,46	-6,46
CW_88	CW_88	CW2MF06_3_February_2025	S8408	Section_2	CW_2	CW_2_Section_2	CW_2_MF06	MF06	Wetland	CW2S2-3-4	0.60-0.80	0.60-0.80	515F806R	CW2MF06_3	True Sample	T3	T3_0.60-0.80	2025-02-17	Winter	150	65	4,45	88	14244713-005	CW2_MF06	18/02/2025	11	11	710	0,272692357	2	0,00078142	710	0,280870302	250	0,098897994	300	0,118677593	550		1984,00	0,55	3900	1,460560193	NA	NA	NA	NA	NA	NA	NA	NA	NA	NA	NA	NA	NA	NA	NA	NA	NA	NA	NA	NA	3600	170	91	39	15	0,7	0,07	0,05	1,348209409	0,062553387	0,034226055	0,014546986	0,00555462	0,000259216	2,56119E-05	1,82942E-05	0,001	0,001	0,002	0,001	0,001		0,002	0,001	0,001	3915,82	315,82	1,46539358	0,117184171	3900	5300	1400	2.5	2.5	6700	5.884		68	0.03	0.01	0.075	20,34561732	20,34561732	2,7	0,048343778	0,048343778	23,04561732	0,412634151	0,412634151	15,11388715	15,11388715	17,81388715	0,318959484	0,318959484	1,7	0,03094848	0,06189696	13,33293759	6,666468795	24,74561732	0,474531111	25	1.4	1	0,017	0,000274194	0,001370968	35	42,68	2,914844889	26	35,62	2,165313346	2,165313346	47	0,489277535	3,914220279	3,915591247	3,39	0,018262052	0,121743398	0,85999455	2,55	12,52703119	2,430983198	85,04198562	0.42	7.4	-138	7.08	110	0.2	0.01	-1,37	-1,26	-0,53	-0,41
CW_89	CW_89	CW2MF09_3_February_2025	S8409	Section_3	CW_2	CW_2_Section_3	CW_2_MF09	MF09	Wetland	CW2S3-1	0.15-0.30	0.15-0.30	515F806R	CW2MF09_3	True Sample	T3	T3_0.15-0.30	2025-02-17	Winter	150	65	6,45	89	14244713-006	CW2_MF09	18/02/2025	9,3	9,4	880	0,337984893	16	0,006251357	610	0,241311105	180	0,071206556	150	0,059338796	330		1836,00	0,59	710	0,265896856	NA	NA	NA	NA	NA	NA	NA	NA	NA	NA	NA	NA	NA	NA	NA	NA	NA	NA	NA	NA	0,12	0,01	0,14	0,06	0,03	0,001	0,001	0,002	4,49403E-05	3,67961E-06	5,26555E-05	2,238E-05	1,11092E-05	3,70308E-07	3,65884E-07	7,31768E-07	0,001	0,001	0,002	0,001	0,001		0,002	0,001	0,001	0,364	0,244	0,000136233	9,12923E-05	0,042	830	2.5	2.5	2.5	830	1.836		68	0.03	0.01	0.075	25,57734749	25,57734749	16	0,286481647	0,286481647	41,57734749	0,744446687	0,744446687	-18,4854466		16	0,286481647	0,286481647	4,4	0,080101948	0,160203896	9,293740122	4,646870061	45,97734749	0,904650583	28	1.7	1	0,017	0,000274194	0,001370968	44	53,66	3,664376431	-31,8	-512,90	-2,648344785		38	0,395586092	3,164688736	3,166059704	4,57	0,035063022	0,162933308	0,802003669	0,45	64,13497183	35,86502817	0	4.99	7.5	-109	7.2	508	0.1	0.01	-3,72	-3,72	0,40	0,40
CW_90	CW_90	CW2MF10_3_February_2025	S8410	Section_3	CW_2	CW_2_Section_3	CW_2_MF10	MF10	Wetland	CW2S3-3-4	0.60-0.80	0.60-0.80	515F806R	CW2MF10_3	True Sample	T3	T3_0.60-0.80	2025-02-17	Winter	150	65	4,75	90	14244713-007	CW2_MF10	18/02/2025	13	13	920	0,353347843	8,7	0,003399175	860	0,340209099	280	0,110765753	290	0,114721673	570		2358,70	0,70	4000	1,498010455	NA	NA	NA	NA	NA	NA	NA	NA	NA	NA	NA	NA	NA	NA	NA	NA	NA	NA	NA	NA	2900	290	170	71	24	1,6	0,12	0,06	1,08605758	0,106708719	0,063938785	0,026482974	0,008887393	0,000592493	4,39061E-05	2,1953E-05	0,001	0,001	0,002	0,001	0,001		0,002	0,001	0,001	3456,78	556,78	1,292733803	0,206676223	3400	5000	1200	2.5	2.5	6300	5.759		70	0.03	0.01	0.075	14,5325838	14,5325838	1,4	0,025067144	0,025067144	15,9325838	0,285274553	0,285274553	-5,813033521		1,4	0,025067144	0,025067144	1,5	0,027307482	0,054614965	10,44675414	5,223377071	17,4325838	0,339889518	25	1.3	1	0,017	0,000274194	0,001370968	25	30,49	2,082032063	-10	-21,28	-0,832812825		57	0,593379138	4,747033104	4,748404072	2,42	0,022550261	0,117788518	0,859661221	0,08	31,45893672	68,54106328	0	0.61	7.4	-130	7.09	509	0.2	0.01	-0,23	-0,02	2,12	2,32
CW_91	CW_91	CW3MF01_3_February_2025	S8411	Section_1	CW_3	CW_3_Section_1	CW_3_MF01	MF01	Wetland	CW3S1-1	0.15-0.30	0.15-0.30	515F806R	CW3MF01_3	True Sample	T3	T3_0.15-0.30	2025-02-17	Winter	150	100	7,15	91	14245611-001	CW3_MF01	19/02/2025	8,9	11	620	0,23812572	10	0,003907098	330	0,130545352	190	0,075162475	98	0,038768014	288		1248,00	0,37	150	0,056175392	NA	NA	NA	NA	NA	NA	NA	NA	NA	NA	NA	NA	NA	NA	NA	NA	NA	NA	NA	NA	88	0,17	0,11	0,005	0,02	0,001	0,001	0,002	0,03295623	6,25534E-05	4,13722E-05	1,865E-06	7,40616E-06	3,70308E-07	3,65884E-07	7,31768E-07	0,001	0,001	0,002	0,001	0,001		0,002	0,001	0,001	88,309	0,309	0,033070895	0,000114665	89	370	55	30	30	480	1.337		67	0.03	0.01	0.075	38,36602124	38,36602124	18	0,322291853	0,322291853	56,36602124	1,009239413	1,009239413	38,36602124	38,36602124	56,36602124	1,009239413	1,009239413	3	0,054614965	0,109229929	18,47917366	9,239586829	59,36602124	1,118469342	29	1.6	1	0,017	0,000274194	0,001370968	66	80,49	5,496564647	66	80,49	5,496564647	5,496564647	16	0,166562565	1,332500521	1,333871488	6,62	0,016512376	0,152567533	0,830920091	6,62	15,25675325	1,651237608	83,09200914	5.11	7.4	-118	7.11	940	0.2	0.01	-6,19	-6,19	-6,19	-6,19
CW_92	CW_92	CW3MF02_3_February_2025	S8412	Section_1	CW_3	CW_3_Section_1	CW_3_MF02	MF02	Wetland	CW3S1-3-4	0.60-0.80	0.60-0.80	515F806R	CW3MF02_3	True Sample	T3	T3_0.60-0.80	2025-02-17	Winter	150	100	3,60	92	14245611-002	CW3_MF02	19/02/2025	13	15	760	0,291896044	57	0,022270458	630	0,249222944	250	0,098897994	330	0,130545352	580		2027,00	0,56	4500	1,685261762	NA	NA	NA	NA	NA	NA	NA	NA	NA	NA	NA	NA	NA	NA	NA	NA	NA	NA	NA	NA	6400	120	260	86	47	1,8	0,4	0,31	2,396816728	0,044155332	0,09778873	0,032077969	0,017404477	0,000666554	0,000146354	0,000113424	0,001	0,001	0,002	0,001	0,001		0,002	0,001	0,001	6915,51	515,51	2,589169568	0,19235284	6900	6300	2100	25	2.5	8400	8.927		69	0.03	0.01	0.075	6,975640225	6,975640225	0,4	0,007162041	0,007162041	7,375640225	0,132061598	0,132061598	6,975640225	6,975640225	7,375640225	0,132061598	0,132061598	1	0,018204988	0,036409976	7,254143555	3,627071778	8,375640225	0,168471574	31	1.3	1	0,017	0,000274194	0,001370968	12	14,63	0,99937539	12	14,63	0,99937539	0,99937539	70	0,728711222	5,829689777	5,831060745	1,17	0,03117701	0,113081253	0,855741738	1,17	11,30812526	3,117700987	85,57417375	0.55	7.3	-133	7.08	740	0.2	0.01	1,08	1,27	1,08	1,27
CW_93	CW_93	CW3MF05_3_February_2025	S8413	Section_2	CW_3	CW_3_Section_2	CW_3_MF05	MF05	Wetland	CW3S2-1	0.15-0.30	0.15-0.30	515F806R	CW3MF05_3	True Sample	T3	T3_0.15-0.30	2025-02-17	Winter	150	100	6,15	93	14245611-003	CW3_MF05	19/02/2025	0,05	0,05	0,76	0,000291896	0,02	7,8142E-06	1,9	0,000751625	0,62	0,000245267	0,69	0,000272958	1,31		4,11	0,00	7,1	0,002658969	NA	NA	NA	NA	NA	NA	NA	NA	NA	NA	NA	NA	NA	NA	NA	NA	NA	NA	NA	NA	4,4	0,01	0,01	0,005	0,001	0,001	0,001	0,002	0,001647812	3,67961E-06	3,7611E-06	1,865E-06	3,70308E-07	3,70308E-07	3,65884E-07	7,31768E-07	0,001	0,001	0,002	0,001	0,001		0,002	0,001	0,001	4,43	0,03	0,001658955	1,1144E-05	4,4	2.5	2.5	2.5	2.5	5	9		68	0.03	0.01	0.075	6,975640225	6,975640225	0,9	0,016114593	0,016114593	7,875640225	0,141014149	0,141014149	-31,39038101		0,9	0,016114593	0,016114593	4,7	0,085563444	0,171126889	1,648065363	0,824032682	12,57564022	0,312141038	0.2	1	1	0,017	0,000274194	0,001370968	12	14,63	0,99937539	-54	-337,50	-4,497189257		70	0,728711222	5,829689777	5,831060745	1,31	0,130480172	0,107519926	0,761999902	0,19	8,606315511	91,39368449	0	6.98	7.5	-78	6.99	712	0.2	0.01	-1,31	-1,31	-0,18	-0,18
CW_94	CW_94	CW3MF06_3_February_2025	S8414	Section_2	CW_3	CW_3_Section_2	CW_3_MF06	MF06	Wetland	CW3S2-3-4	0.60-0.80	0.60-0.80	515F806R	CW3MF06_3	True Sample	T3	T3_0.60-0.80	2025-02-17	Winter	150	100	5,00	94	14245611-004	CW3_MF06	19/02/2025	9,5	11	380	0,145948022	54	0,021098329	380	0,150324951	130	0,051426957	200	0,079118395	330		1144,00	0,32	2400	0,898806273	NA	NA	NA	NA	NA	NA	NA	NA	NA	NA	NA	NA	NA	NA	NA	NA	NA	NA	NA	NA	4700	110	150	72	50	3,4	0,86	0,83	1,760162284	0,040475721	0,056416575	0,026855974	0,018515401	0,001259047	0,00031466	0,000303684	0,01	0,001	0,002	0,001	0,001		0,002	0,001	0,001	5087,09	387,09	1,904303347	0,144141062	5100	4900	1600	2.5	2.5	6400	6.244		69	0.03	0.01	0.075	7,556943577	7,556943577	0,2	0,003581021	0,003581021	7,756943577	0,138888873	0,138888873	0,581303352	0,581303352	0,781303352	0,013989317	0,013989317	0,9	0,016384489	0,032768979	8,476850904	4,238425452	8,656943577	0,171657852	27	1.3	1	0,017	0,000274194	0,001370968	13	15,85	1,082656673	1	1,43	0,083281283	0,083281283	69	0,718301062	5,746408495	5,747779462	1,25	0,026125009	0,110728905	0,863146086	0,13	10,75773788	25,19923485	64,04302728	0.51	7.4	-108	7.11	735	0.2	0.01	-0,04	0,11	1,09	1,23
CW_95	CW_95	CW3MF09_3_February_2025	S8415	Section_3	CW_3	CW_3_Section_3	CW_3_MF09	MF09	Wetland	CW3S3-1	0.15-0.30	0.15-0.30	515F806R	CW3MF09_3	True Sample	T3	T3_0.15-0.30	2025-02-17	Winter	150	100	8,70	95	14245611-005	CW3_MF09	19/02/2025	9,4	10	210	0,080655486	1,4	0,000546994	33	0,013054535	17	0,006725064	7,9	0,003125177	24,9		269,30	0,09	40	0,014980105	NA	NA	NA	NA	NA	NA	NA	NA	NA	NA	NA	NA	NA	NA	NA	NA	NA	NA	NA	NA	21	0,4	0,22	0,06	0,01	0,001	0,001	0,002	0,007864555	0,000147184	8,27443E-05	2,238E-05	3,70308E-06	3,70308E-07	3,65884E-07	7,31768E-07	0,001	0,001	0,002	0,001	0,001		0,002	0,001	0,001	21,694	0,694	0,008122035	0,00025748	22	60	30	2.5	2.5	120	291		63	0.03	0.01	0.075	47,37622319	47,37622319	21	0,376007162	0,376007162	68,37622319	1,224283316	1,224283316	40,40058297	40,40058297	61,40058297	1,09938376	1,09938376	4,6	0,083742946	0,167485891	14,61953968	7,309769842	72,97622319	1,391769207	24	1.9	1	0,017	0,000274194	0,001370968	81,5	99,39	6,787424526	69,5	99,29	5,788049136	5,788049136	0,5	0,00520508	0,041640641	0,043011609	8,18	0,020477066	0,149682641	0,829840293	7,05	15,58322346	2,374030038	82,0427465	5.86	7.6	-86	7.02	822	0.2	0.01	-8,07	-8,07	-6,95	-6,95
CW_96	CW_96	CW3MF10_3_February_2025	S8416	Section_3	CW_3	CW_3_Section_3	CW_3_MF10	MF10	Wetland	CW3S3-3-4	0.60-0.80	0.60-0.80	515F806R	CW3MF10_3	True Sample	T3	T3_0.60-0.80	2025-02-17	Winter	150	100	3,25	96	14245611-006	CW3_MF10	19/02/2025	11	12	560	0,215081296	2	0,00078142	390	0,15428087	130	0,051426957	150	0,059338796	280		1244,00	0,37	2600	0,973706796	NA	NA	NA	NA	NA	NA	NA	NA	NA	NA	NA	NA	NA	NA	NA	NA	NA	NA	NA	NA	2700	95	130	40	20	1,6	0,07	0,03	1,011157057	0,034956305	0,048894365	0,014919986	0,007406161	0,000592493	2,56119E-05	1,09765E-05	0,001	0,001	0,002	0,001	0,001		0,002	0,001	0,001	2986,7	286,7	1,117962954	0,106805897	3000	5200	1500	2.5	2.5	6700	4.244		68	0.03	0.01	0.075	9,882156985	9,882156985	0,6	0,010743062	0,010743062	10,48215699	0,1876841	0,1876841	2,325213408	2,325213408	2,925213408	0,052376247	0,052376247	1,2	0,021845986	0,043691972	8,591239678	4,295619839	11,68215699	0,231376072	32	1.1	1	0,017	0,000274194	0,001370968	17	20,73	1,415781803	4	5,80	0,33312513	0,33312513	65	0,676660421	5,413283365	5,414654332	1,65	0,026525673	0,113944208	0,859530118	0,43	12,2034154	10,18002066	77,61656394	0.58	7.5	-98	6.92	690	0.2	0.01	-0,30	-0,20	0,91	1,02
CW_97	CW_97	CWinf_4_April_2025	S8697	Section_0	CW_0	CW_0_Section_0	CW_0_INF	INF	INF	NA	NA	INF	515F806R	CWinf_4	True Sample	T4	T4_INF	2025-04-15	Spring	150	65	4,55	97	14280168-008	INFLOW	15/04/2025	16	16	570	0,218922033	150	0,058606468	660	0,261090704	210	0,083074315	390	0,15428087	600		1980,00	0,54	4000	1,498010455	NA	NA	NA	NA	NA	NA	NA	NA	NA	NA	NA	NA	NA	NA	NA	NA	NA	NA	NA	NA	4800	160	210	120	120	22	12	14	1,797612546	0,058873776	0,078983205	0,044759957	0,044436963	0,008146777	0,004390606	0,005122373	2,8	2,8	1,4	0,5	1,7		0,13	0,63	0,59	5458	658	2,042326203	0,244713657	5400	7600	3800	2.5	2.5	11000	7.380		71	0.03	0.01	0.075	0	0	0,6	0,010743062	0,010743062	0,6	0,010743062	0,010743062	0	0	0,6	0,010743062	0,010743062	0,8	0,014563991	0,029127981	0,737645479	0,368822739	1,4	0,039871043	NA	0.77	1	0,017	0,000274194	0,001370968	0	0,00	0	0	0,00	0	0	87	0,905683948	7,24547158	7,246842548	0,04	0,730554783	0,269445217	0	0,04	26,94452166	73,05547834	0	NA	NA	NA	NA	NA	NA	0.01	2,00	2,24	2,00	2,24
CW_98	CW_98	CW1eff_4_April_2025	S8698	Section_5	CW_1	CW_1_Section_5	CW_1_EFF	EFF	EFF	NA	NA	EFF	515F806R	CW1eff_4	True Sample	T4	T4_EFF	2025-04-15	Spring	150	65	4,9	98	14280168-001	CW1_OUT	15/04/2025	9,7	9,8	190	0,072974011	0,5	0,000195355	160	0,063294716	36	0,014241311	31	0,012263351	67		420,50	0,14	960	0,359522509	NA	NA	NA	NA	NA	NA	NA	NA	NA	NA	NA	NA	NA	NA	NA	NA	NA	NA	NA	NA	730	4	44	2	1,9	0,27	0,04	0,03	0,273386908	0,001471844	0,016548862	0,000745999	0,000703585	9,99832E-05	1,46354E-05	1,09765E-05	0,001	0,001	0,002	0,001	0,001		0,002	0,001	0,001	782,24	52,24	0,292982794	0,019595886	770	1600	420	2.5	2.5	2000	1.191		73	0.03	0.01	0.075	41,272538	41,272538	5,5	0,098478066	0,098478066	46,772538	0,837467108	0,837467108	26,15865084	26,15865084	31,65865084	0,566851403	0,566851403	1,7	0,03094848	0,06189696	27,06004015	13,53002008	48,472538	0,899364068	NA	0.6	1	0,017	0,000274194	0,001370968	71	81,61	5,91297106	45	73,77	3,747657714	3,747657714	16	0,166562565	1,332500521	1,333871488	6,81	0,009086012	0,122933927	0,867980061	4,38	12,95244072	1,414333101	85,63322618	1.89	14.1	-91	6.88	866	0.3	0.01	-6,32	-6,30	-3,88	-3,86
CW_99	CW_99	CW2eff_4_April_2025	S8699	Section_5	CW_2	CW_2_Section_5	CW_2_EFF	EFF	EFF	NA	NA	EFF	515F806R	CW2eff_4	True Sample	T4	T4_EFF	2025-04-15	Spring	150	65	6,9	99	14280780-001	CW2_OUT	15/04/2025	12	11	580	0,22276277	0,5	0,000195355	450	0,178016389	130	0,051426957	110	0,043515117	240		1273,50	0,40	2800	1,048607318	NA	NA	NA	NA	NA	NA	NA	NA	NA	NA	NA	NA	NA	NA	NA	NA	NA	NA	NA	NA	2600	130	110	53	22	4	0,23	0,11	0,973706796	0,047834943	0,041372155	0,019768981	0,008146777	0,001481232	8,41533E-05	4,02472E-05	0,001	0,001	0,002	0,001	0,001		0,002	0,001	0,001	2919,34	319,34	1,092435284	0,118728488	2900	4100	1600	2.5	2.5	5700	4.174		68	0.03	0.01	0.075	18,02040391	18,02040391	0,6	0,010743062	0,010743062	18,62040391	0,333400249	0,333400249	-9,882156985		0,6	0,010743062	0,010743062	1,3	0,023666485	0,047332969	14,08744283	7,043721417	19,92040391	0,380733218	NA	0.94	1	0,017	0,000274194	0,001370968	31	35,63	2,581719758	-17	-43,59	-1,415781803		56	0,582968978	4,663751822	4,66512279	2,96	0,015977627	0,112541955	0,871480418	0,06	18,49827129	81,50172871	0	0.71	14.2	-42	7.29	689	0.3	0.01	-1,51	-1,39	1,39	1,51
CW_100	CW_100	CW3eff_4_April_2025	S8700	Section_5	CW_3	CW_3_Section_5	CW_3_EFF	EFF	EFF	NA	NA	EFF	515F806R	CW3eff_4	True Sample	T4	T4_EFF	2025-04-15	Spring	150	65	49,15	100	14281821-001	CW3_OUT	16/04/2025	18	16	540	0,207399821	2	0,00078142	430	0,170104549	120	0,047471037	87	0,034416502	207		1191,00	0,38	3000	1,123507841	NA	NA	NA	NA	NA	NA	NA	NA	NA	NA	NA	NA	NA	NA	NA	NA	NA	NA	NA	NA	8300	30	150	39	15	1,9	0,025	0,05	3,108371694	0,011038833	0,056416575	0,014546986	0,00555462	0,000703585	9,1471E-06	1,82942E-05	0,001	0,001	0,002	0,001	0,001		0,002	0,001	0,001	8535,975	235,975	3,196659735	0,088288041	8600	4400	1400	2.5	2.5	5900	9.791		73	0.03	0.01	0.075	24,99604414	24,99604414	1,2	0,021486124	0,021486124	26,19604414	0,469042867	0,469042867	7,556943577	7,556943577	8,756943577	0,156793976	0,156793976	1,2	0,021845986	0,043691972	21,47043725	10,73521863	27,39604414	0,512734839	NA	0.75	1	0,017	0,000274194	0,001370968	43	49,43	3,581095149	13	22,81	1,082656673	1,082656673	44	0,458047054	3,664376431	3,665747399	4,09	0,010672639	0,114573118	0,874754242	1,28	12,21952835	3,405075234	84,37539642	0.29	14.2	-51	7.19	742	0.2	0.01	-2,59	-2,50	0,22	0,31
CW_101	CW_101	CW1MF01_4_April_2025	S8701	Section_1	CW_1	CW_1_Section_1	CW_1_MF01	MF01	Wetland	CW1S1-1	0.15-0.30	0.15-0.30	515F806R	CW1MF01_4	True Sample	T4	T4_0.15-0.30	2025-04-15	Spring	150	65	4,95	101	14280168-002	CW1_MF01	15/04/2025	12	12	350	0,13442581	2	0,00078142	340	0,134501272	130	0,051426957	130	0,051426957	260		964,00	0,27	2600	0,973706796	NA	NA	NA	NA	NA	NA	NA	NA	NA	NA	NA	NA	NA	NA	NA	NA	NA	NA	NA	NA	3400	3,8	1,2	0,22	0,23	0,05	0,03	0,03	1,273308887	0,001398252	0,000451333	8,20599E-05	8,51708E-05	1,85154E-05	1,09765E-05	1,09765E-05	0,001	0,001	0,002	0,001	0,001		0,002	0,001	0,001	3405,56	5,56	1,275366171	0,002057284	3400	4400	170	2.5	2.5	4600	4.364		67	0.03	0.01	0.075	23,25213408	23,25213408	5,6	0,100268577	0,100268577	28,85213408	0,516600431	0,516600431	23,25213408	23,25213408	28,85213408	0,516600431	0,516600431	1,5	0,027307482	0,054614965	18,91790779	9,458953895	30,35213408	0,571215396	NA	0.99	1	0,017	0,000274194	0,001370968	40	45,98	3,331251301	40	45,98	3,331251301	3,331251301	47	0,489277535	3,914220279	3,915591247	3,90	0,013994985	0,132377922	0,853627093	3,90	13,23779218	1,399498541	85,36270928	3.7	13.8	-108	6.92	815	0.2	0.01	-2,66	-2,66	-2,66	-2,66
CW_102	CW_102	CW1MF02_4_April_2025	S8702	Section_1	CW_1	CW_1_Section_1	CW_1_MF02	MF02	Wetland	CW1S1-3-4	0.60-0.80	0.60-0.80	515F806R	CW1MF02_4	True Sample	T4	T4_0.60-0.80	2025-04-15	Spring	150	65	6,85	102	14280168-003	CW1_MF02	15/04/2025	12	13	210	0,080655486	1	0,00039071	200	0,079118395	88	0,034812094	99	0,039163606	187		604,00	0,16	1400	0,524303659	NA	NA	NA	NA	NA	NA	NA	NA	NA	NA	NA	NA	NA	NA	NA	NA	NA	NA	NA	NA	3100	43	260	69	32	5,1	0,82	0,71	1,160958103	0,015822327	0,09778873	0,025736975	0,011849857	0,001888571	0,000300025	0,000259778	0,03	0,03	0,002	0,001	0,02		0,002	0,001	0,001	3510,63	410,63	1,314604365	0,153646262	3500	5100	2100	2.5	2.5	7200	4.104		70	0.03	0.01	0.075	5,813033521	5,813033521	0,4	0,007162041	0,007162041	6,213033521	0,111245005	0,111245005	5,813033521	5,813033521	6,213033521	0,111245005	0,111245005	0,8	0,014563991	0,029127981	7,638360145	3,819180073	7,013033521	0,140372986	NA	0.77	1	0,017	0,000274194	0,001370968	10	11,49	0,832812825	10	11,49	0,832812825	0,832812825	77	0,801582344	6,412658755	6,414029723	0,97	0,029930544	0,114310138	0,855759317	0,97	11,43101385	2,993054433	85,57593172	0.44	14.2	-145	7.08	855	0.2	0.01	-0,29	-0,14	-0,29	-0,14
CW_103	CW_103	CW1MF05_4_April_2025	S8703	Section_2	CW_1	CW_1_Section_2	CW_1_MF05	MF05	Wetland	CW1S2-1	0.15-0.30	0.15-0.30	515F806R	CW1MF05_4	True Sample	T4	T4_0.15-0.30	2025-04-15	Spring	150	65	6,25	103	14280168-004	CW1_MF05	15/04/2025	11	12	380	0,145948022	1	0,00039071	300	0,118677593	110	0,043515117	85	0,033625318	195		882,00	0,27	2400	0,898806273	NA	NA	NA	NA	NA	NA	NA	NA	NA	NA	NA	NA	NA	NA	NA	NA	NA	NA	NA	NA	16	0,1	0,11	0,08	0,04	0,01	0,01	0,002	0,005992042	3,67961E-05	4,13722E-05	2,984E-05	1,48123E-05	3,70308E-06	3,65884E-06	7,31768E-07	0,001	0,001	0,002	0,001	0,001		0,002	0,001	0,001	16,352	0,352	0,006122956	0,000130914	17	3300	40	2.5	2.5	3400	899		67	0.03	0.01	0.075	41,85384135	41,85384135	8,2	0,146821844	0,146821844	50,05384135	0,896219183	0,896219183	18,60170727	18,60170727	26,80170727	0,479887328	0,479887328	2,5	0,04551247	0,091024941	19,69172788	9,84586394	52,55384135	0,987244123	NA	1.2	1	0,017	0,000274194	0,001370968	72	82,76	5,996252342	32	68,09	2,665001041	2,665001041	15	0,156152405	1,249219238	1,250590206	6,98	0,013034293	0,128333878	0,858631829	3,24	14,83004277	2,812959808	82,35699742	5.5	13.9	-108	7.18	435	0.2	0.01	-5,82	-5,82	-2,07	-2,07
CW_104	CW_104	CW1MF06_4_April_2025	S8704	Section_2	CW_1	CW_1_Section_2	CW_1_MF06	MF06	Wetland	CW1S2-3-4	0.60-0.80	0.60-0.80	515F806R	CW1MF06_4	True Sample	T4	T4_0.60-0.80	2025-04-15	Spring	150	65	5,5	104	14280168-005	CW1_MF06	15/04/2025	11	12	290	0,111381385	1	0,00039071	280	0,110765753	75	0,029669398	60	0,023735519	135		712,00	0,22	1400	0,524303659	NA	NA	NA	NA	NA	NA	NA	NA	NA	NA	NA	NA	NA	NA	NA	NA	NA	NA	NA	NA	2800	63	210	53	13	1,4	0,06	0,04	1,048607318	0,023181549	0,078983205	0,019768981	0,004814004	0,000518431	2,1953E-05	1,46354E-05	0,001	0,001	0,002	0,001	0,001		0,002	0,001	0,001	3140,5	340,5	1,175910077	0,127302759	3100	3800	1300	2.5	2.5	5100	3.812		69	0.03	0.01	0.075	16,85779721	16,85779721	0,5	0,008952551	0,008952551	17,35779721	0,310793146	0,310793146	11,04476369	11,04476369	11,54476369	0,206710182	0,206710182	0,9	0,016384489	0,032768979	18,96874168	9,484370842	18,25779721	0,343562125	NA	0.85	1	0,017	0,000274194	0,001370968	29	33,33	2,415157193	19	24,68	1,582344368	1,582344368	58	0,603789298	4,830314387	4,831685355	2,76	0,01187833	0,112658488	0,875463182	1,82	11,346334	1,798691156	86,85497485	0.56	14	-137	7.29	1080	0.2	0.01	-2,01	-1,88	-1,07	-0,95
CW_105	CW_105	CW1MF09_4_April_2025	S8705	Section_3	CW_1	CW_1_Section_3	CW_1_MF09	MF09	Wetland	CW1S3-1	0.15-0.30	0.15-0.30	515F806R	CW1MF09_4	True Sample	T4	T4_0.15-0.30	2025-04-15	Spring	150	65	6,9	105	14280168-006	CW1_MF09	15/04/2025	11	11	270	0,10369991	0,5	0,000195355	290	0,114721673	110	0,043515117	100	0,039559198	210		773,50	0,22	1300	0,486853398	NA	NA	NA	NA	NA	NA	NA	NA	NA	NA	NA	NA	NA	NA	NA	NA	NA	NA	NA	NA	980	0,31	0,79	0,29	0,18	0,03	0,01	0,002	0,367012561	0,000114068	0,000297127	0,00010817	6,66554E-05	1,11092E-05	3,65884E-06	7,31768E-07	0,001	0,001	0,002	0,001	0,001		0,002	0,001	0,001	981,612	1,612	0,367614082	0,00060152	980	2000	25	2.5	2.5	2000	1.754		62	0.03	0.01	0.075	37,20341453	37,20341453	8,7	0,155774396	0,155774396	45,90341453	0,821905363	0,821905363	-4,650426817		8,7	0,155774396	0,155774396	1,2	0,021845986	0,043691972	37,622718	18,811359	47,10341453	0,865597335	NA	1.1	1	0,017	0,000274194	0,001370968	64	73,56	5,330002082	-8	-53,33	-0,66625026		23	0,239433687	1,915469498	1,916840466	6,20	0,007052098	0,132659539	0,860288363	0,20	78,0955696	21,9044304	0	4.63	13.8	-101	7.01	749	0.2	0.01	-5,49	-5,49	0,51	0,51
CW_106	CW_106	CW1MF10_4_April_2025	S8706	Section_3	CW_1	CW_1_Section_3	CW_1_MF10	MF10	Wetland	CW1S3-3-4	0.60-0.80	0.60-0.80	515F806R	CW1MF10_4	True Sample	T4	T4_0.60-0.80	2025-04-15	Spring	150	65	4	106	14280168-007	CW1_MF10	15/04/2025	11	12	260	0,099859173	1	0,00039071	230	0,090986154	70	0,027691438	62	0,024526702	132		629,00	0,19	1800	0,674104705	NA	NA	NA	NA	NA	NA	NA	NA	NA	NA	NA	NA	NA	NA	NA	NA	NA	NA	NA	NA	2400	89	120	30	0,72	0,52	0,03	0,002	0,898806273	0,032748538	0,04513326	0,011189989	0,000266622	0,00019256	1,09765E-05	7,31768E-07	0,001	0,001	0,002	0,001	0,001		0,002	0,001	0,001	2640,272	240,272	0,98834895	0,089542677	2600	4200	1300	2.5	2.5	5500	3.229		69	0.03	0.01	0.075	15,11388715	15,11388715	0,8	0,014324082	0,014324082	15,91388715	0,284939788	0,284939788	-1,743910056		0,8	0,014324082	0,014324082	1,1	0,020025487	0,040050974	14,22885686	7,114428431	17,01388715	0,324990762	NA	0.57	1	0,017	0,000274194	0,001370968	26	29,89	2,165313346	-3	-5,17	-0,249843848		61	0,635019779	5,080158234	5,081529202	2,49	0,016082764	0,114419675	0,86949756	0,05	26,34311269	73,65688731	0	0.22	14.1	-148	7.08	802	0.2	0.01	-1,62	-1,54	0,81	0,90
CW_107	CW_107	CW2MF01_4_April_2025	S8707	Section_1	CW_2	CW_2_Section_1	CW_2_MF01	MF01	Wetland	CW2S1-1	0.15-0.30	0.15-0.30	515F806R	CW2MF01_4	True Sample	T4	T4_0.15-0.30	2025-04-15	Spring	150	65	5,2	107	14280780-002	CW2_MF01	15/04/2025	11	11	390	0,149788759	2	0,00078142	240	0,094942074	62	0,024526702	68	0,026900254	130		774,00	0,25	2800	1,048607318	NA	NA	NA	NA	NA	NA	NA	NA	NA	NA	NA	NA	NA	NA	NA	NA	NA	NA	NA	NA	600	4	5	0,07	0,05	0,01	0,001	0,002	0,224701568	0,001471844	0,001880552	2,611E-05	1,85154E-05	3,70308E-06	3,65884E-07	7,31768E-07	0,001	0,001	0,002	0,001	0,001		0,002	0,001	0,001	609,133	9,133	0,228103391	0,003401823	600	5300	570	2.5	2.5	5900	1.374		67	0.03	0.01	0.075	19,18301062	19,18301062	3,3	0,05908684	0,05908684	22,48301062	0,40256062	0,40256062	19,18301062	19,18301062	22,48301062	0,40256062	0,40256062	1,2	0,021845986	0,043691972	18,42721237	9,213606187	23,68301062	0,446252591	NA	0.89	1	0,017	0,000274194	0,001370968	33	37,93	2,748282324	33	37,93	2,748282324	2,748282324	54	0,562148657	4,497189257	4,498560224	3,19	0,013677099	0,126015408	0,860307493	3,19	12,60154077	1,367709941	86,03074929	4.44	14.1	-65	7.18	708	0.2	0.01	-1,90	-1,90	-1,90	-1,90
CW_108	CW_108	CW2MF02_4_April_2025	S8708	Section_1	CW_2	CW_2_Section_1	CW_2_MF02	MF02	Wetland	CW2S1-3-4	0.60-0.80	0.60-0.80	515F806R	CW2MF02_4	True Sample	T4	T4_0.60-0.80	2025-04-15	Spring	150	65	5,75	108	14280780-003	CW2_MF02	15/04/2025	10	11	220	0,084496223	13	0,005079227	190	0,075162475	69	0,027295846	96	0,03797683	165		588,00	0,16	1400	0,524303659	NA	NA	NA	NA	NA	NA	NA	NA	NA	NA	NA	NA	NA	NA	NA	NA	NA	NA	NA	NA	3800	130	140	65	35	5,3	1,2	1	1,423109932	0,047834943	0,05265547	0,024244977	0,012960781	0,001962633	0,000439061	0,000365884	0,05	0,04	0,002	0,01	0,03		0,002	0,001	0,001	4177,5	377,5	1,56357368	0,140463747	4200	5600	2100	2.5	2.5	7700	4.788		66	0.03	0.01	0.075	6,394336873	6,394336873	0,3	0,005371531	0,005371531	6,694336873	0,119862791	0,119862791	6,394336873	6,394336873	6,694336873	0,119862791	0,119862791	0,7	0,012743492	0,025486983	9,405804436	4,702902218	7,394336873	0,145349774	NA	0.71	1	0,017	0,000274194	0,001370968	11	12,64	0,916094108	11	12,64	0,916094108	0,916094108	76	0,791172184	6,329377472	6,33074844	1,06	0,024011616	0,112924284	0,863064099	1,06	11,29242845	2,40116165	86,3064099	0.41	14.2	-85	7.33	890	0.2	0.01	-0,37	-0,23	-0,37	-0,23
CW_109	CW_109	CW2MF05_4_April_2025	S8709	Section_2	CW_2	CW_2_Section_2	CW_2_MF05	MF05	Wetland	CW2S2-1	0.15-0.30	0.15-0.30	515F806R	CW2MF05_4	True Sample	T4	T4_0.15-0.30	2025-04-15	Spring	150	65	19,85	109	14280780-004	CW2_MF05	15/04/2025	18	18	61	0,023428498	0,83	0,000324289	12	0,004747104	5,4	0,002136197	3,4	0,001345013	8,8		82,63	0,03	15	0,005617539	NA	NA	NA	NA	NA	NA	NA	NA	NA	NA	NA	NA	NA	NA	NA	NA	NA	NA	NA	NA	5,6	0,01	0,01	0,005	0,001	0,001	0,001	0,002	0,002097215	3,67961E-06	3,7611E-06	1,865E-06	3,70308E-07	3,70308E-07	3,65884E-07	7,31768E-07	0,001	0,001	0,002	0,001	0,001		0,002	0,001	0,001	5,63	0,03	0,002108359	1,1144E-05	5,6	2.5	2.5	2.5	2.5	50	88		63	0.03	0.01	0.075	46,96931085	46,96931085	10	0,17905103	0,17905103	56,96931085	1,020041376	1,020041376	27,78630023	27,78630023	37,78630023	0,676567596	0,676567596	8,6	0,156562898	0,313125796	6,515217765	3,257608883	65,56931085	1,333167172	NA	1.6	1	0,017	0,000274194	0,001370968	80,8	92,87	6,729127629	47,8	88,52	3,980845305	3,980845305	6,2	0,064542994	0,516343952	0,517714919	8,06	0,038838297	0,12651998	0,834641724	4,97	13,61155474	6,29963502	80,08881024	5.88	14.2	-29	7.08	436	0.1	0.01	-8,03	-8,03	-4,94	-4,94
CW_110	CW_110	CW2MF06_4_April_2025	S8710	Section_2	CW_2	CW_2_Section_2	CW_2_MF06	MF06	Wetland	CW2S2-3-4	0.60-0.80	0.60-0.80	515F806R	CW2MF06_4	True Sample	T4	T4_0.60-0.80	2025-04-15	Spring	150	65	6,5	110	14280780-005	CW2_MF06	15/04/2025	11	11	350	0,13442581	4,3	0,001680052	250	0,098897994	100	0,039559198	81	0,03204295	181		785,30	0,24	1500	0,561753921	NA	NA	NA	NA	NA	NA	NA	NA	NA	NA	NA	NA	NA	NA	NA	NA	NA	NA	NA	NA	2000	74	60	23	5,9	1,2	0,13	0,1	0,749005227	0,027229121	0,02256663	0,008578992	0,002184817	0,00044437	4,75649E-05	3,65884E-05	0,001	0,001	0,002	0,001	0,001		0,002	0,001	0,001	2164,33	164,33	0,810093311	0,061088083	2100	2900	790	2.5	2.5	3700	2.885		66	0.03	0.01	0.075	26,15865084	26,15865084	5,7	0,102059087	0,102059087	31,85865084	0,570432423	0,570432423	19,76431397	19,76431397	25,46431397	0,455941163	0,455941163	2,6	0,047332969	0,094665938	12,05148193	6,025740964	34,45865084	0,665098362	NA	0.87	1	0,017	0,000274194	0,001370968	45	51,72	3,747657714	34	44,74	2,831563606	2,831563606	42	0,437226733	3,497813866	3,499184834	4,41	0,021452792	0,129268968	0,84927824	3,38	13,48072592	2,798969852	83,72030423	0.42	14.2	-55	7.11	780	0.2	0.01	-3,62	-3,55	-2,59	-2,52
CW_111	CW_111	CW2MF09_4_April_2025	S8711	Section_3	CW_2	CW_2_Section_3	CW_2_MF09	MF09	Wetland	CW2S3-1	0.15-0.30	0.15-0.30	515F806R	CW2MF09_4	True Sample	T4	T4_0.15-0.30	2025-04-15	Spring	150	65	7,8	111	14280780-006	CW2_MF09	15/04/2025	11	12	470	0,180514659	0,5	0,000195355	320	0,126589432	82	0,032438542	90	0,035603278	172		965,50	0,31	820	0,307092143	NA	NA	NA	NA	NA	NA	NA	NA	NA	NA	NA	NA	NA	NA	NA	NA	NA	NA	NA	NA	930	0,15	0,23	0,11	0,07	0,01	0,01	0,002	0,348287431	5,51942E-05	8,65054E-05	4,103E-05	2,59216E-05	3,70308E-06	3,65884E-06	7,31768E-07	0,001	0,001	0,002	0,001	0,001		0,002	0,001	0,001	930,582	0,582	0,348504176	0,000216745	930	1400	2.5	2.5	2.5	1400	1.896		67	0.03	0.01	0.075	50,28273995	50,28273995	11	0,196956132	0,196956132	61,28273995	1,097273768	1,097273768	3,313429107	3,313429107	14,31342911	0,256283422	0,256283422	3,5	0,063717459	0,127434917	17,22092802	8,610464012	64,78273995	1,224708685	NA	1.5	1	0,017	0,000274194	0,001370968	86,5	99,43	7,203830939	5,7	91,94	0,47470331	0,47470331	0,5	0,00520508	0,041640641	0,043011609	8,43	0,015119454	0,130185515	0,854695031	0,86	29,85519086	14,845259	55,29955014	6.52	14.1	-25	6.99	743	0.1	0.01	-7,81	-7,81	-0,24	-0,24
CW_112	CW_112	CW2MF10_4_April_2025	S8712	Section_3	CW_2	CW_2_Section_3	CW_2_MF10	MF10	Wetland	CW2S3-3-4	0.60-0.80	0.60-0.80	515F806R	CW2MF10_4	True Sample	T4	T4_0.60-0.80	2025-04-15	Spring	150	65	4,4	112	14280780-007	CW2_MF10	15/04/2025	9,9	10	290	0,111381385	1	0,00039071	230	0,090986154	50	0,019779599	50	0,019779599	100		627,00	0,20	1300	0,486853398	NA	NA	NA	NA	NA	NA	NA	NA	NA	NA	NA	NA	NA	NA	NA	NA	NA	NA	NA	NA	2300	130	86	34	2,2	1,8	0,14	0,07	0,861356012	0,047834943	0,032345503	0,012681988	0,000814678	0,000666554	5,12237E-05	2,56119E-05	0,001	0,001	0,002	0,001	0,001		0,002	0,001	0,001	2554,21	254,21	0,955776513	0,094420501	2500	3500	1000	2.5	2.5	4500	3.127		65	0.03	0.01	0.075	27,9025609	27,9025609	1,4	0,025067144	0,025067144	29,3025609	0,52466537	0,52466537	1,743910056	1,743910056	3,143910056	0,056292033	0,056292033	1,5	0,027307482	0,054614965	19,21324584	9,60662292	30,8025609	0,579280334	NA	0.52	1	0,017	0,000274194	0,001370968	48	55,17	3,997501562	3	7,14	0,249843848	0,249843848	39	0,405996252	3,247970019	3,249340986	4,58	0,011933049	0,114636306	0,873430645	0,36	15,60413065	15,13924782	69,25662152	1.36	14.2	-27	7.02	721	0.2	0.01	-3,89	-3,79	0,33	0,42
CW_113	CW_113	CW3MF01_4_April_2025	S8713	Section_1	CW_3	CW_3_Section_1	CW_3_MF01	MF01	Wetland	CW3S1-1	0.15-0.30	0.15-0.30	515F806R	CW3MF01_4	True Sample	T4	T4_0.15-0.30	2025-04-15	Spring	150	65	14,1	113	14281821-002	CW3_MF01	16/04/2025	13	14	490	0,188196134	4,2	0,001640981	410	0,16219271	210	0,083074315	130	0,051426957	340		1244,20	0,35	460	0,172271202	NA	NA	NA	NA	NA	NA	NA	NA	NA	NA	NA	NA	NA	NA	NA	NA	NA	NA	NA	NA	670	4	4	2	0,4	0,4	0,4	0,8	0,250916751	0,001471844	0,001504442	0,000745999	0,000148123	0,000148123	0,000146354	0,000292707	0,4	0,4	0,8	0,4	0,4		0,8	0,4	0,4	682	12	0,255374344	0,004457593	670	690	2.5	2.5	2.5	710	1.914		68	0.03	0.01	0.075	50,28273995	50,28273995	14	0,250671441	0,250671441	64,28273995	1,150989077	1,150989077	50,28273995	50,28273995	64,28273995	1,150989077	1,150989077	4,3	0,078281449	0,156562898	14,70321628	7,35160814	68,58273995	1,307551975	NA	1.9	1	0,017	0,000274194	0,001370968	86,5	99,43	7,203830939	86,5	99,43	7,203830939	7,203830939	0,5	0,00520508	0,041640641	0,043011609	8,51	0,018394531	0,135229385	0,846376084	8,51	13,5229385	1,839453116	84,63760838	1.06	14	-52	6.91	682	0.2	0.01	-7,99	-7,98	-7,99	-7,98
CW_114	CW_114	CW3MF02_4_April_2025	S8714	Section_1	CW_3	CW_3_Section_1	CW_3_MF02	MF02	Wetland	CW3S1-3-4	0.60-0.80	0.60-0.80	515F806R	CW3MF02_4	True Sample	T4	T4_0.60-0.80	2025-04-15	Spring	150	65	6,2	114	14281821-003	CW3_MF02	16/04/2025	12	14	560	0,215081296	5	0,001953549	520	0,205707827	170	0,067250636	180	0,071206556	350		1465,00	0,42	4800	1,797612546	NA	NA	NA	NA	NA	NA	NA	NA	NA	NA	NA	NA	NA	NA	NA	NA	NA	NA	NA	NA	4300	4	290	66	36	0,4	0,4	0,8	1,610361239	0,001471844	0,109072045	0,024617976	0,013331089	0,000148123	0,000146354	0,000292707	0,4	0,4	0,8	0,4	0,4		0,8	0,4	0,4	4697,6	397,6	1,759441377	0,149080138	4700	6000	2000	2.5	2.5	8000	6.165		70	0.03	0.01	0.075	11,62606704	11,62606704	0,3	0,005371531	0,005371531	11,92606704	0,213537458	0,213537458	11,62606704	11,62606704	11,92606704	0,213537458	0,213537458	0,9	0,016384489	0,032768979	13,03290287	6,516451433	12,82606704	0,246306437	NA	0.74	1	0,017	0,000274194	0,001370968	20	22,99	1,665625651	20	22,99	1,665625651	1,665625651	67	0,697480741	5,57984593	5,581216897	1,91	0,017139196	0,111686738	0,871174066	1,91	11,1686738	1,713919595	87,1174066	0.6	13.8	-88	7.01	744	0.2	0.01	0,31	0,46	0,31	0,46
CW_115	CW_115	CW3MF05_4_April_2025	S8715	Section_2	CW_3	CW_3_Section_2	CW_3_MF05	MF05	Wetland	CW3S2-1	0.15-0.30	0.15-0.30	515F806R	CW3MF05_4	True Sample	T4	T4_0.15-0.30	2025-04-15	Spring	150	65	16,2	115	14281821-004	CW3_MF05	16/04/2025	1,4	1,6	0,89	0,000341826	0,02	7,8142E-06	1,8	0,000712066	0,72	0,000284826	0,52	0,000205708	1,24		4,07	0,00	9,6	0,003595225	NA	NA	NA	NA	NA	NA	NA	NA	NA	NA	NA	NA	NA	NA	NA	NA	NA	NA	NA	NA	1100	4	4	2	0,4	0,001	0,001	0,002	0,411952875	0,001471844	0,001504442	0,000745999	0,000148123	3,70308E-07	3,65884E-07	7,31768E-07	0,001	0,001	0,002	0,001	0,001		0,002	0,001	0,001	1110,404	10,404	0,415824752	0,003871877	1100	2.5	2.5	2.5	2.5	5	1.104		65	0.03	0.01	0.075	11,04476369	11,04476369	0,9	0,016114593	0,016114593	11,94476369	0,213872224	0,213872224	-39,23797626		0,9	0,016114593	0,016114593	6,6	0,120152922	0,240305844	1,780000188	0,890000094	18,54476369	0,454178067	NA	0.015	1	0,017	0,000274194	0,001370968	19	21,84	1,582344368	-67,5	-13500,00	-5,621486571		68	0,707890902	5,663127212	5,66449818	2,04	0,117998132	0,105018349	0,776983519	0,26	6,284441631	93,71555837	0	2.11	14.1	-3.8	6.81	694	0.2	0.01	-2,03	-2,03	-0,25	-0,25
CW_116	CW_116	CW3MF06_4_April_2025	S8716	Section_2	CW_3	CW_3_Section_2	CW_3_MF06	MF06	Wetland	CW3S2-3-4	0.60-0.80	0.60-0.80	515F806R	CW3MF06_4	True Sample	T4	T4_0.60-0.80	2025-04-15	Spring	150	65	8,75	116	14281821-005	CW3_MF06	16/04/2025	10	12	470	0,180514659	25	0,009767745	410	0,16219271	140	0,055382877	140	0,055382877	280		1185,00	0,35	2700	1,011157057	NA	NA	NA	NA	NA	NA	NA	NA	NA	NA	NA	NA	NA	NA	NA	NA	NA	NA	NA	NA	8100	150	550	180	120	16	5,6	0,8	3,033471171	0,055194165	0,206860774	0,067139935	0,044436963	0,005924928	0,002048949	0,000292707	0,4	0,4	0,8	0,4	0,4		0,8	0,4	0,4	9122,4	1022,4	3,415369594	0,381898423	9100	4000	1500	2.5	2.5	5500	10.285		70	0.03	0.01	0.075	9,882156985	9,882156985	0,3	0,005371531	0,005371531	10,18215699	0,182312569	0,182312569	-1,743910056		0,3	0,005371531	0,005371531	0,8	0,014563991	0,029127981	12,51803678	6,259018389	10,98215699	0,21144055	NA	0.98	1	0,017	0,000274194	0,001370968	17	19,54	1,415781803	-3	-4,48	-0,249843848		70	0,728711222	5,829689777	5,831060745	1,63	0,017900431	0,112039125	0,870060444	0,03	15,569875	84,430125	0	0.45	14.1	-61	7.18	722	NA	0.01	-0,26	0,12	1,33	1,71
CW_117	CW_117	CW3MF09_4_April_2025	S8717	Section_3	CW_3	CW_3_Section_3	CW_3_MF09	MF09	Wetland	CW3S3-1	0.15-0.30	0.15-0.30	515F806R	CW3MF09_4	True Sample	T4	T4_0.15-0.30	2025-04-15	Spring	150	65	12,3	117	14281821-006	CW3_MF09	16/04/2025	13	14	340	0,130585072	1,7	0,000664207	80	0,031647358	31	0,012263351	12	0,004747104	43		464,70	0,16	7,8	0,00292112	NA	NA	NA	NA	NA	NA	NA	NA	NA	NA	NA	NA	NA	NA	NA	NA	NA	NA	NA	NA	5,3	0,01	0,01	0,005	0,01	0,001	0,001	0,002	0,001984864	3,67961E-06	3,7611E-06	1,865E-06	3,70308E-06	3,70308E-07	3,65884E-07	7,31768E-07	0,001	0,001	0,002	0,001	0,001		0,002	0,001	0,001	5,339	0,039	0,001999341	1,44768E-05	5,3	2.5	2.5	2.5	2.5	5	470		66	0.03	0.01	0.075	50,28273995	50,28273995	20	0,358102059	0,358102059	70,28273995	1,258419695	1,258419695	39,23797626	39,23797626	59,23797626	1,060662064	1,060662064	4,2	0,07646095	0,152921901	16,45833187	8,229165933	74,48273995	1,411341595	NA	1.8	1	0,017	0,000274194	0,001370968	86,5	99,43	7,203830939	67,5	99,26	5,621486571	5,621486571	0,5	0,00520508	0,041640641	0,043011609	8,62	0,0177503	0,146070167	0,836179532	6,84	15,51793882	2,237312692	82,24474849	2.32	14	-30	6.91	705	0.1	0.01	-8,45	-8,45	-6,67	-6,67
CW_118	CW_118	CW3MF10_4_April_2025	S8718	Section_3	CW_3	CW_3_Section_3	CW_3_MF10	MF10	Wetland	CW3S3-3-4	0.60-0.80	0.60-0.80	515F806R	CW3MF10_4	True Sample	T4	T4_0.60-0.80	2025-04-15	Spring	150	65	5,5	118	14281821-007	CW3_MF10	16/04/2025	12	12	680	0,261170145	1	0,00039071	530	0,209663747	130	0,051426957	93	0,036790054	223		1440,00	0,47	2800	1,048607318	NA	NA	NA	NA	NA	NA	NA	NA	NA	NA	NA	NA	NA	NA	NA	NA	NA	NA	NA	NA	3500	4	280	60	27	0,4	0,4	0,8	1,310759148	0,001471844	0,10531094	0,022379978	0,009998317	0,000148123	0,000146354	0,000292707	0,001	0,001	0,002	0,001	0,001		0,002	0,001	0,001	3872,6	372,6	1,450507411	0,139748263	3900	4100	1400	2.5	2.5	5500	5.340		69	0.03	0.01	0.075	17,43910056	17,43910056	0,4	0,007162041	0,007162041	17,83910056	0,319410932	0,319410932	7,556943577	7,556943577	7,956943577	0,142469894	0,142469894	1,1	0,020025487	0,040050974	15,95022046	7,975110229	18,93910056	0,359461906	NA	0.73	1	0,017	0,000274194	0,001370968	30	34,48	2,498438476	13	18,57	1,082656673	1,082656673	57	0,593379138	4,747033104	4,748404072	2,86	0,014014125	0,111764194	0,874221681	1,27	11,26086176	3,165640606	85,57349763	0.43	14	-47	7.09	772	0.2	0.01	-1,34	-1,20	0,25	0,39
CW_119	CW_119	CWinf_5_June_2025	S9050	Section_0	CW_0	CW_0_Section_0	CW_0_INF	INF	INF	NA	NA	INF	515F806R	CWinf_5	True Sample	T5	T5_INF	2025-06-16	Summer	150	65	5	119	14316878-001	INFLOW	17/06/2025	18	88	650	0,249647932	180	0,070327762	800	0,31647358	270	0,106809833	450	0,178016389	720		2350,00	0,64	5700	2,134664898	NA	NA	NA	NA	NA	NA	NA	NA	NA	NA	NA	NA	NA	NA	NA	NA	NA	NA	NA	NA	7600	1500	1700	1800	4000	1200	1300	1700	2,846219864	0,551941652	0,639387848	0,67139935	1,481232116	0,444369635	0,475648949	0,622002472	660	540	400	160	560		39	170	220	20800	13200	7,732201886	4,885982022	24000	9100	5600	75	2.5	15000	26.350		68	0.03	0.01	0.075	0	0	20	0,358102059	0,358102059	20	0,358102059	0,358102059	0	0	20	0,358102059	0,358102059	1,7	0,03094848	0,06189696	11,57090947	5,785454737	21,7	0,419999019	NA	0.78	1	0,017	0,000274194	0,001370968	0	0,00	0	0	0,00	0	0	79	0,822402665	6,57922132	6,580592288	0,42	0,147374058	0,852625942	0	0,42	85,2625942	14,7374058	0	NA	NA	NA	NA	NA	NA	0.01	2,35	7,24	2,35	7,24
CW_120	CW_120	CW1eff_5_June_2025	S9051	Section_5	CW_1	CW_1_Section_5	CW_1_EFF	EFF	EFF	NA	NA	EFF	515F806R	CW1eff_5	True Sample	T5	T5_EFF	2025-06-16	Summer	150	65	5,65	120	14317805-001	CW1_OUT	18/06/2025	11	11	45	0,017283318	0,1	3,9071E-05	38	0,015032495	5,8	0,002294433	3,1	0,001226335	8,9		92,60	0,03	180	0,06741047	NA	NA	NA	NA	NA	NA	NA	NA	NA	NA	NA	NA	NA	NA	NA	NA	NA	NA	NA	NA	0,002	0,01	0,01	0,005	0,001	0,001	0,001	0,002	7,49005E-07	3,67961E-06	3,7611E-06	1,865E-06	3,70308E-07	3,70308E-07	3,65884E-07	7,31768E-07	0,001	0,001	0,002	0,001	0,001		0,002	0,001	0,001	0,032	0,03	1,1893E-05	1,1144E-05	0,042	270	80	2.5	2.5	350	93		46	0.03	0.01	0.075	38,94732459	38,94732459	3,1	0,055505819	0,055505819	42,04732459	0,752861676	0,752861676	20,92692067	20,92692067	24,02692067	0,430204488	0,430204488	1,2	0,021845986	0,043691972	34,46224321	17,2311216	43,24732459	0,796553647	NA	0.28	1	0,017	0,000274194	0,001370968	67	84,81	5,57984593	36	75,00	2,998126171	2,998126171	12	0,124921924	0,99937539	1,000746358	6,38	0,006852138	0,118070028	0,875077834	3,47	12,3906015	1,258401118	86,35099738	3.8	22.8	-78	7.09	705	1	0.01	-6,28	-6,28	-3,37	-3,37
CW_121	CW_121	CW2eff_5_June_2025	S9052	Section_5	CW_2	CW_2_Section_5	CW_2_EFF	EFF	EFF	NA	NA	EFF	515F806R	CW2eff_5	True Sample	T5	T5_EFF	2025-06-16	Summer	150	65	6	121	14317805-002	CW2_OUT	18/06/2025	8,9	9,2	29	0,011138139	0,37	0,000144563	34	0,013450127	7	0,002769144	7,8	0,003085617	14,8		78,17	0,02	95	0,035577748	NA	NA	NA	NA	NA	NA	NA	NA	NA	NA	NA	NA	NA	NA	NA	NA	NA	NA	NA	NA	0,002	0,01	0,01	0,005	0,001	0,001	0,001	0,002	7,49005E-07	3,67961E-06	3,7611E-06	1,865E-06	3,70308E-07	3,70308E-07	3,65884E-07	7,31768E-07	0,001	0,001	0,002	0,001	0,001		0,002	0,001	0,001	0,032	0,03	1,1893E-05	1,1144E-05	0,042	290	210	2.5	2.5	500	78		44	0.03	0.01	0.075	33,71559442	33,71559442	0,9	0,016114593	0,016114593	34,61559442	0,619795782	0,619795782	6,394336873	6,394336873	7,294336873	0,130605853	0,130605853	1,1	0,020025487	0,040050974	30,95034755	15,47517377	35,71559442	0,659846756	NA	0.16	1	0,017	0,000274194	0,001370968	58	73,42	4,830314387	11	34,38	0,916094108	0,916094108	21	0,218613367	1,748906933	1,750277901	5,49	0,007295045	0,112892093	0,879812862	1,09	12,01801154	3,68538666	84,2966018	69	21.5	-89	7.11	625	2	0.01	-5,43	-5,43	-1,03	-1,03
CW_122	CW_122	CW3eff_5_June_2025	S9053	Section_5	CW_3	CW_3_Section_5	CW_3_EFF	EFF	EFF	NA	NA	EFF	515F806R	CW3eff_5	True Sample	T5	T5_EFF	2025-06-16	Summer	150	65	4,5	122	14318701-001	CW3_OUT	19/06/2025	10	11	700	0,26885162	8	0,003125678	640	0,253178864	120	0,047471037	91	0,03599887	211		1559,00	0,53	1800	0,674104705	NA	NA	NA	NA	NA	NA	NA	NA	NA	NA	NA	NA	NA	NA	NA	NA	NA	NA	NA	NA	3100	4	510	100	66	3,7	0,24	0,13	1,160958103	0,001471844	0,191816354	0,037299964	0,02444033	0,00137014	8,78121E-05	4,75649E-05	0,001	0,001	0,002	0,001	0,001		0,002	0,001	0,001	3784,07	684,07	1,417492112	0,256534009	3700	3000	1400	2.5	2.5	4400	5.259		68	0.03	0.01	0.075	24,99604414	24,99604414	1,1	0,019695613	0,019695613	26,09604414	0,467252357	0,467252357	3,487820112	3,487820112	4,587820112	0,082145391	0,082145391	1,1	0,020025487	0,040050974	23,33288361	11,6664418	27,19604414	0,507303331	NA	0.66	1	0,017	0,000274194	0,001370968	43	54,43	3,581095149	6	14,29	0,499687695	0,499687695	36	0,374765771	2,998126171	2,999497139	4,09	0,00979625	0,114287382	0,875916368	0,62	13,20911672	6,440263789	80,35061949	0.42	21.7	-63	7.12	809	0.2	0.01	-2,89	-2,63	0,58	0,83
CW_123	CW_123	CW1MF01_5_June_2025	S9054	Section_1	CW_1	CW_1_Section_1	CW_1_MF01	MF01	Wetland	CW1S1-1	0.15-0.30	0.15-0.30	515F806R	CW1MF01_5	True Sample	T5	T5_0.15-0.30	2025-06-16	Summer	150	65	10,95	123	14316880-001	CW1_MF01	17/06/2025	12	12	500	0,192036871	1	0,00039071	310	0,122633512	75	0,029669398	50	0,019779599	125		942,00	0,32	2300	0,861356012	NA	NA	NA	NA	NA	NA	NA	NA	NA	NA	NA	NA	NA	NA	NA	NA	NA	NA	NA	NA	2200	2	2	0,18	0,16	0,03	0,02	0,002	0,82390575	0,000735922	0,000752221	6,71399E-05	5,92493E-05	1,11092E-05	7,31768E-06	7,31768E-07	0,001	0,001	0,002	0,001	0,001		0,002	0,001	0,001	2204,392	4,392	0,825539441	0,001633691	2200	3100	230	2.5	2.5	3400	3.142		70	0.03	0.01	0.075	33,71559442	33,71559442	5	0,089525515	0,089525515	38,71559442	0,693206704	0,693206704	33,71559442	33,71559442	38,71559442	0,693206704	0,693206704	1,8	0,032768979	0,065537957	21,15435792	10,57717896	40,51559442	0,758744661	NA	0.49	1	0,017	0,000274194	0,001370968	58	73,42	4,830314387	58	73,42	4,830314387	4,830314387	21	0,218613367	1,748906933	1,750277901	5,59	0,011726116	0,124029232	0,864244651	5,59	12,40292325	1,172611648	86,4244651	3.5	22.1	-77	7.08	809	0.2	0.01	-4,41	-4,41	-4,41	-4,41
CW_124	CW_124	CW1MF02_5_June_2025	S9055	Section_1	CW_1	CW_1_Section_1	CW_1_MF02	MF02	Wetland	CW1S1-3-4	0.60-0.80	0.60-0.80	515F806R	CW1MF02_5	True Sample	T5	T5_0.60-0.80	2025-06-16	Summer	150	65	4,3	124	14316880-002	CW1_MF02	17/06/2025	12	12	630	0,241966458	43	0,016800521	610	0,241311105	210	0,083074315	140	0,055382877	350		1633,00	0,50	3400	1,273308887	NA	NA	NA	NA	NA	NA	NA	NA	NA	NA	NA	NA	NA	NA	NA	NA	NA	NA	NA	NA	3600	4	300	74	45	6,3	1	0,89	1,348209409	0,001471844	0,11283315	0,027601973	0,016663861	0,002332941	0,000365884	0,000325637	0,01	0,01	0,002	0,001	0,001		0,002	0,001	0,001	4031,19	431,19	1,509804699	0,16159529	4000	5100	1800	2.5	2.5	7000	5.633		72	0.03	0.01	0.075	11,04476369	11,04476369	0,02	0,000358102	0,000358102	11,06476369	0,198115733	0,198115733	11,04476369	11,04476369	11,06476369	0,198115733	0,198115733	0,8	0,014563991	0,029127981	13,60312152	6,801560759	11,86476369	0,227243714	NA	0.81	1	0,017	0,000274194	0,001370968	19	24,05	1,582344368	19	24,05	1,582344368	1,582344368	60	0,624609619	4,996876952	4,99824792	1,81	0,01609647	0,109481122	0,874422408	1,81	10,94811217	1,609647044	87,44224079	0.26	20.9	-11	7.2	1041	0.2	0.01	-0,04	0,13	-0,04	0,13
CW_125	CW_125	CW1MF05_5_June_2025	S9056	Section_2	CW_1	CW_1_Section_2	CW_1_MF05	MF05	Wetland	CW1S2-1	0.15-0.30	0.15-0.30	515F806R	CW1MF05_5	True Sample	T5	T5_0.15-0.30	2025-06-16	Summer	150	65	7,2	125	14316880-003	CW1_MF05	17/06/2025	13	12	490	0,188196134	1	0,00039071	250	0,098897994	72	0,028482622	54	0,021361967	126		873,00	0,29	2000	0,749005227	NA	NA	NA	NA	NA	NA	NA	NA	NA	NA	NA	NA	NA	NA	NA	NA	NA	NA	NA	NA	2100	0,74	0,18	0,09	0,08	0,01	0,01	0,002	0,786455489	0,000272291	6,76999E-05	3,357E-05	2,96246E-05	3,70308E-06	3,65884E-06	7,31768E-07	0,001	0,001	0,002	0,001	0,001		0,002	0,001	0,001	2101,112	1,112	0,786866768	0,000411279	2100	2900	70	2.5	2.5	3000	2.973		68	0.03	0.01	0.8	45,63231314	45,63231314	12	0,214861235	0,214861235	57,63231314	1,0319125	1,0319125	11,91671872	11,91671872	23,91671872	0,428231311	0,428231311	3	0,054614965	0,109229929	18,89431788	9,44715894	60,63231314	1,141142429	NA	1.2	10,58823529	0,18	0,002903226	0,014516129	78,5	99,37	6,537580679	20,5	97,62	1,707266292	1,707266292	0,5	0,00520508	0,041640641	0,05615677	7,68	0,014225012	0,13438595	0,851389038	2,24	19,07720669	4,866066257	76,05672705	2.9	21.8	-58	6.88	955	0.2	0.01	-6,64	-6,64	-1,21	-1,21
CW_126	CW_126	CW1MF06_5_June_2025	S9057	Section_2	CW_1	CW_1_Section_2	CW_1_MF06	MF06	Wetland	CW1S2-3-4	0.60-0.80	0.60-0.80	515F806R	CW1MF06_5	True Sample	T5	T5_0.60-0.80	2025-06-16	Summer	150	65	3,8	126	14316880-004	CW1_MF06	17/06/2025	11	12	640	0,245807195	1	0,00039071	550	0,217575586	120	0,047471037	63	0,024922294	183		1380,00	0,46	1900	0,711554966	NA	NA	NA	NA	NA	NA	NA	NA	NA	NA	NA	NA	NA	NA	NA	NA	NA	NA	NA	NA	1900	2	200	41	15	1,5	0,05	0,02	0,711554966	0,000735922	0,0752221	0,015292985	0,00555462	0,000555462	1,82942E-05	7,31768E-06	0,001	0,001	0,002	0,001	0,001		0,002	0,001	0,001	2159,57	259,57	0,808941668	0,097386701	2100	3200	1100	2.5	2.5	4300	3.480		69	0.03	0.01	0.075	24,99604414	24,99604414	0,8	0,014324082	0,014324082	25,79604414	0,461880826	0,461880826	13,95128045	13,95128045	14,75128045	0,264123195	0,264123195	1,1	0,020025487	0,040050974	23,06464889	11,53232445	26,89604414	0,5019318	NA	0.96	1	0,017	0,000274194	0,001370968	43	54,43	3,581095149	24	40,00	1,998750781	1,998750781	36	0,374765771	2,998126171	2,999497139	4,08	0,009809138	0,11312216	0,877068703	2,30	11,46903181	1,739135006	86,79183318	0.91	21.7	-5.9	7.15	994	0.2	0.01	-2,91	-2,81	-1,13	-1,03
CW_127	CW_127	CW1MF09_5_June_2025	S9058	Section_3	CW_1	CW_1_Section_3	CW_1_MF09	MF09	Wetland	CW1S3-1	0.15-0.30	0.15-0.30	515F806R	CW1MF09_5	True Sample	T5	T5_0.15-0.30	2025-06-16	Summer	150	65	5,8	127	14316880-005	CW1_MF09	17/06/2025	12	12	420	0,161310972	0,5	0,000195355	200	0,079118395	60	0,023735519	46	0,018197231	106		729,50	0,24	1200	0,449403136	NA	NA	NA	NA	NA	NA	NA	NA	NA	NA	NA	NA	NA	NA	NA	NA	NA	NA	NA	NA	1600	0,42	0,17	0,07	0,05	0,01	0,01	0,002	0,599204182	0,000154544	6,39388E-05	2,611E-05	1,85154E-05	3,70308E-06	3,65884E-06	7,31768E-07	0,001	0,001	0,002	0,001	0,001		0,002	0,001	0,001	1600,732	0,732	0,599475383	0,000271202	1600	1800	2.5	2.5	2.5	1800	2.330		69	0.03	0.01	0.075	45,63231314	45,63231314	13	0,232766338	0,232766338	58,63231314	1,049817603	1,049817603	0	0	13	0,232766338	0,232766338	4,1	0,074640451	0,149280903	14,06499535	7,032497676	62,73231314	1,199098506	NA	0.7	1	0,017	0,000274194	0,001370968	78,5	99,37	6,537580679	0	0,00	0	0	0,5	0,00520508	0,041640641	0,043011609	7,74	0,019295217	0,135693568	0,845011215	0,38	60,92606181	39,07393819	0	2.09	21.6	-1.7	6.98	1032	0.2	0.01	-7,05	-7,05	0,31	0,31
CW_128	CW_128	CW1MF10_5_June_2025	S9059	Section_3	CW_1	CW_1_Section_3	CW_1_MF10	MF10	Wetland	CW1S3-3-4	0.60-0.80	0.60-0.80	515F806R	CW1MF10_5	True Sample	T5	T5_0.60-0.80	2025-06-16	Summer	150	65	7,3	128	14316880-006	CW1_MF10	17/06/2025	11	12	630	0,241966458	2	0,00078142	560	0,221531506	160	0,063294716	85	0,033625318	245		1449,00	0,46	2700	1,011157057	NA	NA	NA	NA	NA	NA	NA	NA	NA	NA	NA	NA	NA	NA	NA	NA	NA	NA	NA	NA	2900	4	280	63	34	4,9	0,7	0,62	1,08605758	0,001471844	0,10531094	0,023498977	0,012590473	0,001814509	0,000256119	0,000226848	0,16	0,13	0,06	0,04	0,09		0,002	0,03	0,03	3287,22	387,22	1,23122729	0,14516971	3300	4400	1600	2.5	2.5	6000	4.749		71	0.03	0.01	0.075	18,02040391	18,02040391	0,02	0,000358102	0,000358102	18,04040391	0,323015289	0,323015289	-6,975640225		0,02	0,000358102	0,000358102	0,9	0,016384489	0,032768979	19,71469983	9,857349916	18,94040391	0,355784268	NA	0.66	1	0,017	0,000274194	0,001370968	31	39,24	2,581719758	-12	-33,33	-0,99937539		48	0,499687695	3,997501562	3,998872529	2,94	0,011155382	0,109962501	0,878882117	0,03	1,080994917	98,91900508	0	0.23	21.8	-51	7.08	890	0.2	0.01	-1,46	-1,32	1,44	1,59
CW_129	CW_129	CW2MF01_5_June_2025	S9060	Section_1	CW_2	CW_2_Section_1	CW_2_MF01	MF01	Wetland	CW2S1-1	0.15-0.30	0.15-0.30	515F806R	CW2MF01_5	True Sample	T5	T5_0.15-0.30	2025-06-16	Summer	150	65	6,9	129	14317805-003	CW2_MF01	18/06/2025	6,4	7	1	0,000384074	0,5	0,000195355	46	0,018197231	12	0,004747104	12	0,004747104	24		80,50	0,02	2100	0,786455489	NA	NA	NA	NA	NA	NA	NA	NA	NA	NA	NA	NA	NA	NA	NA	NA	NA	NA	NA	NA	3400	360	210	1,2	0,08	0,01	0,01	0,002	1,273308887	0,132465996	0,078983205	0,0004476	2,96246E-05	3,70308E-06	3,65884E-06	7,31768E-07	0,001	0,001	0,002	0,001	0,001		0,002	0,001	0,001	3971,302	571,302	1,485243406	0,211934519	3900	3300	930	2.5	2.5	4200	3.981		41	0.03	0.01	0.075	22,08952738	22,08952738	0,9	0,016114593	0,016114593	22,98952738	0,411629855	0,411629855	22,08952738	22,08952738	22,98952738	0,411629855	0,411629855	0,05	0,000910249	0,001820499	452,2165583	226,1082791	23,03952738	0,413450353	NA	1.3	1	0,017	0,000274194	0,001370968	38	48,10	3,164688736	38	48,10	3,164688736	3,164688736	41	0,426816573	3,414532584	3,415903552	3,58	0,000508784	0,115040205	0,884451011	3,58	11,50402051	0,050878369	88,44510113	1.89	22.8	-69	7.28	522	0.2	0.01	-2,77	-2,56	-2,77	-2,56
CW_130	CW_130	CW2MF02_5_June_2025	S9061	Section_1	CW_2	CW_2_Section_1	CW_2_MF02	MF02	Wetland	CW2S1-3-4	0.60-0.80	0.60-0.80	515F806R	CW2MF02_5	True Sample	T5	T5_0.60-0.80	2025-06-16	Summer	150	65	10,6	130	14317805-004	CW2_MF02	18/06/2025	3,9	4,7	3,7	0,001421073	0,41	0,000160191	10	0,00395592	5,8	0,002294433	5,2	0,002057078	11		25,11	0,01	39	0,014605602	NA	NA	NA	NA	NA	NA	NA	NA	NA	NA	NA	NA	NA	NA	NA	NA	NA	NA	NA	NA	0,02	0,01	0,01	0,005	0,001	0,001	0,01	0,002	7,49005E-06	3,67961E-06	3,7611E-06	1,865E-06	3,70308E-07	3,70308E-07	3,65884E-06	7,31768E-07	0,001	0,001	0,002	0,001	0,001		0,002	0,001	0,001	0,059	0,039	2,1927E-05	1,44369E-05	0,042	95	160	2.5	2.5	250	25		43	0.03	0.01	1.1	22,08952738	22,08952738	0,3	0,005371531	0,005371531	22,38952738	0,400886793	0,400886793	22,08952738	22,08952738	22,38952738	0,400886793	0,400886793	0,05	0,000910249	0,001820499	440,4142306	220,2071153	22,43952738	0,402707292	NA	0.34	14,11764706	0,24	0,003870968	0,019354839	38	48,10	3,164688736	38	48,10	3,164688736	3,164688736	41	0,426816573	3,414532584	3,433887423	3,57	0,000510316	0,112375186	0,887114498	3,57	11,23751862	0,051031587	88,71144979	0.98	23.8	-59	7.14	811	0.2	0.01	-3,55	-3,55	-3,55	-3,55
CW_131	CW_131	CW2MF05_5_June_2025	S9062	Section_2	CW_2	CW_2_Section_2	CW_2_MF05	MF05	Wetland	CW2S2-1	0.15-0.30	0.15-0.30	515F806R	CW2MF05_5	True Sample	T5	T5_0.15-0.30	2025-06-16	Summer	150	65	18,85	131	14317805-005	CW2_MF05	18/06/2025	15	16	3,2	0,001229036	0,02	7,8142E-06	1,1	0,000435151	2	0,000791184	1,3	0,00051427	3,3		7,74	0,00	6,6	0,002471717	NA	NA	NA	NA	NA	NA	NA	NA	NA	NA	NA	NA	NA	NA	NA	NA	NA	NA	NA	NA	0,08	0,01	0,53	0,1	0,001	0,001	0,001	0,002	2,99602E-05	3,67961E-06	0,000199339	3,73E-05	3,70308E-07	3,70308E-07	3,65884E-07	7,31768E-07	0,001	0,001	0,002	0,001	0,001		0,002	0,001	0,001	0,725	0,645	0,000272117	0,000242156	0,72	2.5	2.5	2.5	2.5	5	8		45	0.03	0.01	0.075	27,9025609	27,9025609	12	0,214861235	0,214861235	39,9025609	0,714459461	0,714459461	5,813033521	5,813033521	17,81303352	0,318944199	0,318944199	5,2	0,094665938	0,189331877	7,547165038	3,773582519	45,1025609	0,903791338	NA	1.6	1	0,017	0,000274194	0,001370968	48	60,76	3,997501562	10	24,39	0,832812825	0,832812825	31	0,32271497	2,581719758	2,583090726	4,90	0,038628966	0,145769591	0,815601443	1,34	23,78247995	14,11777226	62,09974778	3.88	23.8	-78	7.15	625	0.1	0.01	-4,90	-4,90	-1,34	-1,34
CW_132	CW_132	CW2MF06_5_June_2025	S9063	Section_2	CW_2	CW_2_Section_2	CW_2_MF06	MF06	Wetland	CW2S2-3-4	0.60-0.80	0.60-0.80	515F806R	CW2MF06_5	True Sample	T5	T5_0.60-0.80	2025-06-16	Summer	150	65	2,4	132	14317805-006	CW2_MF06	18/06/2025	6,1	7,2	83	0,031878121	0,5	0,000195355	100	0,039559198	26	0,010285391	19	0,007516248	45		231,50	0,07	680	0,254661777	NA	NA	NA	NA	NA	NA	NA	NA	NA	NA	NA	NA	NA	NA	NA	NA	NA	NA	NA	NA	1900	230	270	100	31	1,2	0,13	0,1	0,711554966	0,084631053	0,101549835	0,037299964	0,011479549	0,00044437	4,75649E-05	3,65884E-05	0,001	0,001	0,002	0,001	0,001		0,002	0,001	0,001	2532,43	632,43	0,94704389	0,235488924	2500	1200	640	2.5	2.5	1800	2.732		45	0.03	0.01	0.075	26,7399542	26,7399542	0,6	0,010743062	0,010743062	27,3399542	0,489524695	0,489524695	4,650426817	4,650426817	5,250426817	0,094009433	0,094009433	0,8	0,014563991	0,029127981	33,61198935	16,80599467	28,1399542	0,518652676	NA	0.53	1	0,017	0,000274194	0,001370968	46	58,23	3,830938996	8	19,51	0,66625026	0,66625026	33	0,34353529	2,748282324	2,749653291	4,35	0,006696716	0,112544977	0,880758307	0,79	11,90915893	3,689946274	84,40089479	0.98	22	-66	7.13	659	0.2	0.01	-4,02	-3,79	-0,46	-0,23
CW_133	CW_133	CW2MF09_5_June_2025	S9064	Section_3	CW_2	CW_2_Section_3	CW_2_MF09	MF09	Wetland	CW2S3-1	0.15-0.30	0.15-0.30	515F806R	CW2MF09_5	True Sample	T5	T5_0.15-0.30	2025-06-16	Summer	150	65	7,4	133	14317805-007	CW2_MF09	18/06/2025	11	11	310	0,11906286	0,5	0,000195355	180	0,071206556	56	0,022153151	56	0,022153151	112		605,50	0,19	860	0,322072248	NA	NA	NA	NA	NA	NA	NA	NA	NA	NA	NA	NA	NA	NA	NA	NA	NA	NA	NA	NA	2700	0,14	0,28	0,08	0,04	0,001	0,001	0,002	1,011157057	5,15146E-05	0,000105311	2,984E-05	1,48123E-05	3,70308E-07	3,65884E-07	7,31768E-07	0,001	0,001	0,002	0,001	0,001		0,002	0,001	0,001	2700,544	0,544	1,011360003	0,000202946	2700	1300	2.5	2.5	2.5	1400	3.306		61	0.03	0.01	0.075	45,63231314	45,63231314	15	0,268576544	0,268576544	60,63231314	1,085627809	1,085627809	17,72975224	17,72975224	32,72975224	0,586029583	0,586029583	4,2	0,07646095	0,152921901	14,19846085	7,099230423	64,83231314	1,23854971	NA	0.7	1	0,017	0,000274194	0,001370968	78,5	99,37	6,537580679	30,5	98,39	2,540079117	2,540079117	0,5	0,00520508	0,041640641	0,043011609	7,78	0,019665553	0,139610289	0,840724159	3,28	17,87203765	4,663631396	77,46433096	4.15	21.9	-37	7.12	1041	0.1	0.01	-7,26	-7,26	-2,77	-2,77
CW_134	CW_134	CW2MF10_5_June_2025	S9065	Section_3	CW_2	CW_2_Section_3	CW_2_MF10	MF10	Wetland	CW2S3-3-4	0.60-0.80	0.60-0.80	515F806R	CW2MF10_5	True Sample	T5	T5_0.60-0.80	2025-06-16	Summer	150	65	3,35	134	14317805-008	CW2_MF10	18/06/2025	6,2	7,2	170	0,065292536	0,5	0,000195355	170	0,067250636	28	0,011076575	30	0,011867759	58		401,50	0,13	1000	0,374502614	NA	NA	NA	NA	NA	NA	NA	NA	NA	NA	NA	NA	NA	NA	NA	NA	NA	NA	NA	NA	2400	390	320	130	37	1,4	0,1	0,05	0,898806273	0,143504829	0,12035536	0,048489953	0,013701397	0,000518431	3,65884E-05	1,82942E-05	0,001	0,001	0,002	0,001	0,001		0,002	0,001	0,001	3278,55	878,55	1,225431126	0,326624853	3300	1800	880	2.5	2.5	2700	3.702		46	0.03	0.01	0.8	27,32125755	27,32125755	1	0,017905103	0,017905103	28,32125755	0,507095032	0,507095032	0,581303352	0,581303352	1,581303352	0,028313399	0,028313399	1,1	0,020025487	0,040050974	25,32248193	12,66124096	29,42125755	0,547146006	NA	0.41	10,58823529	0,18	0,002903226	0,014516129	47	59,49	3,914220279	1	3,03	0,083281283	0,083281283	32	0,33312513	2,665001041	2,67951717	4,46	0,008977289	0,113663618	0,877359093	0,15	18,67076189	26,41089436	54,91834374	0.79	21.7	-52	7.05	606	NA	0.01	-3,95	-3,63	0,36	0,68
CW_135	CW_135	CW3MF01_5_June_2025	S9066	Section_1	CW_3	CW_3_Section_1	CW_3_MF01	MF01	Wetland	CW3S1-1	0.15-0.30	0.15-0.30	515F806R	CW3MF01_5	True Sample	T5	T5_0.15-0.30	2025-06-16	Summer	150	65	4,5	135	14318701-002	CW3_MF01	19/06/2025	12	12	400	0,153629497	0,5	0,000195355	200	0,079118395	100	0,039559198	62	0,024526702	162		765,50	0,23	540	0,202231411	NA	NA	NA	NA	NA	NA	NA	NA	NA	NA	NA	NA	NA	NA	NA	NA	NA	NA	NA	NA	500	0,11	0,01	0,005	0,001	0,001	0,001	0,002	0,187251307	4,04757E-05	3,7611E-06	1,865E-06	3,70308E-07	3,70308E-07	3,65884E-07	7,31768E-07	0,001	0,001	0,002	0,001	0,001		0,002	0,001	0,001	500,13	0,13	0,187299247	4,79401E-05	500	980	2.5	2.5	2.5	1000	1.266		67	0.03	0.01	0.075	42,08636269	42,08636269	17	0,30438675	0,30438675	59,08636269	1,057947407	1,057947407	42,08636269	42,08636269	59,08636269	1,057947407	1,057947407	4,5	0,081922447	0,163844894	12,91401135	6,457005675	63,58636269	1,221792301	NA	1.4	1	0,017	0,000274194	0,001370968	72,4	91,65	6,029564855	72,4	91,65	6,029564855	6,029564855	6,6	0,068707058	0,549656465	0,551027432	7,25	0,022595066	0,145896469	0,831508465	7,25	14,58964694	2,2595066	83,15084646	2.89	21.1	-88	7.08	744	1	0.01	-6,82	-6,82	-6,82	-6,82
CW_136	CW_136	CW3MF02_5_June_2025	S9067	Section_1	CW_3	CW_3_Section_1	CW_3_MF02	MF02	Wetland	CW3S1-3-4	0.60-0.80	0.60-0.80	515F806R	CW3MF02_5	True Sample	T5	T5_0.60-0.80	2025-06-16	Summer	150	65	3,1	136	14318701-003	CW3_MF02	19/06/2025	9,7	10	640	0,245807195	25	0,009767745	440	0,174060469	150	0,059338796	83	0,032834134	233		1338,00	0,43	1800	0,674104705	NA	NA	NA	NA	NA	NA	NA	NA	NA	NA	NA	NA	NA	NA	NA	NA	NA	NA	NA	NA	4100	4	340	64	40	2,1	0,38	0,37	1,535460716	0,001471844	0,12787757	0,023871977	0,014812321	0,000777647	0,000139036	0,000135377	0,001	0,001	0,002	0,001	0,001		0,002	0,001	0,001	4550,85	450,85	1,704546488	0,169085772	4500	2900	870	2.5	2.5	3800	5.838		72	0.03	0.01	0.075	21,50822403	21,50822403	0,02	0,000358102	0,000358102	21,52822403	0,385465068	0,385465068	21,50822403	21,50822403	21,52822403	0,385465068	0,385465068	0,9	0,016384489	0,032768979	23,52621796	11,76310898	22,42822403	0,418234046	NA	0.74	1	0,017	0,000274194	0,001370968	37	46,84	3,081407454	37	46,84	3,081407454	3,081407454	42	0,437226733	3,497813866	3,499184834	3,50	0,009363524	0,110144158	0,880492317	3,50	11,01441584	0,936352444	88,04923172	0.61	21.8	-56	7.09	812	2	0.01	-2,40	-2,23	-2,40	-2,23
CW_137	CW_137	CW3MF05_5_June_2025	S9068	Section_2	CW_3	CW_3_Section_2	CW_3_MF05	MF05	Wetland	CW3S2-1	0.15-0.30	0.15-0.30	515F806R	CW3MF05_5	True Sample	T5	T5_0.15-0.30	2025-06-16	Summer	150	65	7,9	137	14318701-004	CW3_MF05	19/06/2025	0,7	1,6	0,02	7,68147E-06	0,02	7,8142E-06	0,3	0,000118678	0,01	3,95592E-06	0,02	7,91184E-06	0,21		0,79	0,00	5,8	0,002172115	NA	NA	NA	NA	NA	NA	NA	NA	NA	NA	NA	NA	NA	NA	NA	NA	NA	NA	NA	NA	0,8	0,01	0,2	0,005	0,01	0,001	0,001	0,002	0,000299602	3,67961E-06	7,52221E-05	1,865E-06	3,70308E-06	3,70308E-07	3,65884E-07	7,31768E-07	0,001	0,001	0,002	0,001	0,001		0,002	0,001	0,001	1,029	0,229	0,00038554	8,59377E-05	1	2.5	2.5	2.5	2.5	5	2		67	0.03	0.01	0.075	4,650426817	4,650426817	1,5	0,026857654	0,026857654	6,150426817	0,110124025	0,110124025	-37,43593587		1,5	0,026857654	0,026857654	7,9	0,143819407	0,287638813	0,76571047	0,382855235	14,05042682	0,397762838	NA	0.015	1	0,017	0,000274194	0,001370968	8	10,13	0,66625026	-64,4	-975,76	-5,363314595		71	0,739121382	5,91297106	5,914342027	1,06	0,270333902	0,10349875	0,626167348	0,31	8,539890654	91,46010935	0	3.77	21.9	-2.8	708	1090	0.1	0.01	-1,06	-1,06	-0,31	-0,31
CW_138	CW_138	CW3MF06_5_June_2025	S9069	Section_2	CW_3	CW_3_Section_2	CW_3_MF06	MF06	Wetland	CW3S2-3-4	0.60-0.80	0.60-0.80	515F806R	CW3MF06_5	True Sample	T5	T5_0.60-0.80	2025-06-16	Summer	150	65	2	138	14318701-005	CW3_MF06	19/06/2025	8,1	8,4	580	0,22276277	33	0,012893423	500	0,197795988	170	0,067250636	110	0,043515117	280		1393,00	0,43	1800	0,674104705	NA	NA	NA	NA	NA	NA	NA	NA	NA	NA	NA	NA	NA	NA	NA	NA	NA	NA	NA	NA	3300	40	360	83	63	4,1	0,95	0,99	1,235858625	0,014718444	0,13539978	0,03095897	0,023329406	0,001518263	0,00034759	0,000362225	0,02	0,02	0,002	0,001	0,001		0,002	0,001	0,001	3852,04	552,04	1,442493302	0,206634677	3900	2900	1100	2.5	2.5	4100	5.293		75	0.03	0.01	0.075	20,92692067	20,92692067	0,02	0,000358102	0,000358102	20,94692067	0,375056771	0,375056771	-0,581303352		0,02	0,000358102	0,000358102	0,8	0,014563991	0,029127981	25,75233556	12,87616778	21,74692067	0,404184752	NA	0.73	1	0,017	0,000274194	0,001370968	36	45,57	2,998126171	-1	-2,38	-0,083281283		43	0,447636894	3,581095149	3,582466117	3,40	0,008561234	0,11023589	0,881202876	0,03	1,214478225	98,78552177	0	0.18	21.9	-25	7.16	1036	0.2	0.01	-2,29	-2,09	1,08	1,28
CW_139	CW_139	CW3MF09_5_June_2025	S9070	Section_3	CW_3	CW_3_Section_3	CW_3_MF09	MF09	Wetland	CW3S3-1	0.15-0.30	0.15-0.30	515F806R	CW3MF09_5	True Sample	T5	T5_0.15-0.30	2025-06-16	Summer	150	65	11,4	139	14318701-006	CW3_MF09	19/06/2025	17	18	180	0,069133274	0,1	3,9071E-05	42	0,016614863	26	0,010285391	13	0,005142696	39		261,70	0,09	28	0,010486073	NA	NA	NA	NA	NA	NA	NA	NA	NA	NA	NA	NA	NA	NA	NA	NA	NA	NA	NA	NA	32	0,33	0,7	0,16	0,06	0,001	0,001	0,002	0,011984084	0,000121427	0,000263277	5,96799E-05	2,22185E-05	3,70308E-07	3,65884E-07	7,31768E-07	0,001	0,001	0,002	0,001	0,001		0,002	0,001	0,001	33,254	1,254	0,012452155	0,000468071	33	55	2.5	2.5	2.5	65	295		61	0.03	0.01	0.075	45,63231314	45,63231314	18	0,322291853	0,322291853	63,63231314	1,139343118	1,139343118	40,98188632	40,98188632	58,98188632	1,056076747	1,056076747	5,3	0,096486437	0,192972875	11,80832405	5,904162025	68,93231314	1,332315993	NA	1.7	1	0,017	0,000274194	0,001370968	78,5	99,37	6,537580679	70,5	99,30	5,871330418	5,871330418	0,5	0,00520508	0,041640641	0,043011609	7,87	0,024520382	0,14477231	0,830707308	7,12	14,83174692	2,710148524	82,45810456	5.21	20.8	-44	6.92	1025	0.1	0.01	-7,77	-7,77	-7,02	-7,02
CW_140	CW_140	CW3MF10_5_June_2025	S9071	Section_3	CW_3	CW_3_Section_3	CW_3_MF10	MF10	Wetland	CW3S3-3-4	0.60-0.80	0.60-0.80	515F806R	CW3MF10_5	True Sample	T5	T5_0.60-0.80	2025-06-16	Summer	150	65	3,6	140	14318701-007	CW3_MF10	19/06/2025	9,6	9,8	610	0,234284983	9,1	0,003555459	480	0,189884148	98	0,038768014	59	0,023339927	157		1256,10	0,43	1200	0,449403136	NA	NA	NA	NA	NA	NA	NA	NA	NA	NA	NA	NA	NA	NA	NA	NA	NA	NA	NA	NA	2800	3,2	490	92	2,3	2,5	0,17	0,09	1,048607318	0,001177476	0,184294144	0,034315967	0,000851708	0,00092577	6,22002E-05	3,29295E-05	0,001	0,001	0,002	0,001	0,001		0,002	0,001	0,001	3390,26	590,26	1,270267513	0,221660195	3400	2200	1100	2.5	2.5	3300	4.656		68	0.03	0.01	0.075	21,50822403	21,50822403	0,2	0,003581021	0,003581021	21,70822403	0,388687986	0,388687986	0,581303352	0,581303352	0,781303352	0,013989317	0,013989317	1	0,018204988	0,036409976	21,35063108	10,67531554	22,70822403	0,425097962	NA	0.62	1	0,017	0,000274194	0,001370968	37	46,84	3,081407454	1	2,33	0,083281283	0,083281283	42	0,437226733	3,497813866	3,499184834	3,51	0,010383551	0,110847679	0,878768771	0,13	10,46473422	27,2365496	62,29871619	0.59	22	-51	7.11	988	0.2	0.01	-2,63	-2,41	0,74	0,97
CW_141	CW_141	CWinf_6_August_2025	S9270	Section_0	CW_0	CW_0_Section_0	CW_0_INF	INF	INF	NA	NA	INF	515F806R	CWinf_6	True Sample	T6	T6_INF	2025-08-13	Summer	150	65	6,4	141	14349443-001	INFLOW	13/08/2025	10	98	110	0,042248112	4,2	0,001640981	70	0,027691438	25	0,009889799	30	0,011867759	55		239,20	0,07	410	0,153546072	NA	NA	NA	NA	NA	NA	NA	NA	NA	NA	NA	NA	NA	NA	NA	NA	NA	NA	NA	NA	150	87	130	85	150	100	110	160	0,056175392	0,032012616	0,048894365	0,031704969	0,055546204	0,037030803	0,040247219	0,058541409	24	20	34	15	49		3,4	15	14	972	822	0,360152977	0,303977585	1100	1000	2400	2.5	2.5	3500	1.339		66	0.03	0.01	0.075	0	0	4,2	0,075201432	0,075201432	4,2	0,075201432	0,075201432	0	0	4,2	0,075201432	0,075201432	1,4	0,025486983	0,050973967	2,950581916	1,475290958	5,6	0,126175399	28	0.43	1	0,017	0,000274194	0,001370968	0	0,00	0	0	0,00	0	0	140	1,457422444	11,65937955	11,66075052	0,13	0,403992911	0,596007089	0	0,13	59,60070889	40,39929111	0	NA	NA	NA	NA	NA	NA	0.01	0,10	0,40	0,10	0,40
CW_142	CW_142	CW1eff_6_August_2025	S9271	Section_5	CW_1	CW_1_Section_5	CW_1_EFF	EFF	EFF	NA	NA	EFF	515F806R	CW1eff_6	True Sample	T6	T6_EFF	2025-08-13	Summer	150	65	8,4	142	14349444-001	CW1_OUT	13/08/2025	8,2	8,1	9,3	0,003571886	0,56	0,000218797	11	0,004351512	1,5	0,000593388	0,45	0,000178016	1,95		22,81	0,01	37	0,013856597	NA	NA	NA	NA	NA	NA	NA	NA	NA	NA	NA	NA	NA	NA	NA	NA	NA	NA	NA	NA	0,002	0,01	0,01	0,005	0,001	0,001	0,001	0,002	7,49005E-07	3,67961E-06	3,7611E-06	1,865E-06	3,70308E-07	3,70308E-07	3,65884E-07	7,31768E-07	0,001	0,001	0,002	0,001	0,001		0,002	0,001	0,001	0,032	0,03	1,1893E-05	1,1144E-05	0,042	25	60	2.5	2.5	85	23		53	0.03	0.01	0.075	65,10597543	65,10597543	2,3	0,041181737	0,041181737	67,40597543	1,20691093	1,20691093	32,55298772	32,55298772	34,85298772	0,624046333	0,624046333	0,6	0,010922993	0,021845986	110,4926956	55,24634781	68,00597543	1,228756916	7.8	0.015	1	0,017	0,000274194	0,001370968	112	80,00	9,327503644	56	66,67	4,663751822	4,663751822	28	0,291484489	2,331875911	2,333246879	10,56	0,002069481	0,114331294	0,883599224	5,31	11,75307265	0,411439735	87,83548761	3.51	22.9	-144	7.19	620	0.2	0.01	-10,53	-10,53	-5,29	-5,29
CW_143	CW_143	CW2eff_6_August_2025	S9272	Section_5	CW_2	CW_2_Section_5	CW_2_EFF	EFF	EFF	NA	NA	EFF	515F806R	CW2eff_6	True Sample	T6	T6_EFF	2025-08-13	Summer	150	65	15,65	143	14350115-001	CW2_OUT	14/08/2025	7,5	7,7	46	0,017667392	1,3	0,000507923	44	0,017406047	4,9	0,001938401	3,2	0,001265894	8,1		99,40	0,04	73	0,027338691	NA	NA	NA	NA	NA	NA	NA	NA	NA	NA	NA	NA	NA	NA	NA	NA	NA	NA	NA	NA	3,4	13	38	12	5,3	0,86	0,09	0,06	0,001273309	0,004783494	0,014292199	0,004475996	0,001962633	0,000318465	3,29295E-05	2,1953E-05	0,001	0,001	0,002	0,001	0,001		0,002	0,001	0,001	72,71	69,31	0,027160978	0,025887669	73	170	200	2.5	2.5	370	172		47	0.03	0.01	0.075	64,52467208	64,52467208	1,5	0,026857654	0,026857654	66,02467208	1,182178551	1,182178551	-11,10289402		1,5	0,026857654	0,026857654	0,8	0,014563991	0,029127981	81,17133477	40,58566738	66,82467208	1,211306532	8.6	0.015	1	0,017	0,000274194	0,001370968	111	79,29	9,244222361	-19,1	-192,93	-1,590672496		29	0,301894649	2,415157193	2,416528161	10,46	0,002785893	0,113067312	0,884146795	0,06	47,97240255	52,02759745	0	1.16	22.4	-190	7.08	620	0.2	0.01	-10,39	-10,37	0,01	0,03
CW_144	CW_144	CW3eff_6_August_2025	S9273	Section_5	CW_3	CW_3_Section_5	CW_3_EFF	EFF	EFF	NA	NA	EFF	515F806R	CW3eff_6	True Sample	T6	T6_EFF	2025-08-13	Summer	150	65	7,45	144	14350727-003	CW3_OUT	15/08/2025	9,4	10	75	0,028805531	2,4	0,000937703	120	0,047471037	13	0,005142696	5	0,00197796	18		215,40	0,08	160	0,059920418	NA	NA	NA	NA	NA	NA	NA	NA	NA	NA	NA	NA	NA	NA	NA	NA	NA	NA	NA	NA	180	2,2	330	64	33	2,3	0,31	0,22	0,06741047	0,000809514	0,124116465	0,023871977	0,012220165	0,000851708	0,000113424	8,04944E-05	0,001	0,001	0,002	0,001	0,001		0,002	0,001	0,001	612,03	432,03	0,229474218	0,162063748	610	460	760	2.5	2.5	1200	825		67	0.03	0.01	0.075	37,20341453	37,20341453	2,7	0,048343778	0,048343778	39,90341453	0,714474745	0,714474745	-43,88840308		2,7	0,048343778	0,048343778	1,9	0,034589478	0,069178955	20,65584093	10,32792046	41,80341453	0,7836537	18	0.86	1	0,017	0,000274194	0,001370968	64	45,71	5,330002082	-75,5	-15100,00	-6,287736831		76	0,791172184	6,329377472	6,33074844	6,11	0,011315481	0,116865386	0,871819133	0,12	41,13568221	58,86431779	0	0.59	22.7	-190	7.41	918	0.2	0.01	-5,98	-5,81	0,02	0,18
CW_145	CW_145	CW1MF01_6_August_2025	S9274	Section_1	CW_1	CW_1_Section_1	CW_1_MF01	MF01	Wetland	CW1S1-1	0.15-0.30	0.15-0.30	515F806R	CW1MF01_6	True Sample	T6	T6_0.15-0.30	2025-08-13	Summer	150	65	6,55	145	14349444-002	CW1_MF01	13/08/2025	13	13	41	0,015747023	0,1	3,9071E-05	280	0,110765753	42	0,016614863	15	0,00593388	57		378,70	0,13	1200	0,449403136	NA	NA	NA	NA	NA	NA	NA	NA	NA	NA	NA	NA	NA	NA	NA	NA	NA	NA	NA	NA	0,34	1,9	57	0,2	0,04	0,02	0,02	0,002	0,000127331	0,000699126	0,021438298	7,45999E-05	1,48123E-05	7,40616E-06	7,31768E-06	7,31768E-07	0,001	0,001	0,002	0,001	0,001		0,002	0,001	0,001	59,522	59,182	0,022369623	0,022242292	60	2900	400	2.5	2.5	3300	439		68	0.03	0.01	0.075	59,87424526	59,87424526	2,4	0,042972247	0,042972247	62,27424526	1,115026773	1,115026773	59,87424526	59,87424526	62,27424526	1,115026773	1,115026773	0,9	0,016384489	0,032768979	68,0538007	34,02690035	63,17424526	1,147795752	26	0.76	1	0,017	0,000274194	0,001370968	103	73,57	8,577972101	103	73,57	8,577972101	8,577972101	37	0,385175932	3,081407454	3,082778421	9,73	0,003369295	0,114646657	0,881984048	9,73	11,46466572	0,336929476	88,1984048	3.6	20.9	-69	7.11	900	0.1	0.01	-9,15	-9,13	-9,15	-9,13
CW_146	CW_146	CW1MF02_6_August_2025	S9275	Section_1	CW_1	CW_1_Section_1	CW_1_MF02	MF02	Wetland	CW1S1-3-4	0.60-0.80	0.60-0.80	515F806R	CW1MF02_6	True Sample	T6	T6_0.60-0.80	2025-08-13	Summer	150	65	8	146	14349444-003	CW1_MF02	13/08/2025	9,4	10	96	0,036871079	4,4	0,001719123	110	0,043515117	28	0,011076575	15	0,00593388	43		253,40	0,08	170	0,063665444	NA	NA	NA	NA	NA	NA	NA	NA	NA	NA	NA	NA	NA	NA	NA	NA	NA	NA	NA	NA	64	4,3	340	61	27	3,1	1	1	0,023968167	0,001582233	0,12787757	0,022752978	0,009998317	0,001147955	0,000365884	0,000365884	0,01	0,001	0,002	0,001	0,001		0,002	0,001	0,001	501,4	437,4	0,188058987	0,16409082	510	650	1300	2.5	2.5	2000	763		66	0.03	0.01	0.075	5,813033521	5,813033521	0,4	0,007162041	0,007162041	6,213033521	0,111245005	0,111245005	5,813033521	5,813033521	6,213033521	0,111245005	0,111245005	1,2	0,021845986	0,043691972	5,092240097	2,546120048	7,413033521	0,154936976	27	0.74	1	0,017	0,000274194	0,001370968	10	7,14	0,832812825	10	7,14	0,832812825	0,832812825	130	1,353320841	10,82656673	10,8279377	0,99	0,044233845	0,112624679	0,843141476	0,99	11,26246795	4,423384497	84,31414755	0.6	20.2	-14	7.09	1010	0.2	0.01	-0,84	-0,68	-0,84	-0,68
CW_147	CW_147	CW1MF05_6_August_2025	S9276	Section_2	CW_1	CW_1_Section_2	CW_1_MF05	MF05	Wetland	CW1S2-1	0.15-0.30	0.15-0.30	515F806R	CW1MF05_6	True Sample	T6	T6_0.15-0.30	2025-08-13	Summer	150	65	7	147	14349444-004	CW1_MF05	13/08/2025	13	14	310	0,11906286	1	0,00039071	320	0,126589432	51	0,020175191	26	0,010285391	77		714,00	0,25	1600	0,599204182	NA	NA	NA	NA	NA	NA	NA	NA	NA	NA	NA	NA	NA	NA	NA	NA	NA	NA	NA	NA	0,17	0,78	0,67	0,07	0,05	0,001	0,001	0,002	6,36654E-05	0,00028701	0,000251994	2,611E-05	1,85154E-05	3,70308E-07	3,65884E-07	7,31768E-07	0,001	0,001	0,002	0,001	0,001		0,002	0,001	0,001	1,744	1,574	0,000648762	0,000585097	1,7	2700	110	2.5	2.5	2800	716		69	0.03	0.01	0.075	76,38326046	76,38326046	5,9	0,105640107	0,105640107	82,28326046	1,47329025	1,47329025	16,5090152	16,5090152	22,4090152	0,401235724	0,401235724	1,8	0,032768979	0,065537957	44,95990746	22,47995373	84,08326046	1,538828207	27	0.96	1	0,017	0,000274194	0,001370968	131,4	93,86	10,94316052	28,4	76,76	2,365188424	2,365188424	8,6	0,089527379	0,71621903	0,717589998	12,48	0,005250602	0,118033294	0,876716103	2,83	14,1681177	2,314224377	83,51765793	5.21	20.8	-75	7.31	910	0.2	0.01	-11,64	-11,64	-1,99	-1,99
CW_148	CW_148	CW1MF06_6_August_2025	S9277	Section_2	CW_1	CW_1_Section_2	CW_1_MF06	MF06	Wetland	CW1S2-3-4	0.60-0.80	0.60-0.80	515F806R	CW1MF06_6	True Sample	T6	T6_0.60-0.80	2025-08-13	Summer	150	65	3,9	148	14349444-005	CW1_MF06	13/08/2025	10	11	180	0,069133274	3	0,001172129	290	0,114721673	31	0,012263351	7,7	0,003046058	38,7		511,70	0,19	220	0,082390575	NA	NA	NA	NA	NA	NA	NA	NA	NA	NA	NA	NA	NA	NA	NA	NA	NA	NA	NA	NA	400	3,7	470	88	38	1,9	0,08	0,05	0,149801045	0,001361456	0,176771934	0,032823968	0,014071705	0,000703585	2,92707E-05	1,82942E-05	0,001	0,001	0,002	0,001	0,001		0,002	0,001	0,001	1001,73	601,73	0,375581259	0,225780214	1000	800	1000	25	30	1900	1.512		66	0.03	0.01	0.075	36,04080783	36,04080783	0,4	0,007162041	0,007162041	36,44080783	0,652476416	0,652476416	30,22777431	30,22777431	30,62777431	0,548393452	0,548393452	1	0,018204988	0,036409976	35,84052953	17,92026476	37,44080783	0,688886392	24	0.82	1	0,017	0,000274194	0,001370968	62	44,29	5,163439517	52	40,00	4,330626692	4,330626692	78	0,811992505	6,495940037	6,497311005	5,85	0,006221454	0,111490103	0,882288443	4,92	11,15657102	0,740728185	88,1027008	0.55	21.5	-306	7.31	944	0.2	0.01	-5,58	-5,36	-4,65	-4,42
CW_149	CW_149	CW1MF09_6_August_2025	S9278	Section_3	CW_1	CW_1_Section_3	CW_1_MF09	MF09	Wetland	CW1S3-1	0.15-0.30	0.15-0.30	515F806R	CW1MF09_6	True Sample	T6	T6_0.15-0.30	2025-08-13	Summer	150	65	19,25	149	14349444-006	CW1_MF09	13/08/2025	21	21	300	0,115222123	1,1	0,000429781	140	0,055382877	50	0,019779599	30	0,011867759	80		521,10	0,17	1100	0,411952875	NA	NA	NA	NA	NA	NA	NA	NA	NA	NA	NA	NA	NA	NA	NA	NA	NA	NA	NA	NA	540	1,3	0,44	0,07	0,06	0,01	0,01	0,002	0,202231411	0,000478349	0,000165489	2,611E-05	2,22185E-05	3,70308E-06	3,65884E-06	7,31768E-07	0,001	0,001	0,002	0,001	0,001		0,002	0,001	0,001	541,892	1,892	0,202931672	0,00070026	540	1800	90	2.5	2.5	1800	1.061		87	0.03	0.01	0.075	81,09181761	81,09181761	23	0,411817368	0,411817368	104,0918176	1,863774711	1,863774711	4,708557152	4,708557152	27,70855715	0,496124569	0,496124569	3,1	0,056435463	0,112870927	33,02488545	16,51244272	107,1918176	1,976645638	45	0.51	1	0,017	0,000274194	0,001370968	139,5	99,64	11,61773891	8,1	94,19	0,674578389	0,674578389	0,5	0,00520508	0,041640641	0,043011609	13,59	0,008302761	0,137098866	0,854598373	1,28	38,65181232	8,793488873	52,55469881	1.6	22.8	-155	7.11	1314	0.2	0.01	-13,01	-13,01	-0,70	-0,70
CW_150	CW_150	CW1MF10_6_August_2025	S9279	Section_3	CW_1	CW_1_Section_3	CW_1_MF10	MF10	Wetland	CW1S3-3-4	0.60-0.80	0.60-0.80	515F806R	CW1MF10_6	True Sample	T6	T6_0.60-0.80	2025-08-13	Summer	150	65	8,8	150	14349444-007	CW1_MF10	13/08/2025	10	11	160	0,061451799	1,7	0,000664207	220	0,087030235	25	0,009889799	8,6	0,003402091	33,6		415,30	0,15	420	0,157291098	NA	NA	NA	NA	NA	NA	NA	NA	NA	NA	NA	NA	NA	NA	NA	NA	NA	NA	NA	NA	73	1	82	12	3,1	0,1	0,1	0,2	0,027338691	0,000367961	0,030841061	0,004475996	0,001147955	3,70308E-05	3,65884E-05	7,31768E-05	0,1	0,1	0,2	0,1	0,1		0,2	0,1	0,1	171,5	98,5	0,064318459	0,036979768	170	1000	1200	2.5	2.5	2300	585		66	0.03	0.01	0.075	32,55298772	32,55298772	0,4	0,007162041	0,007162041	32,95298772	0,590026638	0,590026638	-3,487820112		0,4	0,007162041	0,007162041	0,9	0,016384489	0,032768979	36,01129245	18,00564623	33,85298772	0,622795616	25	0.61	1	0,017	0,000274194	0,001370968	56	40,00	4,663751822	-6	-7,69	-0,499687695		84	0,874453467	6,995627733	6,9969987	5,29	0,006198559	0,111609069	0,882192372	0,04	17,9360337	82,0639663	0	0.42	22.5	-289	7.28	960	0.2	0.01	-4,98	-4,94	0,27	0,30
CW_151	CW_151	CW2MF01_6_August_2025	S9280	Section_1	CW_2	CW_2_Section_1	CW_2_MF01	MF01	Wetland	CW2S1-1	0.15-0.30	0.15-0.30	515F806R	CW2MF01_6	True Sample	T6	T6_0.15-0.30	2025-08-13	Summer	150	65	6,65	151	14350115-002	CW2_MF01	14/08/2025	3,1	3,8	1,4	0,000537703	0,02	7,8142E-06	4	0,001582368	1	0,000395592	1,3	0,00051427	2,3		7,84	0,00	43	0,016103612	NA	NA	NA	NA	NA	NA	NA	NA	NA	NA	NA	NA	NA	NA	NA	NA	NA	NA	NA	NA	0,002	0,01	0,01	0,005	0,001	0,001	0,001	0,002	7,49005E-07	3,67961E-06	3,7611E-06	1,865E-06	3,70308E-07	3,70308E-07	3,65884E-07	7,31768E-07	0,001	0,001	0,002	0,001	0,001		0,002	0,001	0,001	0,032	0,03	1,1893E-05	1,1144E-05	0,042	65	230	2.5	2.5	300	8		44	0.03	0.01	0.075	45,92296481	45,92296481	0,6	0,010743062	0,010743062	46,52296481	0,832998475	0,832998475	45,92296481	45,92296481	46,52296481	0,832998475	0,832998475	0,6	0,010922993	0,021845986	76,26101036	38,13050518	47,12296481	0,854844461	6.1	0.16	1	0,017	0,000274194	0,001370968	79	56,43	6,57922132	79	56,43	6,57922132	6,57922132	61	0,635019779	5,080158234	5,081529202	7,43	0,002938632	0,112051534	0,885009834	7,43	11,2051534	0,29386323	88,50098337	1.66	22.8	-185	7.15	490	0.2	0.01	-7,42	-7,42	-7,42	-7,42
CW_152	CW_152	CW2MF02_6_August_2025	S9281	Section_1	CW_2	CW_2_Section_1	CW_2_MF02	MF02	Wetland	CW2S1-3-4	0.60-0.80	0.60-0.80	515F806R	CW2MF02_6	True Sample	T6	T6_0.60-0.80	2025-08-13	Summer	150	65	15,45	152	14350115-003	CW2_MF02	14/08/2025	5,3	6	46	0,017667392	2,4	0,000937703	28	0,011076575	11	0,004351512	14	0,005538288	25		101,40	0,03	81	0,030334712	NA	NA	NA	NA	NA	NA	NA	NA	NA	NA	NA	NA	NA	NA	NA	NA	NA	NA	NA	NA	0,002	0,2	1,6	0,005	0,001	0,001	0,001	0,002	7,49005E-07	7,35922E-05	0,000601777	1,865E-06	3,70308E-07	3,70308E-07	3,65884E-07	7,31768E-07	0,001	0,001	0,002	0,001	0,001		0,002	0,001	0,001	1,812	1,81	0,000679821	0,000679072	1,8	130	130	2.5	2.5	260	103		53	0.03	0.01	0.075	27,9025609	27,9025609	0,6	0,010743062	0,010743062	28,5025609	0,510341287	0,510341287	27,9025609	27,9025609	28,5025609	0,510341287	0,510341287	0,6	0,010922993	0,021845986	46,72174486	23,36087243	29,1025609	0,532187273	12	0.015	1	0,017	0,000274194	0,001370968	48	34,29	3,997501562	48	34,29	3,997501562	3,997501562	92	0,957734749	7,661877993	7,663248961	4,53	0,004822845	0,11266586	0,882511295	4,53	11,26658598	0,48228447	88,25112955	0.91	22.7	-0.82	7.28	756	0.2	0.01	-4,47	-4,47	-4,47	-4,47
CW_153	CW_153	CW2MF05_6_August_2025	S9282	Section_2	CW_2	CW_2_Section_2	CW_2_MF05	MF05	Wetland	CW2S2-1	0.15-0.30	0.15-0.30	515F806R	CW2MF05_6	True Sample	T6	T6_0.15-0.30	2025-08-13	Summer	150	65	47,85	153	14350115-004	CW2_MF05	14/08/2025	7,1	8,5	1,1	0,000422481	0,02	7,8142E-06	1,3	0,00051427	0,65	0,000257135	0,33	0,000130545	0,98		3,52	0,00	1,1	0,000411953	NA	NA	NA	NA	NA	NA	NA	NA	NA	NA	NA	NA	NA	NA	NA	NA	NA	NA	NA	NA	0,002	0,01	0,01	0,005	0,001	0,001	0,001	0,002	7,49005E-07	3,67961E-06	3,7611E-06	1,865E-06	3,70308E-07	3,70308E-07	3,65884E-07	7,31768E-07	0,001	0,001	0,002	0,001	0,001		0,002	0,001	0,001	0,032	0,03	1,1893E-05	1,1144E-05	0,042	2.5	2.5	2.5	2.5	5	4		47	0.03	0.01	0.075	58,71163856	58,71163856	3,5	0,06266786	0,06266786	62,21163856	1,113905793	1,113905793	12,78867375	12,78867375	16,28867375	0,29165038	0,29165038	0,9	0,016384489	0,032768979	67,98538359	33,99269179	63,11163856	1,146674772	6.5	1.1	1	0,017	0,000274194	0,001370968	101	72,14	8,411409536	22	36,07	1,832188216	1,832188216	39	0,405996252	3,247970019	3,249340986	9,56	0,003428404	0,116540696	0,8800309	2,16	13,52357211	1,519468775	84,95695912	1.33	22.7	-166	7.48	527	0.1	0.01	-9,56	-9,56	-2,16	-2,16
CW_154	CW_154	CW2MF06_6_August_2025	S9283	Section_2	CW_2	CW_2_Section_2	CW_2_MF06	MF06	Wetland	CW2S2-3-4	0.60-0.80	0.60-0.80	515F806R	CW2MF06_6	True Sample	T6	T6_0.60-0.80	2025-08-13	Summer	150	65	3,5	154	14350115-005	CW2_MF06	14/08/2025	5	5,9	21	0,008065549	1,2	0,000468852	63	0,024922294	13	0,005142696	7,1	0,002808703	20,1		105,30	0,03	400	0,149801045	NA	NA	NA	NA	NA	NA	NA	NA	NA	NA	NA	NA	NA	NA	NA	NA	NA	NA	NA	NA	0,17	19	60	27	2,5	0,51	0,06	0,04	6,36654E-05	0,006991261	0,02256663	0,01007099	0,00092577	0,000188857	2,1953E-05	1,46354E-05	0,001	0,001	0,002	0,001	0,001		0,002	0,001	0,001	109,28	109,11	0,040843762	0,040780097	110	500	220	2.5	2.5	710	215		43	0.03	0.01	0.075	61,61815532	61,61815532	0,8	0,014324082	0,014324082	62,41815532	1,117603497	1,117603497	33,71559442	33,71559442	34,51559442	0,618005272	0,618005272	0,9	0,016384489	0,032768979	68,21106678	34,10553339	63,31815532	1,150372476	6	0.51	1	0,017	0,000274194	0,001370968	106	75,71	8,827815948	58	63,04	4,830314387	4,830314387	34	0,353945451	2,831563606	2,832934574	9,98	0,003284061	0,11200465	0,88471129	5,48	11,27522856	0,597855296	88,12691614	0.52	22.8	-178	7.31	508	0.2	0.01	-9,79	-9,75	-5,30	-5,26
CW_155	CW_155	CW2MF09_6_August_2025	S9284	Section_3	CW_2	CW_2_Section_3	CW_2_MF09	MF09	Wetland	CW2S3-1	0.15-0.30	0.15-0.30	515F806R	CW2MF09_6	True Sample	T6	T6_0.15-0.30	2025-08-13	Summer	150	65	5,75	155	14350727-001	CW2_MF09	15/08/2025	21	19	24	0,00921777	0,1	3,9071E-05	32	0,012658943	21	0,008307431	19	0,007516248	40		96,70	0,02	230	0,086135601	NA	NA	NA	NA	NA	NA	NA	NA	NA	NA	NA	NA	NA	NA	NA	NA	NA	NA	NA	NA	210	0,01	0,01	0,005	0,001	0,001	0,001	0,002	0,078645549	3,67961E-06	3,7611E-06	1,865E-06	3,70308E-07	3,70308E-07	3,65884E-07	7,31768E-07	0,001	0,001	0,002	0,001	0,001		0,002	0,001	0,001	210,03	0,03	0,078656693	1,1144E-05	210	310	2.5	2.5	2.5	320	307		72	0.03	0.01	0.075	81,09181761	81,09181761	16	0,286481647	0,286481647	97,09181761	1,73843899	1,73843899	22,38017905	22,38017905	38,38017905	0,687201057	0,687201057	3,9	0,070999454	0,141998908	24,48524455	12,24262227	100,9918176	1,880437898	14	1	1	0,017	0,000274194	0,001370968	139,5	99,64	11,61773891	38,5	98,72	3,206329377	3,206329377	0,5	0,00520508	0,041640641	0,043011609	13,50	0,010519858	0,128790652	0,86068949	4,04	17,02877117	3,518718256	79,45251057	1.27	21.8	-177	7.22	1170	0.2	0.01	-13,39	-13,39	-3,93	-3,93
CW_156	CW_156	CW2MF10_6_August_2025	S9285	Section_3	CW_2	CW_2_Section_3	CW_2_MF10	MF10	Wetland	CW2S3-3-4	0.60-0.80	0.60-0.80	515F806R	CW2MF10_6	True Sample	T6	T6_0.60-0.80	2025-08-13	Summer	150	65	4,55	156	14350727-002	CW2_MF10	15/08/2025	9,5	10	180	0,069133274	1,9	0,000742349	210	0,083074315	37	0,014636903	39	0,015428087	76		467,90	0,15	900	0,337052352	NA	NA	NA	NA	NA	NA	NA	NA	NA	NA	NA	NA	NA	NA	NA	NA	NA	NA	NA	NA	1400	4	82	4,1	0,26	0,03	0,01	0,002	0,524303659	0,001471844	0,030841061	0,001529299	9,62801E-05	1,11092E-05	3,65884E-06	7,31768E-07	0,001	0,001	0,002	0,001	0,001		0,002	0,001	0,001	1490,402	90,402	0,558257643	0,033953984	1500	1300	360	2.5	2.5	1700	1.968		50	0.03	0.01	0.075	75,6275661	75,6275661	8,9	0,159355416	0,159355416	84,5275661	1,513474774	1,513474774	14,00941078	14,00941078	22,90941078	0,410195359	0,410195359	3,1	0,056435463	0,112870927	26,81779655	13,40889828	87,6275661	1,6263457	13	0.41	1	0,017	0,000274194	0,001370968	130,1	92,93	10,83489486	24,1	70,88	2,007078909	2,007078909	9,9	0,103060587	0,824484697	0,825855665	12,46	0,00905776	0,121454583	0,869487657	2,53	16,21232488	4,461045433	79,32662969	0.23	22.4	-283	7.18	840	0.2	0.01	-11,97	-11,94	-2,04	-2,01
CW_157	CW_157	CW3MF01_6_August_2025	S9286	Section_1	CW_3	CW_3_Section_1	CW_3_MF01	MF01	Wetland	CW3S1-1	0.15-0.30	0.15-0.30	515F806R	CW3MF01_6	True Sample	T6	T6_0.15-0.30	2025-08-13	Summer	150	65	12,75	157	14350115-006	CW3_MF01	14/08/2025	17	17	400	0,153629497	4,7	0,001836336	260	0,102853914	130	0,051426957	71	0,02808703	201		865,70	0,26	1100	0,411952875	NA	NA	NA	NA	NA	NA	NA	NA	NA	NA	NA	NA	NA	NA	NA	NA	NA	NA	NA	NA	1600	0,01	0,23	0,06	0,02	0,001	0,001	0,002	0,599204182	3,67961E-06	8,65054E-05	2,238E-05	7,40616E-06	3,70308E-07	3,65884E-07	7,31768E-07	0,001	0,001	0,002	0,001	0,001		0,002	0,001	0,001	1600,324	0,324	0,599325621	0,000121439	1600	1600	35	2.5	2.5	1600	2.466		77	0.03	0.01	0.075	81,09181761	81,09181761	24	0,429722471	0,429722471	105,0918176	1,881679814	1,881679814	81,09181761	81,09181761	105,0918176	1,881679814	1,881679814	4,2	0,07646095	0,152921901	24,60968385	12,30484193	109,2918176	2,034601715	28	1.7	1	0,017	0,000274194	0,001370968	139,5	99,64	11,61773891	139,5	99,64	11,61773891	11,61773891	0,5	0,00520508	0,041640641	0,043011609	13,65	0,011201149	0,137828367	0,850970484	13,65	13,7828367	1,120114893	85,09704841	2.33	22.7	-122	7.11	1026	0.1	0.01	-12,98	-12,98	-12,98	-12,98
CW_158	CW_158	CW3MF02_6_August_2025	S9287	Section_1	CW_3	CW_3_Section_1	CW_3_MF02	MF02	Wetland	CW3S1-3-4	0.60-0.80	0.60-0.80	515F806R	CW3MF02_6	True Sample	T6	T6_0.60-0.80	2025-08-13	Summer	150	65	6,1	158	14350115-007	CW3_MF02	14/08/2025	9,6	10	130	0,049929586	4,9	0,001914478	170	0,067250636	36	0,014241311	16	0,006329472	52		356,90	0,12	340	0,127330889	NA	NA	NA	NA	NA	NA	NA	NA	NA	NA	NA	NA	NA	NA	NA	NA	NA	NA	NA	NA	120	5,5	160	30	18	4	1,4	1,4	0,044940314	0,002023786	0,06017768	0,011189989	0,006665545	0,001481232	0,000512237	0,000512237	0,02	0,001	0,002	0,001	0,001		0,002	0,001	0,001	340,3	220,3	0,12750302	0,082562706	340	850	1200	2.5	2.5	2100	697		66	0.03	0.01	0.075	17,43910056	17,43910056	0,4	0,007162041	0,007162041	17,83910056	0,319410932	0,319410932	17,43910056	17,43910056	17,83910056	0,319410932	0,319410932	1,1	0,020025487	0,040050974	15,95022046	7,975110229	18,93910056	0,359461906	26	0.8	1	0,017	0,000274194	0,001370968	30	21,43	2,498438476	30	21,43	2,498438476	2,498438476	110	1,145117635	9,160941078	9,162312046	2,86	0,014014125	0,111764194	0,874221681	2,86	11,17641938	1,401412527	87,42216809	0.77	22.4	-245	7.44	988	0.2	0.01	-2,61	-2,53	-2,61	-2,53
CW_159	CW_159	CW3MF05_6_August_2025	S9288	Section_2	CW_3	CW_3_Section_2	CW_3_MF05	MF05	Wetland	CW3S2-1	0.15-0.30	0.15-0.30	515F806R	CW3MF05_6	True Sample	T6	T6_0.15-0.30	2025-08-13	Summer	150	65	21,8	159	14373702-001	CW3MF05	14/08/2025	6,3	7,1	300	0,115222123	2,9	0,001133058	57	0,022548743	17	0,006725064	5,6	0,002215315	22,6		382,50	0,14	57	0,021346649																					7,6	0,01	19	4,9	2,6	2,2	1,1	0,97	0,00284622	3,67961E-06	0,007146099	0,001827698	0,000962801	0,000814678	0,000402472	0,000354907	0,06	0,06	0,02	0,01	0,03		0,002	0,01	0,01	38,38	30,78	0,014358555	0,011512335	38	180	340	2.5	2.5	520	421		79	0.03	0.01	0.075	43,01644805	43,01644805	1,6	0,028648165	0,028648165	44,61644805	0,798862096	0,798862096	-38,07536956		1,6	0,028648165	0,028648165	1,5	0,027307482	0,054614965	29,25432995	14,62716498	46,11644805	0,85347706	34	0,41	1	0,017	0,000274194	0,001370968	74	52,86	6,162814907	-65,5	-13100,00	-5,454924006		66	0,687070581	5,496564647	5,497935615	7,02	0,007784021	0,11385816	0,878357819	0,08	34,40678364	65,59321636	0	4,61	12,2	-4,9	6,91	688	0.1	0.01	-6,86	-6,84	0,08	0,09
CW_160	CW_160	CW3MF06_6_August_2025	S9289	Section_2	CW_3	CW_3_Section_2	CW_3_MF06	MF06	Wetland	CW3S2-3-4	0.60-0.80	0.60-0.80	515F806R	CW3MF06_6	True Sample	T6	T6_0.60-0.80	2025-08-13	Summer	150	65	6,7	160	14350115-008	CW3_MF06	14/08/2025	0,8	1,1	4,6	0,001766739	0,02	7,8142E-06	3,8	0,00150325	1,5	0,000593388	0,8	0,000316474	2,3		10,84	0,00	11	0,004119529	NA	NA	NA	NA	NA	NA	NA	NA	NA	NA	NA	NA	NA	NA	NA	NA	NA	NA	NA	NA	2,9	0,01	0,11	0,005	0,001	0,001	0,001	0,002	0,001086058	3,67961E-06	4,13722E-05	1,865E-06	3,70308E-07	3,70308E-07	3,65884E-07	7,31768E-07	0,001	0,001	0,002	0,001	0,001		0,002	0,001	0,001	3,03	0,13	0,001134813	4,8755E-05	3	2.5	2.5	2.5	2.5	5	14		76	0.03	0.01	0.075	54,64251509	54,64251509	3,8	0,068039391	0,068039391	58,44251509	1,04641925	1,04641925	37,20341453	37,20341453	41,00341453	0,734170359	0,734170359	5,9	0,10740943	0,21481886	9,742340574	4,871170287	64,34251509	1,26123811	0.2	0.015	1	0,017	0,000274194	0,001370968	94	67,14	7,828440558	64	58,18	5,330002082	5,330002082	46	0,478867375	3,830938996	3,832309964	9,09	0,023633273	0,115121699	0,861245028	6,28	11,69248886	3,421232011	84,88627912	3.89	22.8	-144	7.08	1088	0.2	0.01	-9,08	-9,08	-6,27	-6,27
CW_161	CW_161	CW3MF09_6_August_2025	S9290	Section_3	CW_3	CW_3_Section_3	CW_3_MF09	MF09	Wetland	CW3S3-1	0.15-0.30	0.15-0.30	515F806R	CW3MF09_6	True Sample	T6	T6_0.15-0.30	2025-08-13	Summer	150	65	5,5	161	14350727-004	CW3_MF09	15/08/2025	9,2	9,7	130	0,049929586	3,7	0,001445626	180	0,071206556	22	0,008703023	2,5	0,00098898	24,5		338,20	0,12	170	0,063665444	NA	NA	NA	NA	NA	NA	NA	NA	NA	NA	NA	NA	NA	NA	NA	NA	NA	NA	NA	NA	210	1,9	360	74	52	3,4	0,56	0,41	0,078645549	0,000699126	0,13539978	0,027601973	0,019256018	0,001259047	0,000204895	0,000150012	0,001	0,001	0,002	0,001	0,001		0,002	0,001	0,001	702,27	492,27	0,2632164	0,184570851	700	500	960	2.5	2.5	1500	1.038		68	0.03	0.01	0.075	17,43910056	17,43910056	0,3	0,005371531	0,005371531	17,73910056	0,317620422	0,317620422	-25,57734749		0,3	0,005371531	0,005371531	1,1	0,020025487	0,040050974	15,86080889	7,930404443	18,83910056	0,357671396	24	0.81	1	0,017	0,000274194	0,001370968	30	21,43	2,498438476	-44	-66,67	-3,664376431		110	1,145117635	9,160941078	9,162312046	2,86	0,014022911	0,111207354	0,874769735	0,05	11,82570381	88,17429619	0	1.89	22.7	-114	7.22	1614	0.2	0.01	-2,67	-2,49	0,14	0,33
CW_162	CW_162	CW3MF10_6_August_2025	S9291	Section_3	CW_3	CW_3_Section_3	CW_3_MF10	MF10	Wetland	CW3S3-3-4	0.60-0.80	0.60-0.80	515F806R	CW3MF10_6	True Sample	T6	T6_0.60-0.80	2025-08-13	Summer	150	65	20,5	162	14350727-005	CW3_MF10	15/08/2025	30	29	240	0,092177698	3,1	0,0012112	43	0,017010455	37	0,014636903	17	0,006725064	54		340,10	0,11	47	0,017601623	NA	NA	NA	NA	NA	NA	NA	NA	NA	NA	NA	NA	NA	NA	NA	NA	NA	NA	NA	NA	75	0,01	0,01	0,005	0,001	0,001	0,001	0,002	0,028087696	3,67961E-06	3,7611E-06	1,865E-06	3,70308E-07	3,70308E-07	3,65884E-07	7,31768E-07	0,001	0,001	0,002	0,001	0,001		0,002	0,001	0,001	75,03	0,03	0,02809884	1,1144E-05	75	65	2.5	2.5	2.5	75	415		81	0.03	0.01	0.075	81,09181761	81,09181761	30	0,537153089	0,537153089	111,0918176	1,989110432	1,989110432	26,44930252	26,44930252	56,44930252	1,010730573	1,010730573	7,9	0,143819407	0,287638813	13,83061215	6,915306077	118,9918176	2,276749245	46	1.2	1	0,017	0,000274194	0,001370968	139,5	99,64	11,61773891	45,5	98,91	3,789298355	3,789298355	0,5	0,00520508	0,041640641	0,043011609	13,89	0,020701649	0,143158237	0,836140114	5,09	19,866285	5,653647755	74,48006725	1.89	22.8	-189	7.33	965	0.2	0.01	-13,77	-13,77	-4,96	-4,96
CW_163	CW_163	CWinf_7_October_2025	S9456	Section_0	CW_0	CW_0_Section_0	CW_0_INF	INF	INF	NA	NA	INF	515F806R	CWinf_7	True Sample	T7	T7_INF	2025-10-27	Autumn	150	65	9,85	163	14392159-001	INFLOW	27/10/2025	12	14	520	0,199718346	81	0,031647493	660	0,261090704	260	0,102853914	440	0,174060469	700		1961,00	0,49	3700	1,385659671	NA	NA	NA	NA	NA	NA	NA	NA	NA	NA	NA	NA	NA	NA	NA	NA	NA	NA	NA	NA	8200	68	400	120	120	21	13	14	3,070921432	0,025021355	0,150444199	0,044759957	0,044436963	0,007776469	0,004756489	0,005122373	0,91	0,89	0,26	0,13	0,33		0,002	0,07	0,06	8956	756	3,353239238	0,282317806	9000	8200	2500	2.5	2.5	11000	10.961		76	0.03	0.01	0.075	0	0	0,02	0,000358102	0,000358102	0,02	0,000358102	0,000358102	0	0	0,02	0,000358102	0,000358102	0,05	0,000910249	0,001820499	0,393410922	0,196705461	0,07	0,002178601	NA	0.9	1	0,017	0,000274194	0,001370968	0	0,00	0	0	0,00	0	0	25	0,260254008	2,082032063	2,083403031	0,00	0,835627506	0,164372494	0	0,00	16,43724939	83,56275061	0	NA	NA	NA	NA	NA	NA	0.1	1,88	2,16	1,88	2,16
CW_164	CW_164	CW1eff_7_October_2025	S9457	Section_5	CW_1	CW_1_Section_5	CW_1_EFF	EFF	EFF	NA	NA	EFF	515F806R	CW1eff_7	True Sample	T7	T7_EFF	2025-10-27	Autumn	150	65	12,25	164	14393656-001	CW1_OUT	29/10/2025	9,1	9,4	26	0,009985917	0,4	0,000156284	6,3	0,002492229	1,6	0,000632947	0,31	0,000122634	1,91		34,61	0,01	6,5	0,002434267	NA	NA	NA	NA	NA	NA	NA	NA	NA	NA	NA	NA	NA	NA	NA	NA	NA	NA	NA	NA	0,02	0,17	6,5	1,4	0,42	0,06	0,001	0,002	7,49005E-06	6,25534E-05	0,002444718	0,000522199	0,000155529	2,22185E-05	3,65884E-07	7,31768E-07	0,001	0,001	0,002	0,001	0,001		0,002	0,001	0,001	8,573	8,553	0,003215807	0,003208317	8,6	2.5	2.5	2.5	2.5	5	43		58	0.03	0.01	0.075	14,24193213	14,24193213	4,8	0,085944494	0,085944494	19,04193213	0,340947755	0,340947755	33,42494274	33,42494274	38,22494274	0,684421535	0,684421535	1,5	0,027307482	0,054614965	12,48550679	6,242753397	20,54193213	0,39556272	NA	0.23	1	0,017	0,000274194	0,001370968	24,5	98,00	2,040391422	57,5	99,14	4,788673746	4,788673746	0,5	0,00520508	0,041640641	0,043011609	2,44	0,022420358	0,139964768	0,837614874	5,53	12,38164638	0,988021479	86,63033215	4.28	11	-123	7.3	487	0.2	0.01	-2,42	-2,42	-5,51	-5,51
CW_165	CW_165	CW2eff_7_October_2025	S9458	Section_5	CW_2	CW_2_Section_5	CW_2_EFF	EFF	EFF	NA	NA	EFF	515F806R	CW2eff_7	True Sample	T7	T7_EFF	2025-10-27	Autumn	150	65	16,4	165	14393656-002	CW2_OUT	29/10/2025	9,7	10	36	0,013826655	7,2	0,00281311	43	0,017010455	12	0,004747104	6,9	0,002729585	18,9		105,10	0,03	370	0,138565967	NA	NA	NA	NA	NA	NA	NA	NA	NA	NA	NA	NA	NA	NA	NA	NA	NA	NA	NA	NA	460	2,7	65	14	7,4	1,2	0,12	0,08	0,172271202	0,000993495	0,024447182	0,005221995	0,002740279	0,00044437	4,39061E-05	2,92707E-05	0,001	0,001	0,002	0,001	0,001		0,002	0,001	0,001	550,5	90,5	0,2061917	0,033920498	550	2.5	2.5	2.5	2.5	5	655		59	0.03	0.01	0.075	14,24193213	14,24193213	6,5	0,116383169	0,116383169	20,74193213	0,37138643	0,37138643	3,429689777	3,429689777	9,929689777	0,177792118	0,177792118	2,9	0,052794466	0,105588931	7,034571245	3,517285622	23,64193213	0,476975362	NA	0.54	1	0,017	0,000274194	0,001370968	24,5	98,00	2,040391422	5,9	92,19	0,491359567	0,491359567	0,5	0,00520508	0,041640641	0,043011609	2,52	0,041944198	0,147529725	0,810526076	0,77	22,94859906	13,6289397	63,42246124	6.22	12	-85	7	832	0.2	0.01	-2,35	-2,31	-0,60	-0,57
CW_166	CW_166	CW3eff_7_October_2025	S9459	Section_5	CW_3	CW_3_Section_5	CW_3_EFF	EFF	EFF	NA	NA	EFF	515F806R	CW3eff_7	True Sample	T7	T7_EFF	2025-10-27	Autumn	150	65	11,9	166	14393656-005	CW3_OUT	29/10/2025	7,2	8,2	54	0,020739982	5,8	0,002266117	36	0,014241311	14	0,005538288	17	0,006725064	31		126,80	0,04	52	0,019474136	NA	NA	NA	NA	NA	NA	NA	NA	NA	NA	NA	NA	NA	NA	NA	NA	NA	NA	NA	NA	33	0,35	14	3,5	2,7	0,5	0,06	0,04	0,012358586	0,000128786	0,005265547	0,001305499	0,000999832	0,000185154	2,1953E-05	1,46354E-05	0,001	0,001	0,002	0,001	0,001		0,002	0,001	0,001	54,15	21,15	0,020279992	0,007921406	54	95	75	2.5	2.5	170	181		49	0.03	0.01	0.075	7,556943577	7,556943577	1	0,017905103	0,017905103	8,556943577	0,153212956	0,153212956	25,57734749	25,57734749	26,57734749	0,475870143	0,475870143	1,1	0,020025487	0,040050974	7,650897871	3,825448935	9,656943577	0,19326393	NA	0.26	1	0,017	0,000274194	0,001370968	13	52,00	1,082656673	44	78,57	3,664376431	3,664376431	12	0,124921924	0,99937539	1,000746358	1,28	0,031389864	0,120080321	0,848529815	4,18	11,38364285	0,958089071	87,65826808	0.48	11	-121	7.2	472	0.2	0.01	-1,22	-1,21	-4,12	-4,12
CW_167	CW_167	CW1MF01_7_October_2025	S9460	Section_1	CW_1	CW_1_Section_1	CW_1_MF01	MF01	Wetland	CW1S1-1	0.15-0.30	0.15-0.30	515F806R	CW1MF01_7	True Sample	T7	T7_0.15-0.30	2025-10-27	Autumn	150	65	8,75	167	14392180-001	CW1_MF01	27/10/2025	10	11	480	0,184355396	0,1	3,9071E-05	27	0,010680983	5,1	0,002017519	0,2	7,91184E-05	6,5		514,20	0,20	280	0,104860732	NA	NA	NA	NA	NA	NA	NA	NA	NA	NA	NA	NA	NA	NA	NA	NA	NA	NA	NA	NA	4	2	44	0,43	0,11	0,02	0,01	0,002	0,00149801	0,000735922	0,016548862	0,00016039	4,07339E-05	7,40616E-06	3,65884E-06	7,31768E-07	0,001	0,001	0,002	0,001	0,001		0,002	0,001	0,001	50,572	46,572	0,018995715	0,017497705	51	730	310	2.5	2.5	1000	565		69	0.03	0.01	0.075	-6,394336873	0	0,8	0,014324082	0,014324082	0,8	0,014324082	0,014324082	-6,394336873		0,8	0,014324082	0,014324082	0,7	0,012743492	0,025486983	1,124031206	0,562015603	1,5	0,039811066	NA	0.57	1	0,017	0,000274194	0,001370968	-11	-44,00	-0,916094108	-11	-44,00	-0,916094108		36	0,374765771	2,998126171	2,999497139	-0,88	-0,029085332	-0,016346411	1,045431743	0,04	35,98015295	64,01984705	0	3.17	10	-192	7.4	796	0.1	0.01	1,18	1,19	0,26	0,28
CW_168	CW_168	CW1MF02_7_October_2025	S9461	Section_1	CW_1	CW_1_Section_1	CW_1_MF02	MF02	Wetland	CW1S1-3-4	0.60-0.80	0.60-0.80	515F806R	CW1MF02_7	True Sample	T7	T7_0.60-0.80	2025-10-27	Autumn	150	65	4,15	168	14392180-002	CW1_MF02	27/10/2025	10	11	750	0,288055307	95	0,03711743	590	0,233399265	240	0,094942074	320	0,126589432	560		1995,00	0,56	1500	0,561753921	NA	NA	NA	NA	NA	NA	NA	NA	NA	NA	NA	NA	NA	NA	NA	NA	NA	NA	NA	NA	1700	3,9	140	35	31	5,4	1,1	1	0,636654443	0,001435048	0,05265547	0,013054987	0,011479549	0,001999663	0,000402472	0,000365884	0,02	0,02	0,002	0,01	0,03		0,002	0,02	0,001	1917,4	217,4	0,718047517	0,081393074	2000	2100	780	2.5	2.5	2900	3.995		74	0.03	0.01	0.075	0,581303352	0,581303352	0,5	0,008952551	0,008952551	1,081303352	0,019360848	0,019360848	0,581303352	0,581303352	1,081303352	0,019360848	0,019360848	1	0,018204988	0,036409976	1,063491372	0,531745686	2,081303352	0,055770824	NA	0.72	1	0,017	0,000274194	0,001370968	1	4,00	0,083281283	1	4,00	0,083281283	0,083281283	24	0,249843848	1,998750781	2,000121749	0,14	0,261844119	0,139234481	0,598921401	0,14	13,92344805	26,18441187	59,89214008	0.72	11	-244	7.6	812	0.2	0.3	0,98	1,06	0,98	1,06
CW_169	CW_169	CW1MF05_7_October_2025	S9462	Section_2	CW_1	CW_1_Section_2	CW_1_MF05	MF05	Wetland	CW1S2-1	0.15-0.30	0.15-0.30	515F806R	CW1MF05_7	True Sample	T7	T7_0.15-0.30	2025-10-27	Autumn	150	65	4,45	169	14392180-003	CW1_MF05	27/10/2025	10	11	260	0,099859173	0,5	0,000195355	220	0,087030235	19	0,007516248	1	0,000395592	26		509,50	0,19	1700	0,636654443	NA	NA	NA	NA	NA	NA	NA	NA	NA	NA	NA	NA	NA	NA	NA	NA	NA	NA	NA	NA	11	3	2,2	0,1	0,09	0,01	0,01	0,002	0,004119529	0,001103883	0,000827443	3,73E-05	3,33277E-05	3,70308E-06	3,65884E-06	7,31768E-07	0,001	0,001	0,002	0,001	0,001		0,002	0,001	0,001	16,412	5,412	0,006129577	0,002010048	16	2300	130	2.5	2.5	2500	526		74	0.03	0.01	0.075	2,90651676	2,90651676	4,5	0,080572963	0,080572963	7,40651676	0,132614445	0,132614445	9,300853633	9,300853633	13,80085363	0,247105705	0,247105705	1,6	0,029127981	0,058255962	4,552819669	2,276409835	9,00651676	0,190870407	NA	1.1	1	0,017	0,000274194	0,001370968	5	20,00	0,416406413	16	44,44	1,332500521	1,332500521	20	0,208203206	1,665625651	1,666996618	0,61	0,09592983	0,218375609	0,685694561	1,64	15,08708773	3,556829297	81,35608297	4.4	10	-178	7.4	718	0.1	0.01	0,22	0,22	-0,81	-0,81
CW_170	CW_170	CW1MF06_7_October_2025	S9463	Section_2	CW_1	CW_1_Section_2	CW_1_MF06	MF06	Wetland	CW1S2-3-4	0.60-0.80	0.60-0.80	515F806R	CW1MF06_7	True Sample	T7	T7_0.60-0.80	2025-10-27	Autumn	150	65	4,45	170	14392180-004	CW1_MF06	27/10/2025	11	11	610	0,234284983	41	0,016019101	230	0,090986154	82	0,032438542	94	0,037185646	176		1057,00	0,34	200	0,074900523	NA	NA	NA	NA	NA	NA	NA	NA	NA	NA	NA	NA	NA	NA	NA	NA	NA	NA	NA	NA	56	3,2	52	11	6,5	2,6	0,08	0,04	0,020972146	0,001177476	0,019557746	0,004102996	0,002407002	0,000962801	2,92707E-05	1,46354E-05	0,001	0,001	0,002	0,001	0,001		0,002	0,001	0,001	131,42	75,42	0,049224073	0,028251927	130	600	690	2.5	2.5	1300	1.187		72	0.03	0.01	0.075	-4,069123465	0	0,8	0,014324082	0,014324082	0,8	0,014324082	0,014324082	-4,650426817		0,8	0,014324082	0,014324082	1,5	0,027307482	0,054614965	0,524547896	0,262273948	2,3	0,068939047	NA	0.74	1	0,017	0,000274194	0,001370968	-7	-28,00	-0,582968978	-8	-33,33	-0,66625026		32	0,33312513	2,665001041	2,666372009	-0,51	-0,106248608	-0,027866242	1,13411485	0,07	20,77789441	79,22210559	0	0.87	11	-220	7.5	761	0.2	0.01	0,93	0,96	0,35	0,38
CW_171	CW_171	CW1MF09_7_October_2025	S9464	Section_3	CW_1	CW_1_Section_3	CW_1_MF09	MF09	Wetland	CW1S3-1	0.15-0.30	0.15-0.30	515F806R	CW1MF09_7	True Sample	T7	T7_0.15-0.30	2025-10-27	Autumn	150	65	5,75	171	14392180-005	CW1_MF09	27/10/2025	11	12	74	0,028421457	0,5	0,000195355	240	0,094942074	37	0,014636903	13	0,005142696	50		367,50	0,12	1800	0,674104705	NA	NA	NA	NA	NA	NA	NA	NA	NA	NA	NA	NA	NA	NA	NA	NA	NA	NA	NA	NA	1700	2,4	3,4	0,2	0,12	0,02	0,01	0,002	0,636654443	0,000883107	0,001278776	7,45999E-05	4,4437E-05	7,40616E-06	3,65884E-06	7,31768E-07	0,001	0,001	0,002	0,001	0,001		0,002	0,001	0,001	1706,152	6,152	0,638947159	0,002292716	1700	2500	100	2.5	2.5	2600	2.068		66	0.03	0.01	0.075	11,62606704	11,62606704	9,7	0,173679499	0,173679499	21,32606704	0,381845426	0,381845426	8,719550281	8,719550281	18,41955028	0,329803944	0,329803944	2,2	0,040050974	0,080101948	9,533986023	4,766993011	23,52606704	0,461947374	NA	0.66	1	0,017	0,000274194	0,001370968	20	80,00	1,665625651	15	75,00	1,249219238	1,249219238	5	0,052050802	0,416406413	0,41777738	2,13	0,037649447	0,179474651	0,782875902	1,66	19,87818388	4,827963032	75,29385309	5.35	12	-116	7.3	66	0.1	0.01	-1,33	-1,33	-0,86	-0,86
CW_172	CW_172	CW1MF10_7_October_2025	S9465	Section_3	CW_1	CW_1_Section_3	CW_1_MF10	MF10	Wetland	CW1S3-3-4	0.60-0.80	0.60-0.80	515F806R	CW1MF10_7	True Sample	T7	T7_0.60-0.80	2025-10-27	Autumn	150	65	5,7	172	14392180-006	CW1_MF10	27/10/2025	9,9	11	600	0,230444245	1,9	0,000742349	59	0,023339927	9,6	0,003797683	2,7	0,001068098	12,3		673,20	0,25	48	0,017976125	NA	NA	NA	NA	NA	NA	NA	NA	NA	NA	NA	NA	NA	NA	NA	NA	NA	NA	NA	NA	17	2,1	57	13	4,3	1,8	0,06	0,03	0,006366544	0,000772718	0,021438298	0,004848995	0,001592325	0,000666554	2,1953E-05	1,09765E-05	0,001	0,001	0,002	0,001	0,001		0,002	0,001	0,001	95,29	78,29	0,035718365	0,029351821	96	380	790	2.5	2.5	1200	769		70	0.03	0.01	0.075	-19,18301062	0	0,7	0,012533572	0,012533572	0,7	0,012533572	0,012533572	-15,11388715		0,7	0,012533572	0,012533572	1,6	0,029127981	0,058255962	0,430293196	0,215146598	2,3	0,070789534	NA	0.41	1	0,017	0,000274194	0,001370968	-33	-132,00	-2,748282324	-26	-81,25	-2,165313346		58	0,603789298	4,830314387	4,831685355	-2,68	-0,021757654	-0,004681085	1,026438739	0,07	17,70540266	82,29459734	0	1.13	12	-224	7.7	703	0.2	0.01	2,95	2,98	0,20	0,23
CW_173	CW_173	CW2MF01_7_October_2025	S9466	Section_1	CW_2	CW_2_Section_1	CW_2_MF01	MF01	Wetland	CW2S1-1	0.15-0.30	0.15-0.30	515F806R	CW2MF01_7	True Sample	T7	T7_0.15-0.30	2025-10-27	Autumn	150	65	6,7	173	14392839-001	CW2_MF01	28/10/2025	5,4	5,7	110	0,042248112	3	0,001172129	3,3	0,001305454	16	0,006329472	5,5	0,002175756	21,5		137,80	0,04	8,3	0,003108372	NA	NA	NA	NA	NA	NA	NA	NA	NA	NA	NA	NA	NA	NA	NA	NA	NA	NA	NA	NA	7,4	2,3	6,1	6,2	0,67	0,04	0,001	0,002	0,002771319	0,000846311	0,002294274	0,002312598	0,000248106	1,48123E-05	3,65884E-07	7,31768E-07	0,001	0,001	0,002	0,001	0,001		0,002	0,001	0,001	22,713	15,313	0,008488518	0,005717199	23	25	85	2.5	2.5	110	161		55	0.03	0.01	0.075	-2,90651676	0	0,7	0,012533572	0,012533572	0,7	0,012533572	0,012533572	-2,90651676		0,7	0,012533572	0,012533572	0,05	0,000910249	0,001820499	13,76938227	6,884691137	0,75	0,014354071	NA	0.015	1	0,017	0,000274194	0,001370968	-5	-20,00	-0,416406413	-5	-20,00	-0,416406413		30	0,312304809	2,498438476	2,499809444	-0,40	-0,004528014	-0,031173981	1,035701995	0,01	87,31719502	12,68280498	0	2.56	12	-218	7.7	468	0.1	0.01	0,45	0,46	0,03	0,04
CW_174	CW_174	CW2MF02_7_October_2025	S9467	Section_1	CW_2	CW_2_Section_1	CW_2_MF02	MF02	Wetland	CW2S1-3-4	0.60-0.80	0.60-0.80	515F806R	CW2MF02_7	True Sample	T7	T7_0.60-0.80	2025-10-27	Autumn	150	65	6,75	174	14392839-002	CW2_MF02	28/10/2025	8,1	7,7	350	0,13442581	42	0,016409811	200	0,079118395	96	0,03797683	130	0,051426957	226		818,00	0,23	800	0,299602091	NA	NA	NA	NA	NA	NA	NA	NA	NA	NA	NA	NA	NA	NA	NA	NA	NA	NA	NA	NA	660	2	2	1	1,5	0,26	0,02	0,02	0,247171725	0,000735922	0,000752221	0,000373	0,000555462	9,62801E-05	7,31768E-06	7,31768E-06	0,001	0,001	0,002	0,001	0,001		0,002	0,001	0,001	666,8	6,8	0,249699245	0,00252752	660	1700	200	2.5	2.5	1900	1.478		67	0.03	0.01	0.075	1,162606704	1,162606704	2	0,035810206	0,035810206	3,162606704	0,056626799	0,056626799	1,162606704	1,162606704	3,162606704	0,056626799	0,056626799	1,4	0,025486983	0,050973967	2,221792892	1,110896446	4,562606704	0,107600766	NA	0.49	1	0,017	0,000274194	0,001370968	2	8,00	0,166562565	2	8,00	0,166562565	0,166562565	23	0,239433687	1,915469498	1,916840466	0,27	0,185925546	0,206544028	0,607530426	0,27	20,65440281	18,59255458	60,75304262	1.41	13	-129	7.6	663	0.2	0.01	0,26	0,26	0,26	0,26
CW_175	CW_175	CW2MF05_7_October_2025	S9468	Section_2	CW_2	CW_2_Section_2	CW_2_MF05	MF05	Wetland	CW2S2-1	0.15-0.30	0.15-0.30	515F806R	CW2MF05_7	True Sample	T7	T7_0.15-0.30	2025-10-27	Autumn	150	65	42,2	175	14392839-003	CW2_MF05	28/10/2025	10	11	2,8	0,001075406	0,59	0,000230519	4,7	0,001859282	1,2	0,00047471	0,58	0,000229443	1,78		9,87	0,00	20	0,007490052	NA	NA	NA	NA	NA	NA	NA	NA	NA	NA	NA	NA	NA	NA	NA	NA	NA	NA	NA	NA	19	0,01	0,14	0,005	0,001	0,001	0,001	0,002	0,00711555	3,67961E-06	5,26555E-05	1,865E-06	3,70308E-07	3,70308E-07	3,65884E-07	7,31768E-07	0,001	0,001	0,002	0,001	0,001		0,002	0,001	0,001	19,16	0,16	0,007175588	6,00383E-05	19	30	2.5	2.5	2.5	50	29		42	0.03	0.01	0.075	10,46346034	10,46346034	8,2	0,146821844	0,146821844	18,66346034	0,334171179	0,334171179	13,3699771	13,3699771	21,5699771	0,386212661	0,386212661	2,3	0,041871473	0,083742946	7,980879501	3,990439751	20,96346034	0,417914124	NA	1.5	1	0,017	0,000274194	0,001370968	18	72,00	1,499063086	23	76,67	1,915469498	1,915469498	7	0,072871122	0,582968978	0,584339945	1,92	0,043684894	0,174321936	0,78199317	2,39	16,19051715	3,510608881	80,29887397	1.99	12	-90	7.2	563	0.1	0.01	-1,91	-1,91	-2,37	-2,37
CW_176	CW_176	CW2MF06_7_October_2025	S9469	Section_2	CW_2	CW_2_Section_2	CW_2_MF06	MF06	Wetland	CW2S2-3-4	0.60-0.80	0.60-0.80	515F806R	CW2MF06_7	True Sample	T7	T7_0.60-0.80	2025-10-27	Autumn	150	65	6,05	176	14392839-004	CW2_MF06	28/10/2025	6	6,2	140	0,053770324	14	0,005469937	63	0,024922294	29	0,011472167	22	0,008703023	51		268,00	0,08	220	0,082390575	NA	NA	NA	NA	NA	NA	NA	NA	NA	NA	NA	NA	NA	NA	NA	NA	NA	NA	NA	NA	59	7,3	3,9	0,13	3,8	0,51	0,05	0,03	0,022095654	0,002686116	0,001466831	4,849E-05	0,001407171	0,000188857	1,82942E-05	1,09765E-05	0,001	0,001	0,002	0,001	0,001		0,002	0,001	0,001	74,72	15,72	0,027922389	0,005826735	74	410	160	2.5	2.5	570	342		55	0.03	0.01	0.075	3,487820112	3,487820112	3,4	0,06087735	0,06087735	6,887820112	0,123327128	0,123327128	2,325213408	2,325213408	5,725213408	0,102510536	0,102510536	1,6	0,029127981	0,058255962	4,233974472	2,116987236	8,487820112	0,18158309	NA	0.27	1	0,017	0,000274194	0,001370968	6	24,00	0,499687695	4	17,39	0,33312513	0,33312513	19	0,197793046	1,582344368	1,583715336	0,68	0,08551073	0,181025124	0,733464146	0,49	20,75567387	11,7952925	67,44903363	0.95	12	-230	7.2	500	0.2	0.01	-0,51	-0,51	-0,33	-0,32
CW_177	CW_177	CW2MF09_7_October_2025	S9470	Section_3	CW_2	CW_2_Section_3	CW_2_MF09	MF09	Wetland	CW2S3-1	0.15-0.30	0.15-0.30	515F806R	CW2MF09_7	True Sample	T7	T7_0.15-0.30	2025-10-27	Autumn	150	65	8,7	177	14393656-003	CW2_MF09	29/10/2025	8,2	8,3	110	0,042248112	1,4	0,000546994	81	0,03204295	19	0,007516248	15	0,00593388	34		226,40	0,07	470	0,176016228	NA	NA	NA	NA	NA	NA	NA	NA	NA	NA	NA	NA	NA	NA	NA	NA	NA	NA	NA	NA	55	1	44	9,8	3,1	0,1	0,1	0,2	0,020597644	0,000367961	0,016548862	0,003655396	0,001147955	3,70308E-05	3,65884E-05	7,31768E-05	0,1	0,1	0,2	0,1	0,1		0,2	0,1	0,1	113,3	58,3	0,042464614	0,02186697	110	870	370	2.5	2.5	1200	336		53	0.03	0.01	0.075	14,24193213	14,24193213	11	0,196956132	0,196956132	25,24193213	0,451959393	0,451959393	3,778471788	3,778471788	14,77847179	0,264610059	0,264610059	3,1	0,056435463	0,112870927	8,008428866	4,004214433	28,34193213	0,56483032	NA	0.25	1	0,017	0,000274194	0,001370968	24,5	98,00	2,040391422	6,5	92,86	0,541328336	0,541328336	0,5	0,00520508	0,041640641	0,043011609	2,61	0,043324883	0,173482121	0,783192996	0,92	28,79923533	12,28447774	58,91628693	0.96	12	-110	7.3	660	0.1	0.01	-2,35	-2,33	-0,67	-0,65
CW_178	CW_178	CW2MF10_7_October_2025	S9471	Section_3	CW_2	CW_2_Section_3	CW_2_MF10	MF10	Wetland	CW2S3-3-4	0.60-0.80	0.60-0.80	515F806R	CW2MF10_7	True Sample	T7	T7_0.60-0.80	2025-10-27	Autumn	150	65	21,55	178	14393656-004	CW2_MF10	29/10/2025	7,5	9,7	1,1	0,000422481	0,32	0,000125027	2,4	0,000949421	1,3	0,00051427	0,91	0,000359989	2,21		6,03	0,00	4,2	0,001572911	NA	NA	NA	NA	NA	NA	NA	NA	NA	NA	NA	NA	NA	NA	NA	NA	NA	NA	NA	NA	0,1	0,01	0,01	0,005	0,001	0,001	0,001	0,002	3,74503E-05	3,67961E-06	3,7611E-06	1,865E-06	3,70308E-07	3,70308E-07	3,65884E-07	7,31768E-07	0,001	0,001	0,002	0,001	0,001		0,002	0,001	0,001	0,13	0,03	4,85942E-05	1,1144E-05	0,042	2.5	2.5	2.5	2.5	5	6		42	0.03	0.01	0.075	10,81224235	10,81224235	2,6	0,046553268	0,046553268	13,41224235	0,24014758	0,24014758	7,324422236	7,324422236	9,924422236	0,177697802	0,177697802	1,2	0,021845986	0,043691972	10,99275548	5,49637774	14,61224235	0,283839552	NA	0.25	1	0,017	0,000274194	0,001370968	18,6	74,40	1,549031855	12,6	66,32	1,04934416	1,04934416	6,4	0,066625026	0,533000208	0,534371176	1,83	0,023837991	0,131022602	0,845139408	1,27	13,98387162	3,438325715	82,57780266	2.14	12	-80	7.4	355	0.2	0.01	-1,83	-1,83	-1,27	-1,27
CW_179	CW_179	CW3MF01_7_October_2025	S9472	Section_1	CW_3	CW_3_Section_1	CW_3_MF01	MF01	Wetland	CW3S1-1	0.15-0.30	0.15-0.30	515F806R	CW3MF01_7	True Sample	T7	T7_0.15-0.30	2025-10-27	Autumn	150	65	12,5	179	14392839-005	CW3_MF01	28/10/2025	11	11	90	0,034566637	0,5	0,000195355	180	0,071206556	51	0,020175191	22	0,008703023	73		346,50	0,11	1100	0,411952875	NA	NA	NA	NA	NA	NA	NA	NA	NA	NA	NA	NA	NA	NA	NA	NA	NA	NA	NA	NA	1600	0,17	0,16	0,005	0,03	0,001	0,001	0,002	0,599204182	6,25534E-05	6,01777E-05	1,865E-06	1,11092E-05	3,70308E-07	3,65884E-07	7,31768E-07	0,001	0,001	0,002	0,001	0,001		0,002	0,001	0,001	1600,369	0,369	0,599341355	0,000137173	1600	2200	2.5	2.5	2.5	2200	1.947		64	0.03	0.01	0.075	14,24193213	14,24193213	17	0,30438675	0,30438675	31,24193213	0,559390011	0,559390011	14,24193213	14,24193213	31,24193213	0,559390011	0,559390011	4,5	0,081922447	0,163844894	6,828287403	3,414143702	35,74193213	0,723234905	NA	1.8	1	0,017	0,000274194	0,001370968	24,5	98,00	2,040391422	24,5	98,00	2,040391422	2,040391422	0,5	0,00520508	0,041640641	0,043011609	2,76	0,059286197	0,202411594	0,738302209	2,76	20,24115944	5,928619652	73,83022091	2.45	12	-135	7.4	660	0.1	0.01	-2,25	-2,25	-2,25	-2,25
CW_180	CW_180	CW3MF02_7_October_2025	S9473	Section_1	CW_3	CW_3_Section_1	CW_3_MF02	MF02	Wetland	CW3S1-3-4	0.60-0.80	0.60-0.80	515F806R	CW3MF02_7	True Sample	T7	T7_0.60-0.80	2025-10-27	Autumn	150	65	6,25	180	14392839-006	CW3_MF02	28/10/2025	9,4	9,8	660	0,25348867	67	0,026177556	410	0,16219271	150	0,059338796	200	0,079118395	350		1487,00	0,44	1300	0,486853398	NA	NA	NA	NA	NA	NA	NA	NA	NA	NA	NA	NA	NA	NA	NA	NA	NA	NA	NA	NA	2800	4	270	62	50	8,6	1,3	1,2	1,048607318	0,001471844	0,101549835	0,023125978	0,018515401	0,003184649	0,000475649	0,000439061	0,03	0,03	0,002	0,001	0,02		0,002	0,001	0,001	3197,1	397,1	1,197369735	0,148762417	3200	2300	920	2.5	2.5	3300	4.687		73	0.03	0.01	0.075	1,743910056	1,743910056	0,4	0,007162041	0,007162041	2,143910056	0,03838693	0,03838693	1,743910056	1,743910056	2,143910056	0,03838693	0,03838693	1,1	0,020025487	0,040050974	1,916903709	0,958451855	3,243910056	0,078437904	NA	0.81	1	0,017	0,000274194	0,001370968	3	12,00	0,249843848	3	12,00	0,249843848	0,249843848	22	0,229023527	1,832188216	1,833559183	0,33	0,122001828	0,116932879	0,761065293	0,33	11,69328787	12,20018284	76,10652928	0.82	13	-224	7.6	700	0.2	0.01	0,60	0,75	0,60	0,75
CW_181	CW_181	CW3MF05_7_October_2025	S9474	Section_2	CW_3	CW_3_Section_2	CW_3_MF05	MF05	Wetland	CW3S2-1	0.15-0.30	0.15-0.30	515F806R	CW3MF05_7	True Sample	T7	T7_0.15-0.30	2025-10-27	Autumn	150	65	8,85	181	14392839-007	CW3_MF05	28/10/2025	0,05	0,5	1,1	0,000422481	0,02	7,8142E-06	3,5	0,001384572	0,65	0,000257135	0,33	0,000130545	0,98		5,72	0,00	23	0,00861356	NA	NA	NA	NA	NA	NA	NA	NA	NA	NA	NA	NA	NA	NA	NA	NA	NA	NA	NA	NA	20	0,01	0,01	0,005	0,001	0,001	0,001	0,002	0,007490052	3,67961E-06	3,7611E-06	1,865E-06	3,70308E-07	3,70308E-07	3,65884E-07	7,31768E-07	0,001	0,001	0,002	0,001	0,001		0,002	0,001	0,001	20,03	0,03	0,007501196	1,1144E-05	20	2.5	2.5	2.5	2.5	5	26		70	0.03	0.01	0.075	-26,15865084	0	3,6	0,064458371	0,064458371	3,6	0,064458371	0,064458371	-40,40058297		3,6	0,064458371	0,064458371	8,7	0,158383397	0,316766794	0,406976816	0,203488408	12,3	0,381225165	NA	0.015	1	0,017	0,000274194	0,001370968	-45	-180,00	-3,747657714	-69,5	-13900,00	-5,788049136		70	0,728711222	5,829689777	5,831060745	-3,37	-0,09409569	-0,019147382	1,113243072	0,38	16,90821504	83,09178496	0	2.54	12	-169	7.3	673	0.1	0.01	3,38	3,38	-0,37	-0,37
CW_182	CW_182	CW3MF06_7_October_2025	S9475	Section_2	CW_3	CW_3_Section_2	CW_3_MF06	MF06	Wetland	CW3S2-3-4	0.60-0.80	0.60-0.80	515F806R	CW3MF06_7	True Sample	T7	T7_0.60-0.80	2025-10-27	Autumn	150	65	8	182	14392839-008	CW3_MF06	28/10/2025	7,9	8,8	620	0,23812572	82	0,032038203	540	0,213619667	230	0,090986154	310	0,122633512	540		1782,00	0,48	1800	0,674104705	NA	NA	NA	NA	NA	NA	NA	NA	NA	NA	NA	NA	NA	NA	NA	NA	NA	NA	NA	NA	2200	4	110	28	26	3,6	1,3	1,4	0,82390575	0,001471844	0,041372155	0,01044399	0,009628009	0,001333109	0,000475649	0,000512237	0,05	0,05	0,002	0,001	0,02		0,002	0,001	0,001	2374,3	174,3	0,889142743	0,065236993	2400	2100	540	25	2.5	2700	4.182		73	0.03	0.01	0.075	2,325213408	2,325213408	0,2	0,003581021	0,003581021	2,525213408	0,045214206	0,045214206	0,581303352	0,581303352	0,781303352	0,013989317	0,013989317	0,9	0,016384489	0,032768979	2,75957371	1,379786855	3,425213408	0,077983185	NA	0.69	1	0,017	0,000274194	0,001370968	4	16,00	0,33312513	1	4,55	0,083281283	0,083281283	21	0,218613367	1,748906933	1,750277901	0,41	0,079708869	0,109981249	0,810309882	0,13	10,75773788	25,19923485	64,04302728	0.55	13	-250	7.7	733	0.2	0.01	0,75	0,81	1,03	1,09
CW_183	CW_183	CW3MF09_7_October_2025	S9476	Section_3	CW_3	CW_3_Section_3	CW_3_MF09	MF09	Wetland	CW3S3-1	0.15-0.30	0.15-0.30	515F806R	CW3MF09_7	True Sample	T7	T7_0.15-0.30	2025-10-27	Autumn	150	65	16	183	14393656-006	CW3_MF09	29/10/2025	21	21	110	0,042248112	1,6	0,000625136	35	0,013845719	25	0,009889799	9,1	0,003599887	34,1		180,70	0,06	100	0,037450261	NA	NA	NA	NA	NA	NA	NA	NA	NA	NA	NA	NA	NA	NA	NA	NA	NA	NA	NA	NA	120	0,01	0,48	0,1	0,02	0,001	0,001	0,002	0,044940314	3,67961E-06	0,000180533	3,73E-05	7,40616E-06	3,70308E-07	3,65884E-07	7,31768E-07	0,001	0,001	0,002	0,001	0,001		0,002	0,001	0,001	120,614	0,614	0,0451707	0,000230387	120	230	2.5	2.5	2.5	230	301		71	0.03	0.01	0.075	14,24193213	14,24193213	37	0,662488809	0,662488809	51,24193213	0,91749207	0,91749207	40,40058297	40,40058297	77,40058297	1,385865407	1,385865407	5,4	0,098306936	0,196613872	9,332933226	4,666466613	56,64193213	1,114105942	NA	1.1	1	0,017	0,000274194	0,001370968	24,5	98,00	2,040391422	69,5	99,29	5,788049136	5,788049136	0,5	0,00520508	0,041640641	0,043011609	3,15	0,062328114	0,290852064	0,646819821	7,37	18,80279579	2,6675682	78,52963601	6.09	12	-113	7.3	831	0.1	0.01	-3,06	-3,06	-7,28	-7,28
CW_184	CW_184	CW3MF10_7_October_2025	S9477	Section_3	CW_3	CW_3_Section_3	CW_3_MF10	MF10	Wetland	CW3S3-3-4	0.60-0.80	0.60-0.80	515F806R	CW3MF10_7	True Sample	T7	T7_0.60-0.80	2025-10-27	Autumn	150	65	5,5	184	14393656-007	CW3_MF10	29/10/2025	8,6	8,9	330	0,126744335	3,1	0,0012112	36	0,014241311	10	0,00395592	2,6	0,001028539	12,6		381,70	0,14	52	0,019474136	NA	NA	NA	NA	NA	NA	NA	NA	NA	NA	NA	NA	NA	NA	NA	NA	NA	NA	NA	NA	70	1,6	110	25	19	3,3	0,41	0,27	0,026215183	0,000588738	0,041372155	0,009324991	0,007035853	0,001222016	0,000150012	9,87886E-05	0,001	0,001	0,002	0,001	0,001		0,002	0,001	0,001	229,58	159,58	0,086007737	0,059792554	230	320	560	2.5	2.5	880	612		65	0.03	0.01	0.075	-18,02040391	0	1,4	0,025067144	0,025067144	1,4	0,025067144	0,025067144	-20,34561732		1,4	0,025067144	0,025067144	2	0,036409976	0,072819953	0,688469114	0,344234557	3,4	0,097887097	NA	0.36	1	0,017	0,000274194	0,001370968	-31	-124,00	-2,581719758	-35	-166,67	-2,914844889	0	56	0,582968978	4,663751822	4,66512279	-2,48	-0,029317576	-0,010092123	1,039409699	0,10	25,60822106	74,39177894	0	0.71	12	-188	7.3	676	0.2	0.01	2,65	2,71	0,06	0,12
CW_185	CW_185	CWinf_8_December_2025	S9822	Section_0	CW_0	CW_0_Section_0	CW_0_INF	INF	INF	NA	NA	INF	515F806R	CWinf_8	True Sample	T8	T8_INF	2025-12-16	Winter	150	65	10,85	185	14424768-001	INFLOW	16/12/2025	15	23	500	0,192036871	210	0,082049056	490	0,193840068	230	0,090986154	320	0,126589432	550		1750,00	0,47	4700	1,760162284	NA	NA	NA	NA	NA	NA	NA	NA	NA	NA	NA	NA	NA	NA	NA	NA	NA	NA	NA	NA	4100	160	180	100	94	18	7,4	8,4	1,535460716	0,058873776	0,06769989	0,037299964	0,034808955	0,006665545	0,00270754	0,003073424	1,3	1,2	0,53	0,19	0,6		0,04	0,14	0,16	4667,8	567,8	1,746589809	0,211129093	4600	9300	5700	450	95	16000	6.350		72	0.03	0.01	0.075	0	0	1,5	0,026857654	0,026857654	1,5	0,026857654	0,026857654	0	0	1,5	0,026857654	0,026857654	0,8	0,014563991	0,029127981	1,844113697	0,922056849	2,3	0,055985635	NA	0.75	1	0,017	0,000274194	0,001370968	0	0,00	0	0	0,00	0	0	72	0,749531543	5,996252342	5,99762331	0,06	0,520275974	0,479724026	0	0,06	47,97240255	52,02759745	0	NA	NA	NA	NA	NA	NA	0.01	2,17	2,38	2,17	2,38
CW_186	CW_186	CW1eff_8_December_2025	S9823	Section_5	CW_1	CW_1_Section_5	CW_1_EFF	EFF	EFF	NA	NA	EFF	515F806R	CW1eff_8	True Sample	T8	T8_EFF	2025-12-16	Winter	150	65	4,45	186	14424776-001	CW1_OUT	16/12/2025	9,7	10	76	0,029189604	2,1	0,000820491	42	0,016614863	13	0,005142696	6,5	0,002571348	19,5		139,60	0,05	65	0,02434267	NA	NA	NA	NA	NA	NA	NA	NA	NA	NA	NA	NA	NA	NA	NA	NA	NA	NA	NA	NA	40	0,45	11	2,8	0,84	0,1	0,02	0,002	0,014980105	0,000165582	0,004137215	0,001044399	0,000311059	3,70308E-05	7,31768E-06	7,31768E-07	0,001	0,001	0,002	0,001	0,001		0,002	0,001	0,001	55,212	15,212	0,020683441	0,005703336	55	110	60	2.5	2.5	170	195		65	0.03	0.01	0.075	41,56318967	41,56318967	9,6	0,171888988	0,171888988	51,16318967	0,916082179	0,916082179	27,61190922	27,61190922	37,21190922	0,666283066	0,666283066	2,4	0,043691972	0,087383943	20,96683086	10,48341543	53,56318967	1,003466122	NA	0.27	1	0,017	0,000274194	0,001370968	71,5	99,31	5,954611701	47,5	98,96	3,95586092	3,95586092	0,5	0,00520508	0,041640641	0,043011609	6,96	0,012558633	0,131657363	0,855784004	4,71	14,14755525	1,855471387	83,99697336	1.05	9	28	7.6	965	0.1	0.01	-6,89	-6,88	-4,64	-4,63
CW_187	CW_187	CW2eff_8_December_2025	S9824	Section_5	CW_2	CW_2_Section_5	CW_2_EFF	EFF	EFF	NA	NA	EFF	515F806R	CW2eff_8	True Sample	T8	T8_EFF	2025-12-16	Winter	150	65	4,30	187	14424776-008	CW2_OUT	16/12/2025	5	5,2	3,1	0,001190629	0,25	9,76774E-05	4	0,001582368	0,93	0,000367901	0,68	0,000269003	1,61		8,96	0,00	19	0,00711555	NA	NA	NA	NA	NA	NA	NA	NA	NA	NA	NA	NA	NA	NA	NA	NA	NA	NA	NA	NA	0,04	0,1	1,9	0,52	0,03	0,02	0,001	0,002	1,49801E-05	3,67961E-05	0,00071461	0,00019396	1,11092E-05	7,40616E-06	3,65884E-07	7,31768E-07	0,001	0,001	0,002	0,001	0,001		0,002	0,001	0,001	2,613	2,573	0,000979959	0,000964979	2,6	2.5	2.5	2.5	2.5	5	12		49	0.03	0.01	1.5	20,92692067	20,92692067	0,6	0,010743062	0,010743062	21,52692067	0,385441731	0,385441731	-0,581303352		0,6	0,010743062	0,010743062	0,05	0,000910249	0,001820499	423,4462856	211,7231428	21,57692067	0,38726223	NA	0.015	20,58823529	0,35	0,005645161	0,028225806	36	50,00	2,998126171	-1	-2,86	-0,083281283		36	0,374765771	2,998126171	3,026351978	3,39	0,000537752	0,113854508	0,88560774	0,01	85,50969048	14,49030952	0	3.46	9	99	7.6	601	0.1	0.01	-3,38	-3,37	0,00	0,00
CW_188	CW_188	CW3eff_8_December_2025	S9825	Section_5	CW_3	CW_3_Section_5	CW_3_EFF	EFF	EFF	NA	NA	EFF	515F806R	CW3eff_8	True Sample	T8	T8_EFF	2025-12-16	Winter	150	65	3,65	188	14426548-001	CW3_OUT	18/12/2025	13	14	5,5	0,002112406	0,71	0,000277404	3	0,001186776	1,3	0,00051427	1,3	0,00051427	2,6		11,81	0,00	21	0,007864555	NA	NA	NA	NA	NA	NA	NA	NA	NA	NA	NA	NA	NA	NA	NA	NA	NA	NA	NA	NA	2400	2	94	22	13	1,9	0,11	0,44	0,898806273	0,000735922	0,035354387	0,008205992	0,004814004	0,000703585	4,02472E-05	0,000160989	0,001	0,001	0,002	0,001	0,001		0,002	0,001	0,001	2533,45	133,45	0,9488214	0,050015127	2500	3500	980	2.5	2.5	4500	2.512		67	0.03	0.01	0.075	16,27649386	16,27649386	1	0,017905103	0,017905103	17,27649386	0,309337401	0,309337401	2,90651676	2,90651676	3,90651676	0,069946585	0,069946585	1,1	0,020025487	0,040050974	15,44718495	7,723592477	18,37649386	0,349388375	NA	0.42	1	0,017	0,000274194	0,001370968	28	38,89	2,331875911	5	10,20	0,416406413	0,416406413	44	0,458047054	3,664376431	3,665747399	2,68	0,014937347	0,115369978	0,869692676	0,53	13,28762483	7,608410297	79,10396488	3.99	10	1120	7.9	1120	0.1	0.01	-2,67	-2,62	-0,51	-0,46
CW_189	CW_189	CW1MF01_8_December_2025	S9826	Section_1	CW_1	CW_1_Section_1	CW_1_MF01	MF01	Wetland	CW1S1-1	0.15-0.30	0.15-0.30	515F806R	CW1MF01_8	True Sample	T8	T8_0.15-0.30	2025-12-16	Winter	150	65	3,90	189	14424776-002	CW1_MF01	16/12/2025	9,7	10	630	0,241966458	47	0,01836336	350	0,138457191	130	0,051426957	110	0,043515117	240		1267,00	0,40	120	0,044940314	NA	NA	NA	NA	NA	NA	NA	NA	NA	NA	NA	NA	NA	NA	NA	NA	NA	NA	NA	NA	85	2,5	70	1,5	0,17	0,03	0,03	0,002	0,031832722	0,000919903	0,026327735	0,000559499	6,29524E-05	1,11092E-05	1,09765E-05	7,31768E-07	0,001	0,001	0,002	0,001	0,001		0,002	0,001	0,001	159,232	74,232	0,059725629	0,027892907	160	620	610	2.5	2.5	1200	1.427		70	0.03	0.01	0.075	20,92692067	20,92692067	1	0,017905103	0,017905103	21,92692067	0,392603772	0,392603772	20,92692067	20,92692067	21,92692067	0,392603772	0,392603772	0,8	0,014563991	0,029127981	26,95715651	13,47857825	22,72692067	0,421731753	NA	0.49	1	0,017	0,000274194	0,001370968	36	50,00	2,998126171	36	50,00	2,998126171	2,998126171	36	0,374765771	2,998126171	2,999497139	3,42	0,008517307	0,114801194	0,876681499	3,42	11,48011937	0,851730736	87,66814989	1.13	9	-83	7.6	1131	0.1	0.01	-2,98	-2,95	-2,98	-2,95
CW_190	CW_190	CW1MF02_8_December_2025	S9827	Section_1	CW_1	CW_1_Section_1	CW_1_MF02	MF02	Wetland	CW1S1-3-4	0.60-0.80	0.60-0.80	515F806R	CW1MF02_8	True Sample	T8	T8_0.60-0.80	2025-12-16	Winter	150	65	2,90	190	14424776-003	CW1_MF02	16/12/2025	10	11	690	0,265010882	130	0,050792273	580	0,229443346	210	0,083074315	290	0,114721673	500		1900,00	0,55	3100	1,160958103	NA	NA	NA	NA	NA	NA	NA	NA	NA	NA	NA	NA	NA	NA	NA	NA	NA	NA	NA	NA	2900	4	140	38	26	0,4	1,1	1	1,08605758	0,001471844	0,05265547	0,014173986	0,009628009	0,000148123	0,000402472	0,000365884	0,02	0,01	0,002	0,001	0,001		0,002	0,001	0,001	3110,5	210,5	1,164903368	0,078845788	3100	6700	1700	2.5	2.5	8300	5.000		72	0.03	0.01	0.075	4,069123465	4,069123465	0,02	0,000358102	0,000358102	4,089123465	0,073216177	0,073216177	4,069123465	4,069123465	4,089123465	0,073216177	0,073216177	0,7	0,012743492	0,025486983	5,745377974	2,872688987	4,789123465	0,09870316	NA	0.72	1	0,017	0,000274194	0,001370968	7	9,72	0,582968978	7	9,72	0,582968978	0,582968978	65	0,676660421	5,413283365	5,414654332	0,68	0,037388918	0,107406732	0,85520435	0,68	10,7406732	3,738891766	85,52043503	1.19	9	-133	7.7	1148	0.1	0.6	1,02	1,10	1,02	1,10
CW_191	CW_191	CW1MF05_8_December_2025	S9828	Section_2	CW_1	CW_1_Section_2	CW_1_MF05	MF05	Wetland	CW1S2-1	0.15-0.30	0.15-0.30	515F806R	CW1MF05_8	True Sample	T8	T8_0.15-0.30	2025-12-16	Winter	150	65	5,25	191	14424776-004	CW1_MF05	16/12/2025	10	10	540	0,207399821	23	0,008986325	67	0,026504662	14	0,005538288	1	0,000395592	21		651,00	0,24	810	0,303347117	NA	NA	NA	NA	NA	NA	NA	NA	NA	NA	NA	NA	NA	NA	NA	NA	NA	NA	NA	NA	1,3	1,1	2,6	0,06	0,03	0,001	0,001	0,002	0,000486853	0,000404757	0,000977887	2,238E-05	1,11092E-05	3,70308E-07	3,65884E-07	7,31768E-07	0,001	0,001	0,002	0,001	0,001		0,002	0,001	0,001	5,094	3,794	0,001904455	0,001417602	5,1	1500	150	2.5	2.5	1600	656		70	0.03	0.01	0.075	30,80907766	30,80907766	3,8	0,068039391	0,068039391	34,60907766	0,619679099	0,619679099	9,882156985	9,882156985	13,68215699	0,244980429	0,244980429	1,1	0,020025487	0,040050974	30,94452081	15,4722604	35,70907766	0,659730073	NA	0.86	1	0,017	0,000274194	0,001370968	53	73,61	4,413907974	17	47,22	1,415781803	1,415781803	19	0,197793046	1,582344368	1,583715336	5,07	0,007893936	0,122137033	0,869969031	1,70	14,40372338	2,354813204	83,24146342	0.92	8	6	7.7	1100	0.1	0.01	-4,53	-4,53	-1,15	-1,15
CW_192	CW_192	CW1MF06_8_December_2025	S9829	Section_2	CW_1	CW_1_Section_2	CW_1_MF06	MF06	Wetland	CW1S2-3-4	0.60-0.80	0.60-0.80	515F806R	CW1MF06_8	True Sample	T8	T8_0.60-0.80	2025-12-16	Winter	150	65	3,75	192	14424776-005	CW1_MF06	16/12/2025	9,7	10	650	0,249647932	100	0,039070979	410	0,16219271	150	0,059338796	180	0,071206556	330		1490,00	0,45	1600	0,599204182	NA	NA	NA	NA	NA	NA	NA	NA	NA	NA	NA	NA	NA	NA	NA	NA	NA	NA	NA	NA	1500	4	100	23	13	2,2	0,12	0,06	0,561753921	0,001471844	0,03761105	0,008578992	0,004814004	0,000814678	4,39061E-05	2,1953E-05	0,001	0,001	0,002	0,001	0,001		0,002	0,001	0,001	1642,38	142,38	0,615110348	0,053356427	1600	3400	980	2.5	2.5	4400	3.090		71	0.03	0.01	0.075	11,04476369	11,04476369	0,8	0,014324082	0,014324082	11,84476369	0,212081713	0,212081713	6,975640225	6,975640225	7,775640225	0,139223639	0,139223639	1,1	0,020025487	0,040050974	10,59058956	5,295294779	12,94476369	0,252132687	NA	0.71	1	0,017	0,000274194	0,001370968	19	26,39	1,582344368	12	18,46	0,99937539	0,99937539	53	0,551738497	4,413907974	4,415278942	1,83	0,021832366	0,115608812	0,862558822	1,18	11,8121273	3,398037913	84,78983479	0.92	9	-109	7.7	1150	0.1	0.01	-0,78	-0,73	-0,13	-0,08
CW_193	CW_193	CW1MF09_8_December_2025	S9830	Section_3	CW_1	CW_1_Section_3	CW_1_MF09	MF09	Wetland	CW1S3-1	0.15-0.30	0.15-0.30	515F806R	CW1MF09_8	True Sample	T8	T8_0.15-0.30	2025-12-16	Winter	150	65	6,15	193	14424776-006	CW1_MF09	16/12/2025	9,8	10	430	0,165151709	10	0,003907098	90	0,035603278	14	0,005538288	1	0,000395592	21		551,00	0,20	1300	0,486853398	NA	NA	NA	NA	NA	NA	NA	NA	NA	NA	NA	NA	NA	NA	NA	NA	NA	NA	NA	NA	500	2	2	1	0,2	0,2	0,2	0,4	0,187251307	0,000735922	0,000752221	0,000373	7,40616E-05	7,40616E-05	7,31768E-05	0,000146354	0,2	0,2	0,4	0,2	0,2		0,4	0,2	0,2	506	6	0,189480103	0,002228796	500	2200	170	2.5	2.5	2400	1.051		68	0.03	0.01	0.075	41,56318967	41,56318967	7,8	0,139659803	0,139659803	49,36318967	0,883852993	0,883852993	10,75411201	10,75411201	18,55411201	0,332213286	0,332213286	1,9	0,034589478	0,069178955	25,55265522	12,77632761	51,26318967	0,953031948	NA	0.69	1	0,017	0,000274194	0,001370968	71,5	99,31	5,954611701	18,5	97,37	1,540703727	1,540703727	0,5	0,00520508	0,041640641	0,043011609	6,91	0,010014841	0,127952894	0,862032265	1,94	17,10591502	3,562077064	79,33200792	5.22	9	15.9	7.1	1087	0.1	0.01	-6,22	-6,21	-1,25	-1,25
CW_194	CW_194	CW1MF10_8_December_2025	S9831	Section_3	CW_1	CW_1_Section_3	CW_1_MF10	MF10	Wetland	CW1S3-3-4	0.60-0.80	0.60-0.80	515F806R	CW1MF10_8	True Sample	T8	T8_0.60-0.80	2025-12-16	Winter	150	65	4,05	194	14424776-007	CW1_MF10	16/12/2025	11	12	710	0,272692357	31	0,012112003	410	0,16219271	140	0,055382877	140	0,055382877	280		1431,00	0,45	1600	0,599204182	NA	NA	NA	NA	NA	NA	NA	NA	NA	NA	NA	NA	NA	NA	NA	NA	NA	NA	NA	NA	1300	3,6	120	27	11	1,7	0,07	0,03	0,486853398	0,00132466	0,04513326	0,01007099	0,004073388	0,000629524	2,56119E-05	1,09765E-05	0,001	0,001	0,002	0,001	0,001		0,002	0,001	0,001	1463,4	163,4	0,548121808	0,06126841	1400	3000	950	2.5	2.5	4000	2.831		71	0.03	0.01	0.075	13,95128045	13,95128045	0,4	0,007162041	0,007162041	14,35128045	0,256961154	0,256961154	2,90651676	2,90651676	3,30651676	0,059203523	0,059203523	1,2	0,021845986	0,043691972	11,76239682	5,881198412	15,55128045	0,300653126	NA	0.47	1	0,017	0,000274194	0,001370968	24	33,33	1,998750781	5	9,43	0,416406413	0,416406413	48	0,499687695	3,997501562	3,998872529	2,30	0,019001434	0,111751204	0,869247362	0,52	11,40059803	8,413597368	80,1858046	0.68	9	-104	7.6	1114	0.1	0.01	-1,25	-1,19	0,53	0,59
CW_195	CW_195	CW2MF01_8_December_2025	S9832	Section_1	CW_2	CW_2_Section_1	CW_2_MF01	MF01	Wetland	CW2S1-1	0.15-0.30	0.15-0.30	515F806R	CW2MF01_8	True Sample	T8	T8_0.15-0.30	2025-12-16	Winter	150	65	12,80	195	14424776-009	CW2_MF01	16/12/2025	4	4,3	2	0,000768147	0,3	0,000117213	2,7	0,001068098	0,97	0,000383724	0,9	0,000356033	1,87		6,87	0,00	1,4	0,000524304	NA	NA	NA	NA	NA	NA	NA	NA	NA	NA	NA	NA	NA	NA	NA	NA	NA	NA	NA	NA	0,02	0,01	0,25	0,005	0,001	0,001	0,001	0,002	7,49005E-06	3,67961E-06	9,40276E-05	1,865E-06	3,70308E-07	3,70308E-07	3,65884E-07	7,31768E-07	0,001	0,001	0,002	0,001	0,001		0,002	0,001	0,001	0,29	0,27	0,000108901	0,000101411	0,042	2.5	2.5	2.5	2.5	5	7		48	0.03	0.01	9.4	17,43910056	17,43910056	0,02	0,000358102	0,000358102	17,45910056	0,312606993	0,312606993	17,43910056	17,43910056	17,45910056	0,312606993	0,312606993	0,05	0,000910249	0,001820499	343,4300426	171,7150213	17,50910056	0,314427492	NA	0.29	123,5294118	2,1	0,033870968	0,169354839	30	41,67	2,498438476	30	41,67	2,498438476	2,498438476	42	0,437226733	3,497813866	3,667168705	2,81	0,000647204	0,111134692	0,888218104	2,81	11,1134692	0,064720425	88,82181037	1.19	12	1.7	7.7	574	0.1	0.01	-2,81	-2,81	-2,81	-2,81
CW_196	CW_196	CW2MF02_8_December_2025	S9833	Section_1	CW_2	CW_2_Section_1	CW_2_MF02	MF02	Wetland	CW2S1-3-4	0.60-0.80	0.60-0.80	515F806R	CW2MF02_8	True Sample	T8	T8_0.60-0.80	2025-12-16	Winter	150	65	7,65	196	14424776-010	CW2_MF02	16/12/2025	4,4	4,5	3	0,001152221	1	0,00039071	4,3	0,001701045	1,5	0,000593388	2,1	0,000830743	3,6		11,90	0,00	19	0,00711555	NA	NA	NA	NA	NA	NA	NA	NA	NA	NA	NA	NA	NA	NA	NA	NA	NA	NA	NA	NA	0,002	0,01	0,13	0,005	0,001	0,001	0,001	0,002	7,49005E-07	3,67961E-06	4,88944E-05	1,865E-06	3,70308E-07	3,70308E-07	3,65884E-07	7,31768E-07	0,001	0,001	0,002	0,001	0,001		0,002	0,001	0,001	0,152	0,15	5,70262E-05	5,62772E-05	0,042	2.5	2.5	2.5	2.5	5	12		49	0.03	0.01	13	22,08952738	22,08952738	0,02	0,000358102	0,000358102	22,10952738	0,395873364	0,395873364	22,08952738	22,08952738	22,10952738	0,395873364	0,395873364	0,05	0,000910249	0,001820499	434,9064777	217,4532388	22,15952738	0,397693863	NA	0.39	170,5882353	2,9	0,046774194	0,233870968	38	52,78	3,164688736	38	52,78	3,164688736	3,164688736	34	0,353945451	2,831563606	3,065434574	3,56	0,000511034	0,11112601	0,888362956	3,56	11,11260099	0,051103405	88,8362956	8.3	12	58	7.7	547	0.1	0.01	-3,55	-3,55	-3,55	-3,55
CW_197	CW_197	CW2MF05_8_December_2025	S9834	Section_2	CW_2	CW_2_Section_2	CW_2_MF05	MF05	Wetland	CW2S2-1	0.15-0.30	0.15-0.30	515F806R	CW2MF05_8	True Sample	T8	T8_0.15-0.30	2025-12-16	Winter	150	65	6,70	197	14425465-001	CW2_MF05	17/12/2025	7,3	7,5	21	0,008065549	2,8	0,001093987	48	0,018988415	22	0,008703023	9,2	0,003639446	31,2		103,00	0,03	93	0,034828743	NA	NA	NA	NA	NA	NA	NA	NA	NA	NA	NA	NA	NA	NA	NA	NA	NA	NA	NA	NA	92	0,11	0,34	0,08	0,04	0,001	0,001	0,002	0,03445424	4,04757E-05	0,000127878	2,984E-05	1,48123E-05	3,70308E-07	3,65884E-07	7,31768E-07	0,001	0,001	0,002	0,001	0,001		0,002	0,001	0,001	92,574	0,574	0,034668714	0,000214474	93	180	2.5	2.5	2.5	200	196		48	0.03	0.01	0.075	35,45950448	35,45950448	17	0,30438675	0,30438675	52,45950448	0,939292829	0,939292829	18,02040391	18,02040391	35,02040391	0,627043938	0,627043938	1,1	0,020025487	0,040050974	46,90486825	23,45243412	53,55950448	0,979343803	NA	1.2	1	0,017	0,000274194	0,001370968	61	84,72	5,080158234	31	73,81	2,581719758	2,581719758	11	0,114511763	0,916094108	0,917465076	6,06	0,006609615	0,155011554	0,838378831	3,25	19,30069891	1,232787279	79,46651381	7.91	9	52	7.7	669	0.1	0.01	-6,00	-6,00	-3,19	-3,19
CW_198	CW_198	CW2MF06_8_December_2025	S9835	Section_2	CW_2	CW_2_Section_2	CW_2_MF06	MF06	Wetland	CW2S2-3-4	0.60-0.80	0.60-0.80	515F806R	CW2MF06_8	True Sample	T8	T8_0.60-0.80	2025-12-16	Winter	150	65	4,00	198	14425465-002	CW2_MF06	17/12/2025	4,7	4,8	2,3	0,00088337	1,3	0,000507923	5,5	0,002175756	2,2	0,000870302	0,2	7,91184E-05	3,6		12,70	0,00	70	0,026215183	NA	NA	NA	NA	NA	NA	NA	NA	NA	NA	NA	NA	NA	NA	NA	NA	NA	NA	NA	NA	93	3,7	1	2,5	1,7	0,25	0,03	0,02	0,034828743	0,001361456	0,00037611	0,000932499	0,000629524	9,2577E-05	1,09765E-05	7,31768E-06	0,001	0,001	0,002	0,001	0,001		0,002	0,001	0,001	102,2	9,2	0,038239204	0,003410461	100	140	60	2.5	2.5	190	113		49	0.03	0.01	7	21,50822403	21,50822403	1	0,017905103	0,017905103	22,50822403	0,403012069	0,403012069	-0,581303352		1	0,017905103	0,017905103	0,05	0,000910249	0,001820499	442,7490585	221,3745292	22,55822403	0,404832567	NA	0.21	94,11764706	1,6	0,025806452	0,129032258	37	51,39	3,081407454	-1	-2,94	-0,083281283		35	0,364355611	2,914844889	3,043877147	3,49	0,000522195	0,115600781	0,883877024	0,02	90,77088325	9,229116748	0	2.61	10	-20	7.8	594	0.1	0.01	-3,46	-3,45	0,01	0,01
CW_199	CW_199	CW2MF09_8_December_2025	S9836	Section_3	CW_2	CW_2_Section_3	CW_2_MF09	MF09	Wetland	CW2S3-1	0.15-0.30	0.15-0.30	515F806R	CW2MF09_8	True Sample	T8	T8_0.15-0.30	2025-12-16	Winter	150	65	7,40	199	14425465-003	CW2_MF09	17/12/2025	18	18	59	0,022660351	5,7	0,002227046	59	0,023339927	32	0,012658943	24	0,009494207	56		179,70	0,05	620	0,232191621	NA	NA	NA	NA	NA	NA	NA	NA	NA	NA	NA	NA	NA	NA	NA	NA	NA	NA	NA	NA	470	0,16	0,39	0,07	0,03	0,001	0,001	0,002	0,176016228	5,88738E-05	0,000146683	2,611E-05	1,11092E-05	3,70308E-07	3,65884E-07	7,31768E-07	0,001	0,001	0,002	0,001	0,001		0,002	0,001	0,001	470,654	0,654	0,176260472	0,000244244	480	1200	2.5	2.5	2.5	1200	660		65	0.03	0.01	0.075	41,56318967	41,56318967	32	0,572963295	0,572963295	73,56318967	1,317156485	1,317156485	6,103685197	6,103685197	38,1036852	0,682250406	0,682250406	5,8	0,105588931	0,211177863	12,47438029	6,237190147	79,36318967	1,528334347	NA	1	1	0,017	0,000274194	0,001370968	71,5	99,31	5,954611701	10,5	95,45	0,874453467	0,874453467	0,5	0,00520508	0,041640641	0,043011609	7,48	0,028221219	0,176021112	0,795757668	1,77	38,59140533	11,94524829	49,46334638	7.62	10	88	7.6	1325	0.1	0.01	-7,20	-7,20	-1,49	-1,49
CW_200	CW_200	CW2MF10_8_December_2025	S9837	Section_3	CW_2	CW_2_Section_3	CW_2_MF10	MF10	Wetland	CW2S3-3-4	0.60-0.80	0.60-0.80	515F806R	CW2MF10_8	True Sample	T8	T8_0.60-0.80	2025-12-16	Winter	150	65	4,50	200	14425465-004	CW2_MF10	17/12/2025	5,4	5,6	21	0,008065549	3,6	0,001406555	33	0,013054535	11	0,004351512	9	0,003560328	20		77,60	0,02	250	0,093625653	NA	NA	NA	NA	NA	NA	NA	NA	NA	NA	NA	NA	NA	NA	NA	NA	NA	NA	NA	NA	200	2,6	39	1	4,1	0,5	0,04	0,02	0,074900523	0,000956699	0,014668309	0,000373	0,001518263	0,000185154	1,46354E-05	7,31768E-06	0,001	0,001	0,002	0,001	0,001		0,002	0,001	0,001	247,26	47,26	0,092623901	0,017723378	250	490	300	2.5	2.5	800	328		46	0.03	0.01	0.075	21,50822403	21,50822403	3,4	0,06087735	0,06087735	24,90822403	0,445984316	0,445984316	0	0	3,4	0,06087735	0,06087735	1,8	0,032768979	0,065537957	13,6099547	6,804977349	26,70822403	0,511522273	NA	0.24	1	0,017	0,000274194	0,001370968	37	51,39	3,081407454	0	0,00	0	0	35	0,364355611	2,914844889	2,916215856	3,59	0,018240812	0,124128316	0,857630872	0,13	48,15662856	51,84337144	0	0.85	10	-24	7.6	703	0.1	0.01	-3,48	-3,46	-0,01	0,01
CW_201	CW_201	CW3MF01_8_December_2025	S9838	Section_1	CW_3	CW_3_Section_1	CW_3_MF01	MF01	Wetland	CW3S1-1	0.15-0.30	0.15-0.30	515F806R	CW3MF01_8	True Sample	T8	T8_0.15-0.30	2025-12-16	Winter	150	65	6,45	201	14425465-005	CW3_MF01	17/12/2025	12	13	380	0,145948022	15	0,005860647	150	0,059338796	40	0,015823679	2	0,000791184	54		599,00	0,21	1400	0,524303659	NA	NA	NA	NA	NA	NA	NA	NA	NA	NA	NA	NA	NA	NA	NA	NA	NA	NA	NA	NA	1000	0,2	0,16	0,005	0,02	0,001	0,001	0,002	0,374502614	7,35922E-05	6,01777E-05	1,865E-06	7,40616E-06	3,70308E-07	3,65884E-07	7,31768E-07	0,001	0,001	0,002	0,001	0,001		0,002	0,001	0,001	1000,389	0,389	0,374647123	0,000144509	1000	2200	25	2.5	2.5	2200	1.599		68	0.03	0.01	0.075	41,56318967	41,56318967	15	0,268576544	0,268576544	56,56318967	1,012769735	1,012769735	41,56318967	41,56318967	56,56318967	1,012769735	1,012769735	2,2	0,040050974	0,080101948	25,28701887	12,64350944	58,76318967	1,092871682	NA	0.7	1	0,017	0,000274194	0,001370968	71,5	99,31	5,954611701	71,5	99,31	5,954611701	5,954611701	0,5	0,00520508	0,041640641	0,043011609	7,05	0,011366036	0,14370658	0,844927384	7,05	14,370658	1,136603573	84,49273843	6.01	9	33	7.3	1081	0.1	0.01	-6,31	-6,31	-6,31	-6,31
CW_202	CW_202	CW3MF02_8_December_2025	S9839	Section_1	CW_3	CW_3_Section_1	CW_3_MF02	MF02	Wetland	CW3S1-3-4	0.60-0.80	0.60-0.80	515F806R	CW3MF02_8	True Sample	T8	T8_0.60-0.80	2025-12-16	Winter	150	65	4,00	202	14425465-006	CW3_MF02	17/12/2025	15	17	820	0,314940469	180	0,070327762	580	0,229443346	230	0,090986154	260	0,102853914	490		2070,00	0,61	2200	0,82390575	NA	NA	NA	NA	NA	NA	NA	NA	NA	NA	NA	NA	NA	NA	NA	NA	NA	NA	NA	NA	2300	4	130	35	21	0,4	0,83	0,86	0,861356012	0,001471844	0,048894365	0,013054987	0,007776469	0,000148123	0,000303684	0,00031466	0,01	0,01	0,002	0,001	0,001		0,002	0,001	0,001	2492,09	192,09	0,933320144	0,071964132	2500	4900	1400	2.5	2.5	6300	4.570		71	0.03	0.01	0.075	10,46346034	10,46346034	0,2	0,003581021	0,003581021	10,66346034	0,190930355	0,190930355	10,46346034	10,46346034	10,66346034	0,190930355	0,190930355	0,8	0,014563991	0,029127981	13,10975551	6,554877757	11,46346034	0,220058336	NA	0.59	1	0,017	0,000274194	0,001370968	18	25,00	1,499063086	18	25,00	1,499063086	1,499063086	54	0,562148657	4,497189257	4,498560224	1,72	0,016943527	0,111062751	0,871993721	1,72	11,10627515	1,694352749	87,19937211	2.22	10	-92	7.5	1138	0.1	0.01	-0,28	-0,21	-0,28	-0,21
CW_203	CW_203	CW3MF05_8_December_2025	S9840	Section_2	CW_3	CW_3_Section_2	CW_3_MF05	MF05	Wetland	CW3S2-1	0.15-0.30	0.15-0.30	515F806R	CW3MF05_8	True Sample	T8	T8_0.15-0.30	2025-12-16	Winter	150	65	10,50	203	14425465-007	CW3_MF05	17/12/2025	1,9	2,3	1,4	0,000537703	0,02	7,8142E-06	1,7	0,000672506	0,47	0,000185928	0,31	0,000122634	0,78		4,02	0,00	9,9	0,003707576	NA	NA	NA	NA	NA	NA	NA	NA	NA	NA	NA	NA	NA	NA	NA	NA	NA	NA	NA	NA	8,1	0,01	0,01	0,005	0,001	0,001	0,001	0,002	0,003033471	3,67961E-06	3,7611E-06	1,865E-06	3,70308E-07	3,70308E-07	3,65884E-07	7,31768E-07	0,001	0,001	0,002	0,001	0,001		0,002	0,001	0,001	8,13	0,03	0,003044615	1,1144E-05	8,1	2.5	2.5	2.5	2.5	5	12		70	0.03	0.01	0.075	21,50822403	21,50822403	3,4	0,06087735	0,06087735	24,90822403	0,445984316	0,445984316	-20,05496565		3,4	0,06087735	0,06087735	8,3	0,151101402	0,302202804	2,951556441	1,47577822	33,20822403	0,748187119	NA	0.015	1	0,017	0,000274194	0,001370968	37	51,39	3,081407454	-34,5	-6900,00	-2,873204247		35	0,364355611	2,914844889	2,916215856	3,83	0,07891248	0,116457319	0,804630202	0,36	16,76691756	83,23308244	0	1.69	9	26	7.3	1031	0.1	0.01	-3,82	-3,82	-0,36	-0,36
CW_204	CW_204	CW3MF06_8_December_2025	S9841	Section_2	CW_3	CW_3_Section_2	CW_3_MF06	MF06	Wetland	CW3S2-3-4	0.60-0.80	0.60-0.80	515F806R	CW3MF06_8	True Sample	T8	T8_0.60-0.80	2025-12-16	Winter	150	65	5,20	204	14425465-008	CW3_MF06	17/12/2025	7,4	11	520	0,199718346	95	0,03711743	240	0,094942074	110	0,043515117	110	0,043515117	220		1075,00	0,33	1300	0,486853398	NA	NA	NA	NA	NA	NA	NA	NA	NA	NA	NA	NA	NA	NA	NA	NA	NA	NA	NA	NA	1200	2	50	14	7,7	1,6	0,38	0,43	0,449403136	0,000735922	0,018805525	0,005221995	0,002851372	0,000592493	0,000139036	0,00015733	0,01	0,01	0,002	0,001	0,001		0,002	0,001	0,001	1276,11	76,11	0,477906809	0,028503673	1300	2100	510	2.5	2.5	2700	2.375		73	0.03	0.01	0.075	4,650426817	4,650426817	0,02	0,000358102	0,000358102	4,670426817	0,083624473	0,083624473	-5,813033521		0,02	0,000358102	0,000358102	0,8	0,014563991	0,029127981	5,741865377	2,870932688	5,470426817	0,112752454	NA	0.63	1	0,017	0,000274194	0,001370968	8	11,11	0,66625026	-10	-18,52	-0,832812825		64	0,66625026	5,330002082	5,33137305	0,78	0,037391373	0,107348115	0,855260512	0,03	1,214478225	98,78552177	0	3.32	9	-82	7.7	1107	0.1	0.01	0,04	0,07	0,79	0,82
CW_205	CW_205	CW3MF09_8_December_2025	S9842	Section_3	CW_3	CW_3_Section_3	CW_3_MF09	MF09	Wetland	CW3S3-1	0.15-0.30	0.15-0.30	515F806R	CW3MF09_8	True Sample	T8	T8_0.15-0.30	2025-12-16	Winter	150	65	8,25	205	14426548-002	CW3_MF09	18/12/2025	13	14	120	0,046088849	3,4	0,001328413	37	0,014636903	27	0,010680983	8,3	0,003283413	35,3		195,70	0,06	160	0,059920418	NA	NA	NA	NA	NA	NA	NA	NA	NA	NA	NA	NA	NA	NA	NA	NA	NA	NA	NA	NA	28	0,01	0,01	0,005	0,01	0,001	0,001	0,002	0,010486073	3,67961E-06	3,7611E-06	1,865E-06	3,70308E-06	3,70308E-07	3,65884E-07	7,31768E-07	0,001	0,001	0,002	0,001	0,001		0,002	0,001	0,001	28,039	0,039	0,01050055	1,44768E-05	28	360	2.5	2.5	2.5	370	224		43	0.03	0.01	0.075	41,56318967	41,56318967	31	0,555058192	0,555058192	72,56318967	1,299251382	1,299251382	20,05496565	20,05496565	51,05496565	0,914144416	0,914144416	4,9	0,089204442	0,178408884	14,56487314	7,282436572	77,46318967	1,477660266	NA	1.1	1	0,017	0,000274194	0,001370968	71,5	99,31	5,954611701	34,5	98,57	2,873204247	2,873204247	0,5	0,00520508	0,041640641	0,043011609	7,43	0,024004623	0,174812142	0,801183235	3,97	23,05094059	4,498734022	72,45032539	5.78	9	105	7.4	1110	0.1	0.01	-7,31	-7,31	-3,84	-3,84
CW_206	CW_206	CW3MF10_8_December_2025	S9843	Section_3	CW_3	CW_3_Section_3	CW_3_MF10	MF10	Wetland	CW3S3-3-4	0.60-0.80	0.60-0.80	515F806R	CW3MF10_8	True Sample	T8	T8_0.60-0.80	2025-12-16	Winter	150	65	5,40	206	14426548-003	CW3_MF10	18/12/2025	12	12	570	0,218922033	77	0,030084654	300	0,118677593	140	0,055382877	110	0,043515117	250		1197,00	0,37	1800	0,674104705	NA	NA	NA	NA	NA	NA	NA	NA	NA	NA	NA	NA	NA	NA	NA	NA	NA	NA	NA	NA	3100	2	85	18	11	1,5	0,48	0,33	1,160958103	0,000735922	0,031969392	0,006713994	0,004073388	0,000555462	0,000175624	0,000120742	0,001	0,001	0,002	0,001	0,001		0,002	0,001	0,001	3218,31	118,31	1,205302627	0,044344524	3300	3400	900	2.5	2.5	4300	4.497		68	0.03	0.01	0.075	13,3699771	13,3699771	0,6	0,010743062	0,010743062	13,9699771	0,250133878	0,250133878	8,719550281	8,719550281	9,319550281	0,166867507	0,166867507	1,2	0,021845986	0,043691972	11,44987827	5,724939137	15,1699771	0,29382585	NA	0.45	1	0,017	0,000274194	0,001370968	23	31,94	1,915469498	15	23,44	1,249219238	1,249219238	49	0,510097856	4,080782844	4,082153812	2,21	0,019776429	0,11321885	0,867004722	1,46	11,43101385	2,993054433	85,57593172	1.39	9	-71	7.7	1107	0.1	0.01	-1,17	-1,12	-0,42	-0,37
																																																																																																																																																																	
